// nextion_fonts.h - generated by decode_zi.py from TX_NEXTION.HMI; do not edit.
// 1-bpp glyph bitmaps, row-major, rows padded to whole bytes, MSB = leftmost pixel.
#pragma once
#include <stdint.h>
#ifdef ARDUINO
#include <pgmspace.h>
#else
#ifndef PROGMEM
#define PROGMEM
#endif
#endif

// Glyph bitmap is bitmap_width = width + kern_left + kern_right pixels wide, row_bytes = (bitmap_width+7)/8;
// draw it at x - kern_left, then advance x by width.
struct NextionGlyph { uint32_t offset; uint8_t width; uint8_t bitmap_width; uint8_t kern_left; uint8_t kern_right; };
struct NextionFont { uint8_t height; uint8_t first; uint8_t last; uint16_t count;
                     const NextionGlyph *glyphs; const uint8_t *bits; uint32_t bits_len; };

// font 0: Arial32Biso-8859-1  h=32  chars 32..255  (18048 bytes)
static const uint8_t nextion_font0_bits[18048] PROGMEM = {
  0x00,0x00,0x00,0x00,0x00,0x00,0x00,0x00,0x00,0x00,0x00,0x00,0x00,0x00,0x00,0x00,0x00,0x00,0x00,0x00,0x00,0x00,0x00,0x00,
  0x00,0x00,0x00,0x00,0x00,0x00,0x00,0x00,0x00,0x00,0x00,0x00,0x00,0x00,0x00,0x00,0x00,0x00,0x1e,0x00,0x1e,0x00,0x1e,0x00,
  0x1e,0x00,0x1e,0x00,0x1c,0x00,0x1c,0x00,0x1c,0x00,0x1c,0x00,0x1c,0x00,0x1c,0x00,0x1c,0x00,0x1c,0x00,0x1c,0x00,0x00,0x00,
  0x00,0x00,0x1c,0x00,0x1c,0x00,0x1c,0x00,0x1c,0x00,0x00,0x00,0x00,0x00,0x00,0x00,0x00,0x00,0x00,0x00,0x00,0x00,0x00,0x00,
  0x00,0x00,0x00,0x00,0x00,0x00,0x00,0x00,0x00,0x00,0x78,0xf0,0x78,0xf0,0x78,0xf0,0x78,0xf0,0x38,0xe0,0x38,0xe0,0x38,0xe0,
  0x00,0x00,0x00,0x00,0x00,0x00,0x00,0x00,0x00,0x00,0x00,0x00,0x00,0x00,0x00,0x00,0x00,0x00,0x00,0x00,0x00,0x00,0x00,0x00,
  0x00,0x00,0x00,0x00,0x00,0x00,0x00,0x00,0x00,0x00,0x00,0x00,0x00,0x00,0x00,0x00,0x00,0x00,0x00,0x00,0x00,0x00,0x00,0x00,
  0x00,0x00,0x07,0x1c,0x07,0x1c,0x07,0x1c,0x07,0x1c,0x06,0x18,0xff,0xfe,0xff,0xfe,0xff,0xfe,0x0e,0x38,0x0c,0x30,0x1c,0x70,
  0x1c,0x70,0xff,0xfe,0xff,0xfe,0xff,0xfe,0x38,0xe0,0x38,0xe0,0x38,0xe0,0x30,0xc0,0x71,0xc0,0x00,0x00,0x00,0x00,0x00,0x00,
  0x00,0x00,0x00,0x00,0x00,0x00,0x00,0x00,0x00,0x00,0x00,0x00,0x00,0x00,0x00,0x00,0x01,0x80,0x07,0xc0,0x1f,0xf0,0x3f,0xf8,
  0x3d,0xf8,0x39,0xbc,0x39,0x80,0x39,0x80,0x3f,0x80,0x3f,0x80,0x1f,0xf0,0x07,0xf8,0x03,0xfc,0x01,0xbc,0x01,0x9c,0x79,0x9c,
  0x79,0x9c,0x3f,0xbc,0x3f,0xf8,0x1f,0xf0,0x07,0xc0,0x01,0x80,0x01,0x80,0x00,0x00,0x00,0x00,0x00,0x00,0x00,0x00,0x00,0x00,
  0x00,0x00,0x00,0x00,0x00,0x00,0x00,0x00,0x00,0x00,0x00,0x00,0x00,0x00,0x00,0x00,0x00,0x00,0x00,0x00,0x0f,0x00,0xe0,0x00,
  0x3f,0x81,0xc0,0x00,0x39,0x81,0xc0,0x00,0x71,0xc3,0x80,0x00,0x71,0xc3,0x80,0x00,0x71,0xc7,0x00,0x00,0x71,0xc7,0x00,0x00,
  0x39,0x8e,0x00,0x00,0x3f,0x8e,0x00,0x00,0x0f,0x1c,0x00,0x00,0x00,0x1c,0x00,0x00,0x00,0x38,0x78,0x00,0x00,0x38,0xfc,0x00,
  0x00,0x71,0xce,0x00,0x00,0x71,0x8e,0x00,0x00,0xe1,0x8e,0x00,0x00,0xe1,0x8e,0x00,0x01,0xc1,0x8e,0x00,0x01,0xc1,0xce,0x00,
  0x03,0x80,0xfc,0x00,0x03,0x80,0x78,0x00,0x00,0x00,0x00,0x00,0x00,0x00,0x00,0x00,0x00,0x00,0x00,0x00,0x00,0x00,0x00,0x00,
  0x00,0x00,0x00,0x00,0x00,0x00,0x00,0x00,0x00,0x00,0x00,0x00,0x00,0x00,0x00,0x00,0x00,0x00,0x00,0x00,0x00,0x00,0x00,0x01,
  0xf0,0x00,0x07,0xf8,0x00,0x0f,0xfc,0x00,0x0f,0x1e,0x00,0x0e,0x0e,0x00,0x0f,0x1e,0x00,0x0f,0xbc,0x00,0x07,0xf8,0x00,0x03,
  0xf0,0x00,0x0f,0xe0,0x00,0x1f,0xf0,0x00,0x3e,0xf9,0xc0,0x3c,0x7f,0xc0,0x78,0x3f,0xc0,0x78,0x1f,0x80,0x78,0x1f,0x80,0x3c,
  0x3f,0xc0,0x3f,0xff,0xe0,0x1f,0xf9,0xe0,0x07,0xe0,0x40,0x00,0x00,0x00,0x00,0x00,0x00,0x00,0x00,0x00,0x00,0x00,0x00,0x00,
  0x00,0x00,0x00,0x00,0x00,0x00,0x00,0x00,0x00,0x00,0x00,0x00,0x00,0x78,0x78,0x78,0x78,0x38,0x38,0x38,0x00,0x00,0x00,0x00,
  0x00,0x00,0x00,0x00,0x00,0x00,0x00,0x00,0x00,0x00,0x00,0x00,0x00,0x00,0x00,0x00,0x00,0x00,0x00,0x00,0x00,0x00,0x00,0x00,
  0x00,0x00,0x07,0x00,0x06,0x00,0x0e,0x00,0x0e,0x00,0x1c,0x00,0x1c,0x00,0x3c,0x00,0x3c,0x00,0x38,0x00,0x38,0x00,0x38,0x00,
  0x78,0x00,0x78,0x00,0x78,0x00,0x78,0x00,0x38,0x00,0x38,0x00,0x38,0x00,0x3c,0x00,0x3c,0x00,0x1c,0x00,0x1c,0x00,0x0e,0x00,
  0x0e,0x00,0x06,0x00,0x07,0x00,0x00,0x00,0x00,0x00,0x00,0x00,0x00,0x00,0x00,0x00,0x00,0x00,0x70,0x00,0x38,0x00,0x38,0x00,
  0x1c,0x00,0x1c,0x00,0x1e,0x00,0x1e,0x00,0x0e,0x00,0x0e,0x00,0x0f,0x00,0x0f,0x00,0x0f,0x00,0x0f,0x00,0x0f,0x00,0x0f,0x00,
  0x0f,0x00,0x0f,0x00,0x0e,0x00,0x0e,0x00,0x1e,0x00,0x1e,0x00,0x1c,0x00,0x1c,0x00,0x38,0x00,0x38,0x00,0x30,0x00,0x00,0x00,
  0x00,0x00,0x00,0x00,0x00,0x00,0x00,0x00,0x00,0x00,0x0c,0x00,0x0c,0x00,0x4c,0xc0,0x7f,0xc0,0x1e,0x00,0x1e,0x00,0x3b,0x00,
  0x73,0x80,0x21,0x00,0x00,0x00,0x00,0x00,0x00,0x00,0x00,0x00,0x00,0x00,0x00,0x00,0x00,0x00,0x00,0x00,0x00,0x00,0x00,0x00,
  0x00,0x00,0x00,0x00,0x00,0x00,0x00,0x00,0x00,0x00,0x00,0x00,0x00,0x00,0x00,0x00,0x00,0x00,0x00,0x00,0x00,0x00,0x00,0x00,
  0x00,0x00,0x00,0x00,0x00,0x00,0x00,0x00,0x00,0x00,0x00,0x00,0x00,0x00,0x00,0x00,0x03,0xc0,0x00,0x03,0xc0,0x00,0x03,0xc0,
  0x00,0x03,0xc0,0x00,0x03,0xc0,0x00,0x7f,0xfe,0x00,0x7f,0xfe,0x00,0x7f,0xfe,0x00,0x7f,0xfe,0x00,0x03,0xc0,0x00,0x03,0xc0,
  0x00,0x03,0xc0,0x00,0x03,0xc0,0x00,0x03,0xc0,0x00,0x00,0x00,0x00,0x00,0x00,0x00,0x00,0x00,0x00,0x00,0x00,0x00,0x00,0x00,
  0x00,0x00,0x00,0x00,0x00,0x00,0x00,0x00,0x00,0x00,0x00,0x00,0x00,0x00,0x00,0x00,0x00,0x00,0x00,0x00,0x00,0x00,0x00,0x00,
  0x00,0x00,0x00,0x00,0x00,0x00,0x00,0x00,0x00,0x00,0x00,0x00,0x00,0x3c,0x3c,0x3c,0x3c,0x0c,0x0c,0x18,0x38,0x20,0x00,0x00,
  0x00,0x00,0x00,0x00,0x00,0x00,0x00,0x00,0x00,0x00,0x00,0x00,0x00,0x00,0x00,0x00,0x00,0x00,0x00,0x00,0x00,0x00,0x00,0x00,
  0x00,0x00,0x00,0x00,0x00,0x00,0x00,0x00,0x7f,0x80,0x7f,0x80,0x7f,0x80,0x7f,0x80,0x00,0x00,0x00,0x00,0x00,0x00,0x00,0x00,
  0x00,0x00,0x00,0x00,0x00,0x00,0x00,0x00,0x00,0x00,0x00,0x00,0x00,0x00,0x00,0x00,0x00,0x00,0x00,0x00,0x00,0x00,0x00,0x00,
  0x00,0x00,0x00,0x00,0x00,0x00,0x00,0x00,0x00,0x00,0x00,0x00,0x00,0x3c,0x3c,0x3c,0x3c,0x00,0x00,0x00,0x00,0x00,0x00,0x00,
  0x00,0x00,0x00,0x00,0x00,0x07,0x06,0x0e,0x0e,0x0e,0x0c,0x1c,0x1c,0x1c,0x18,0x38,0x38,0x38,0x30,0x70,0x70,0x70,0x60,0x60,
  0xe0,0x00,0x00,0x00,0x00,0x00,0x00,0x00,0x00,0x00,0x00,0x00,0x00,0x00,0x00,0x00,0x00,0x00,0x07,0xc0,0x0f,0xf0,0x1f,0xf0,
  0x3f,0xf8,0x3c,0x78,0x38,0x3c,0x78,0x3c,0x78,0x3c,0x78,0x3c,0x78,0x3c,0x78,0x3c,0x78,0x3c,0x78,0x3c,0x78,0x3c,0x38,0x3c,
  0x3c,0x78,0x3f,0xf8,0x1f,0xf0,0x0f,0xf0,0x07,0xc0,0x00,0x00,0x00,0x00,0x00,0x00,0x00,0x00,0x00,0x00,0x00,0x00,0x00,0x00,
  0x00,0x00,0x00,0x00,0x00,0x00,0x00,0x00,0x00,0x00,0x00,0xe0,0x01,0xe0,0x03,0xe0,0x07,0xe0,0x0f,0xe0,0x3f,0xe0,0x3d,0xe0,
  0x39,0xe0,0x21,0xe0,0x01,0xe0,0x01,0xe0,0x01,0xe0,0x01,0xe0,0x01,0xe0,0x01,0xe0,0x01,0xe0,0x01,0xe0,0x01,0xe0,0x01,0xe0,
  0x01,0xe0,0x00,0x00,0x00,0x00,0x00,0x00,0x00,0x00,0x00,0x00,0x00,0x00,0x00,0x00,0x00,0x00,0x00,0x00,0x00,0x00,0x00,0x00,
  0x00,0x00,0x07,0xe0,0x1f,0xf0,0x1f,0xf8,0x3f,0xfc,0x3c,0x3c,0x78,0x3c,0x38,0x3c,0x00,0x3c,0x00,0x38,0x00,0x78,0x00,0xf0,
  0x01,0xe0,0x03,0xc0,0x07,0x00,0x0e,0x00,0x1c,0x00,0x3f,0xfc,0x7f,0xfc,0x7f,0xfc,0x7f,0xfc,0x00,0x00,0x00,0x00,0x00,0x00,
  0x00,0x00,0x00,0x00,0x00,0x00,0x00,0x00,0x00,0x00,0x00,0x00,0x00,0x00,0x00,0x00,0x00,0x00,0x07,0xc0,0x0f,0xf0,0x1f,0xf0,
  0x3f,0xf8,0x3c,0x78,0x38,0x38,0x00,0x78,0x00,0x78,0x01,0xf0,0x01,0xe0,0x03,0xf8,0x00,0x78,0x00,0x3c,0x38,0x3c,0x78,0x3c,
  0x3c,0x7c,0x3f,0xfc,0x1f,0xf8,0x0f,0xf0,0x07,0xc0,0x00,0x00,0x00,0x00,0x00,0x00,0x00,0x00,0x00,0x00,0x00,0x00,0x00,0x00,
  0x00,0x00,0x00,0x00,0x00,0x00,0x00,0x00,0x00,0x00,0x00,0x70,0x00,0xf0,0x00,0xf0,0x01,0xf0,0x03,0xf0,0x03,0xf0,0x07,0xf0,
  0x0f,0x70,0x0e,0x70,0x1c,0x70,0x3c,0x70,0x38,0x70,0x70,0x70,0x7f,0xfe,0x7f,0xfe,0x7f,0xfe,0x00,0x70,0x00,0x70,0x00,0x70,
  0x00,0x70,0x00,0x00,0x00,0x00,0x00,0x00,0x00,0x00,0x00,0x00,0x00,0x00,0x00,0x00,0x00,0x00,0x00,0x00,0x00,0x00,0x00,0x00,
  0x00,0x00,0x0f,0xfc,0x1f,0xfc,0x1f,0xfc,0x1f,0xfc,0x1c,0x00,0x1c,0x00,0x1c,0x00,0x3f,0xe0,0x3f,0xf0,0x3f,0xf8,0x3f,0xfc,
  0x38,0x3c,0x00,0x1c,0x00,0x1c,0x38,0x1c,0x7c,0x3c,0x3f,0xfc,0x3f,0xf8,0x1f,0xf0,0x07,0xc0,0x00,0x00,0x00,0x00,0x00,0x00,
  0x00,0x00,0x00,0x00,0x00,0x00,0x00,0x00,0x00,0x00,0x00,0x00,0x00,0x00,0x00,0x00,0x00,0x00,0x03,0xe0,0x0f,0xf0,0x1f,0xf8,
  0x3f,0xf8,0x3c,0x3c,0x3c,0x3c,0x38,0x00,0x79,0xe0,0x7f,0xf0,0x7f,0xf8,0x7f,0xfc,0x7c,0x3c,0x78,0x1c,0x78,0x1c,0x3c,0x1c,
  0x3c,0x3c,0x3f,0xfc,0x1f,0xf8,0x0f,0xf0,0x03,0xe0,0x00,0x00,0x00,0x00,0x00,0x00,0x00,0x00,0x00,0x00,0x00,0x00,0x00,0x00,
  0x00,0x00,0x00,0x00,0x00,0x00,0x00,0x00,0x00,0x00,0x7f,0xfc,0x7f,0xfc,0x7f,0xfc,0x7f,0xfc,0x00,0x38,0x00,0x70,0x00,0xe0,
  0x01,0xe0,0x01,0xc0,0x03,0xc0,0x03,0x80,0x03,0x80,0x07,0x80,0x07,0x00,0x07,0x00,0x0f,0x00,0x0f,0x00,0x0f,0x00,0x0e,0x00,
  0x0e,0x00,0x00,0x00,0x00,0x00,0x00,0x00,0x00,0x00,0x00,0x00,0x00,0x00,0x00,0x00,0x00,0x00,0x00,0x00,0x00,0x00,0x00,0x00,
  0x00,0x00,0x07,0xc0,0x1f,0xf0,0x3f,0xf8,0x3c,0x78,0x38,0x3c,0x38,0x3c,0x38,0x3c,0x3c,0x78,0x1f,0xf0,0x0f,0xe0,0x1f,0xf8,
  0x3c,0x78,0x78,0x3c,0x78,0x3c,0x78,0x3c,0x78,0x3c,0x3c,0x7c,0x3f,0xf8,0x1f,0xf0,0x07,0xc0,0x00,0x00,0x00,0x00,0x00,0x00,
  0x00,0x00,0x00,0x00,0x00,0x00,0x00,0x00,0x00,0x00,0x00,0x00,0x00,0x00,0x00,0x00,0x00,0x00,0x07,0xc0,0x1f,0xe0,0x3f,0xf0,
  0x3f,0xf8,0x78,0x78,0x78,0x3c,0x78,0x3c,0x78,0x3c,0x7c,0x7c,0x3f,0xfc,0x3f,0xfc,0x1f,0xfc,0x0f,0xbc,0x00,0x3c,0x38,0x3c,
  0x3c,0x78,0x3f,0xf8,0x3f,0xf0,0x1f,0xe0,0x07,0x80,0x00,0x00,0x00,0x00,0x00,0x00,0x00,0x00,0x00,0x00,0x00,0x00,0x00,0x00,
  0x00,0x00,0x00,0x00,0x00,0x00,0x00,0x00,0x00,0x00,0x00,0x00,0x00,0x00,0x00,0x00,0x00,0x00,0x00,0x00,0x1e,0x00,0x1e,0x00,
  0x1e,0x00,0x1e,0x00,0x00,0x00,0x00,0x00,0x00,0x00,0x00,0x00,0x00,0x00,0x00,0x00,0x00,0x00,0x1e,0x00,0x1e,0x00,0x1e,0x00,
  0x1e,0x00,0x00,0x00,0x00,0x00,0x00,0x00,0x00,0x00,0x00,0x00,0x00,0x00,0x00,0x00,0x00,0x00,0x00,0x00,0x00,0x00,0x00,0x00,
  0x00,0x00,0x00,0x00,0x00,0x00,0x00,0x00,0x00,0x00,0x00,0x00,0x1e,0x00,0x1e,0x00,0x1e,0x00,0x1e,0x00,0x00,0x00,0x00,0x00,
  0x00,0x00,0x00,0x00,0x00,0x00,0x00,0x00,0x00,0x00,0x1e,0x00,0x1e,0x00,0x1e,0x00,0x1c,0x00,0x04,0x00,0x0c,0x00,0x0c,0x00,
  0x18,0x00,0x10,0x00,0x00,0x00,0x00,0x00,0x00,0x00,0x00,0x00,0x00,0x00,0x00,0x00,0x00,0x00,0x00,0x00,0x00,0x00,0x00,0x00,
  0x00,0x00,0x00,0x00,0x00,0x00,0x00,0x00,0x00,0x02,0x00,0x00,0x0e,0x00,0x00,0x7e,0x00,0x01,0xfe,0x00,0x07,0xf8,0x00,0x3f,
  0xe0,0x00,0x7f,0x00,0x00,0x7c,0x00,0x00,0x7f,0x00,0x00,0x3f,0xe0,0x00,0x07,0xf8,0x00,0x01,0xfe,0x00,0x00,0x7e,0x00,0x00,
  0x0e,0x00,0x00,0x02,0x00,0x00,0x00,0x00,0x00,0x00,0x00,0x00,0x00,0x00,0x00,0x00,0x00,0x00,0x00,0x00,0x00,0x00,0x00,0x00,
  0x00,0x00,0x00,0x00,0x00,0x00,0x00,0x00,0x00,0x00,0x00,0x00,0x00,0x00,0x00,0x00,0x00,0x00,0x00,0x00,0x00,0x00,0x00,0x00,
  0x00,0x00,0x00,0x00,0x00,0x00,0x00,0x00,0x00,0x00,0x00,0x00,0x00,0x00,0x7f,0xfe,0x00,0x7f,0xfe,0x00,0x7f,0xfe,0x00,0x7f,
  0xfe,0x00,0x00,0x00,0x00,0x00,0x00,0x00,0x00,0x00,0x00,0x7f,0xfe,0x00,0x7f,0xfe,0x00,0x7f,0xfe,0x00,0x7f,0xfe,0x00,0x00,
  0x00,0x00,0x00,0x00,0x00,0x00,0x00,0x00,0x00,0x00,0x00,0x00,0x00,0x00,0x00,0x00,0x00,0x00,0x00,0x00,0x00,0x00,0x00,0x00,
  0x00,0x00,0x00,0x00,0x00,0x00,0x00,0x00,0x00,0x00,0x00,0x00,0x00,0x00,0x00,0x00,0x00,0x00,0x00,0x00,0x00,0x00,0x00,0x00,
  0x00,0x00,0x00,0x00,0x00,0x00,0x00,0x00,0x40,0x00,0x00,0x78,0x00,0x00,0x7e,0x00,0x00,0x7f,0x80,0x00,0x1f,0xf0,0x00,0x03,
  0xfc,0x00,0x00,0xfe,0x00,0x00,0x3e,0x00,0x00,0xfe,0x00,0x03,0xfc,0x00,0x1f,0xf0,0x00,0x7f,0x80,0x00,0x7e,0x00,0x00,0x78,
  0x00,0x00,0x40,0x00,0x00,0x00,0x00,0x00,0x00,0x00,0x00,0x00,0x00,0x00,0x00,0x00,0x00,0x00,0x00,0x00,0x00,0x00,0x00,0x00,
  0x00,0x00,0x00,0x00,0x00,0x00,0x00,0x00,0x00,0x00,0x00,0x00,0x00,0x00,0x00,0x00,0x00,0x00,0x00,0x00,0x00,0x00,0x00,0x03,
  0xf0,0x00,0x0f,0xfc,0x00,0x1f,0xfe,0x00,0x3e,0x1e,0x00,0x3c,0x0f,0x00,0x38,0x0f,0x00,0x00,0x0f,0x00,0x00,0x1e,0x00,0x00,
  0x3e,0x00,0x00,0xf8,0x00,0x00,0xf0,0x00,0x01,0xe0,0x00,0x01,0xc0,0x00,0x01,0xc0,0x00,0x00,0x00,0x00,0x00,0x00,0x00,0x01,
  0xc0,0x00,0x01,0xc0,0x00,0x01,0xc0,0x00,0x01,0xc0,0x00,0x00,0x00,0x00,0x00,0x00,0x00,0x00,0x00,0x00,0x00,0x00,0x00,0x00,
  0x00,0x00,0x00,0x00,0x00,0x00,0x00,0x00,0x00,0x00,0x00,0x00,0x00,0x00,0x00,0x00,0x00,0x00,0x00,0x00,0x00,0x00,0x00,0x00,
  0x00,0x00,0x00,0x00,0x00,0x1f,0xc0,0x00,0x00,0xff,0xf8,0x00,0x01,0xff,0xfe,0x00,0x07,0xe0,0x1f,0x00,0x0f,0x00,0x07,0x80,
  0x0e,0x1e,0x7b,0x80,0x1c,0x7f,0x71,0xc0,0x38,0xff,0xf1,0xc0,0x38,0xff,0xf0,0xc0,0x31,0xf1,0xf0,0xc0,0x71,0xe0,0xf0,0xc0,
  0x73,0xc0,0xe0,0xc0,0x63,0xc0,0xe0,0xc0,0x63,0xc0,0xe1,0xc0,0x63,0xc1,0xe1,0x80,0x63,0xc3,0xe3,0x80,0x73,0xff,0xe7,0x00,
  0x71,0xff,0xfe,0x00,0x30,0xfd,0xfc,0x00,0x38,0x78,0xf0,0x00,0x38,0x00,0x00,0xe0,0x1c,0x00,0x01,0xc0,0x0f,0x00,0x03,0xc0,
  0x07,0xc0,0x1f,0x80,0x03,0xff,0xff,0x00,0x00,0xff,0xfc,0x00,0x00,0x1f,0xe0,0x00,0x00,0x00,0x00,0x00,0x00,0x00,0x00,0x00,
  0x00,0x00,0x00,0x00,0x00,0x00,0x00,0x01,0xf0,0x00,0x01,0xf8,0x00,0x01,0xf8,0x00,0x03,0xfc,0x00,0x03,0xfc,0x00,0x03,0x9c,
  0x00,0x07,0x9e,0x00,0x07,0x9e,0x00,0x0f,0x0f,0x00,0x0f,0x0f,0x00,0x0f,0x0f,0x00,0x1e,0x07,0x80,0x1f,0xff,0x80,0x1f,0xff,
  0x80,0x3f,0xff,0xc0,0x3c,0x03,0xc0,0x78,0x03,0xe0,0x78,0x01,0xe0,0x78,0x01,0xe0,0xf0,0x00,0xf0,0x00,0x00,0x00,0x00,0x00,
  0x00,0x00,0x00,0x00,0x00,0x00,0x00,0x00,0x00,0x00,0x00,0x00,0x00,0x00,0x00,0x00,0x00,0x00,0x00,0x00,0x00,0x00,0x00,0x00,
  0x00,0x00,0x00,0x00,0x00,0x00,0x00,0x3f,0xfe,0x00,0x3f,0xff,0x80,0x3f,0xff,0x80,0x3f,0xff,0xc0,0x3c,0x03,0xc0,0x3c,0x03,
  0xc0,0x3c,0x03,0xc0,0x3c,0x03,0xc0,0x3f,0xff,0x80,0x3f,0xff,0x00,0x3f,0xff,0x80,0x3f,0xff,0xc0,0x3c,0x03,0xe0,0x3c,0x01,
  0xe0,0x3c,0x01,0xe0,0x3c,0x03,0xe0,0x3f,0xff,0xc0,0x3f,0xff,0xc0,0x3f,0xff,0x80,0x3f,0xfe,0x00,0x00,0x00,0x00,0x00,0x00,
  0x00,0x00,0x00,0x00,0x00,0x00,0x00,0x00,0x00,0x00,0x00,0x00,0x00,0x00,0x00,0x00,0x00,0x00,0x00,0x00,0x00,0x00,0x00,0x00,
  0x00,0x00,0x00,0x00,0x00,0x00,0x00,0x00,0xfc,0x00,0x07,0xff,0x00,0x0f,0xff,0x80,0x1f,0xff,0xc0,0x1f,0x07,0xc0,0x3e,0x03,
  0xc0,0x3c,0x01,0x00,0x3c,0x00,0x00,0x78,0x00,0x00,0x78,0x00,0x00,0x78,0x00,0x00,0x78,0x00,0x00,0x3c,0x01,0x80,0x3c,0x01,
  0xe0,0x3e,0x03,0xc0,0x1f,0x07,0xc0,0x1f,0xff,0x80,0x0f,0xff,0x80,0x07,0xfe,0x00,0x00,0xf8,0x00,0x00,0x00,0x00,0x00,0x00,
  0x00,0x00,0x00,0x00,0x00,0x00,0x00,0x00,0x00,0x00,0x00,0x00,0x00,0x00,0x00,0x00,0x00,0x00,0x00,0x00,0x00,0x00,0x00,0x00,
  0x00,0x00,0x00,0x00,0x00,0x00,0x00,0x3f,0xf8,0x00,0x3f,0xfe,0x00,0x3f,0xff,0x80,0x3f,0xff,0x80,0x3c,0x0f,0xc0,0x3c,0x03,
  0xc0,0x3c,0x03,0xe0,0x3c,0x01,0xe0,0x3c,0x01,0xe0,0x3c,0x01,0xe0,0x3c,0x01,0xe0,0x3c,0x01,0xe0,0x3c,0x01,0xe0,0x3c,0x03,
  0xe0,0x3c,0x03,0xc0,0x3c,0x07,0xc0,0x3f,0xff,0x80,0x3f,0xff,0x80,0x3f,0xfe,0x00,0x3f,0xf8,0x00,0x00,0x00,0x00,0x00,0x00,
  0x00,0x00,0x00,0x00,0x00,0x00,0x00,0x00,0x00,0x00,0x00,0x00,0x00,0x00,0x00,0x00,0x00,0x00,0x00,0x00,0x00,0x00,0x00,0x00,
  0x00,0x00,0x00,0x00,0x00,0x00,0x00,0x3f,0xff,0x80,0x3f,0xff,0x80,0x3f,0xff,0x80,0x3f,0xff,0x80,0x3c,0x00,0x00,0x3c,0x00,
  0x00,0x3c,0x00,0x00,0x3c,0x00,0x00,0x3f,0xff,0x00,0x3f,0xff,0x00,0x3f,0xff,0x00,0x3f,0xff,0x00,0x3c,0x00,0x00,0x3c,0x00,
  0x00,0x3c,0x00,0x00,0x3c,0x00,0x00,0x3f,0xff,0x80,0x3f,0xff,0x80,0x3f,0xff,0x80,0x3f,0xff,0x80,0x00,0x00,0x00,0x00,0x00,
  0x00,0x00,0x00,0x00,0x00,0x00,0x00,0x00,0x00,0x00,0x00,0x00,0x00,0x00,0x00,0x00,0x00,0x00,0x00,0x00,0x00,0x00,0x00,0x00,
  0x00,0x00,0x00,0x00,0x00,0x00,0x00,0x3f,0xff,0x00,0x3f,0xff,0x00,0x3f,0xff,0x00,0x3f,0xff,0x00,0x3c,0x00,0x00,0x3c,0x00,
  0x00,0x3c,0x00,0x00,0x3c,0x00,0x00,0x3f,0xfc,0x00,0x3f,0xfc,0x00,0x3f,0xfc,0x00,0x3f,0xfc,0x00,0x3c,0x00,0x00,0x3c,0x00,
  0x00,0x3c,0x00,0x00,0x3c,0x00,0x00,0x3c,0x00,0x00,0x3c,0x00,0x00,0x3c,0x00,0x00,0x3c,0x00,0x00,0x00,0x00,0x00,0x00,0x00,
  0x00,0x00,0x00,0x00,0x00,0x00,0x00,0x00,0x00,0x00,0x00,0x00,0x00,0x00,0x00,0x00,0x00,0x00,0x00,0x00,0x00,0x00,0x00,0x00,
  0x00,0x00,0x00,0x00,0x00,0x00,0x00,0x00,0xfe,0x00,0x03,0xff,0x80,0x0f,0xff,0xc0,0x1f,0xff,0xe0,0x1f,0x03,0xe0,0x3e,0x01,
  0xf0,0x3c,0x00,0xc0,0x3c,0x00,0x00,0x78,0x00,0x00,0x78,0x0f,0xf0,0x78,0x0f,0xf0,0x78,0x0f,0xf0,0x3c,0x0f,0xf0,0x3c,0x00,
  0xf0,0x3e,0x00,0xf0,0x1f,0x01,0xf0,0x1f,0xff,0xf0,0x0f,0xff,0xe0,0x03,0xff,0x80,0x00,0xfc,0x00,0x00,0x00,0x00,0x00,0x00,
  0x00,0x00,0x00,0x00,0x00,0x00,0x00,0x00,0x00,0x00,0x00,0x00,0x00,0x00,0x00,0x00,0x00,0x00,0x00,0x00,0x00,0x00,0x00,0x00,
  0x00,0x00,0x00,0x00,0x00,0x00,0x00,0x3c,0x03,0xc0,0x3c,0x03,0xc0,0x3c,0x03,0xc0,0x3c,0x03,0xc0,0x3c,0x03,0xc0,0x3c,0x03,
  0xc0,0x3c,0x03,0xc0,0x3c,0x03,0xc0,0x3f,0xff,0xc0,0x3f,0xff,0xc0,0x3f,0xff,0xc0,0x3f,0xff,0xc0,0x3c,0x03,0xc0,0x3c,0x03,
  0xc0,0x3c,0x03,0xc0,0x3c,0x03,0xc0,0x3c,0x03,0xc0,0x3c,0x03,0xc0,0x3c,0x03,0xc0,0x3c,0x03,0xc0,0x00,0x00,0x00,0x00,0x00,
  0x00,0x00,0x00,0x00,0x00,0x00,0x00,0x00,0x00,0x00,0x00,0x00,0x00,0x00,0x00,0x00,0x00,0x00,0x00,0x00,0x00,0x3c,0x3c,0x3c,
  0x3c,0x3c,0x3c,0x3c,0x3c,0x3c,0x3c,0x3c,0x3c,0x3c,0x3c,0x3c,0x3c,0x3c,0x3c,0x3c,0x3c,0x00,0x00,0x00,0x00,0x00,0x00,0x00,
  0x00,0x00,0x00,0x00,0x00,0x00,0x00,0x00,0x00,0x00,0x00,0x78,0x00,0x78,0x00,0x78,0x00,0x78,0x00,0x78,0x00,0x78,0x00,0x78,
  0x00,0x78,0x00,0x78,0x00,0x78,0x00,0x78,0x00,0x78,0x70,0x78,0x70,0x78,0x78,0x78,0x78,0x78,0x7f,0xf8,0x3f,0xf0,0x1f,0xe0,
  0x0f,0x80,0x00,0x00,0x00,0x00,0x00,0x00,0x00,0x00,0x00,0x00,0x00,0x00,0x00,0x00,0x00,0x00,0x00,0x00,0x00,0x00,0x00,0x00,
  0x00,0x00,0x00,0x00,0x00,0x00,0x00,0x3c,0x03,0xe0,0x3c,0x07,0xc0,0x3c,0x0f,0x80,0x3c,0x1f,0x00,0x3c,0x3e,0x00,0x3c,0x7c,
  0x00,0x3c,0xf8,0x00,0x3d,0xf0,0x00,0x3f,0xf8,0x00,0x3f,0xf8,0x00,0x3f,0xfc,0x00,0x3f,0x3e,0x00,0x3e,0x1e,0x00,0x3c,0x1f,
  0x00,0x3c,0x0f,0x80,0x3c,0x0f,0x80,0x3c,0x07,0xc0,0x3c,0x03,0xc0,0x3c,0x03,0xe0,0x3c,0x01,0xf0,0x00,0x00,0x00,0x00,0x00,
  0x00,0x00,0x00,0x00,0x00,0x00,0x00,0x00,0x00,0x00,0x00,0x00,0x00,0x00,0x00,0x00,0x00,0x00,0x00,0x00,0x00,0x00,0x00,0x00,
  0x00,0x00,0x00,0x00,0x00,0x00,0x00,0x3c,0x00,0x00,0x3c,0x00,0x00,0x3c,0x00,0x00,0x3c,0x00,0x00,0x3c,0x00,0x00,0x3c,0x00,
  0x00,0x3c,0x00,0x00,0x3c,0x00,0x00,0x3c,0x00,0x00,0x3c,0x00,0x00,0x3c,0x00,0x00,0x3c,0x00,0x00,0x3c,0x00,0x00,0x3c,0x00,
  0x00,0x3c,0x00,0x00,0x3c,0x00,0x00,0x3f,0xff,0x80,0x3f,0xff,0x80,0x3f,0xff,0x80,0x3f,0xff,0x80,0x00,0x00,0x00,0x00,0x00,
  0x00,0x00,0x00,0x00,0x00,0x00,0x00,0x00,0x00,0x00,0x00,0x00,0x00,0x00,0x00,0x00,0x00,0x00,0x00,0x00,0x00,0x00,0x00,0x00,
  0x00,0x00,0x00,0x00,0x00,0x00,0x00,0x3f,0x01,0xfc,0x3f,0x01,0xfc,0x3f,0x01,0xfc,0x3f,0x81,0xfc,0x3f,0x83,0xfc,0x3d,0x83,
  0xfc,0x3d,0xc3,0xbc,0x3d,0xc3,0x3c,0x3d,0xc7,0x3c,0x3d,0xc7,0x3c,0x3c,0xe7,0x3c,0x3c,0xee,0x3c,0x3c,0xee,0x3c,0x3c,0xfe,
  0x3c,0x3c,0x7e,0x3c,0x3c,0x7e,0x3c,0x3c,0x7c,0x3c,0x3c,0x7c,0x3c,0x3c,0x3c,0x3c,0x3c,0x3c,0x3c,0x00,0x00,0x00,0x00,0x00,
  0x00,0x00,0x00,0x00,0x00,0x00,0x00,0x00,0x00,0x00,0x00,0x00,0x00,0x00,0x00,0x00,0x00,0x00,0x00,0x00,0x00,0x00,0x00,0x00,
  0x00,0x00,0x00,0x00,0x00,0x00,0x00,0x3c,0x03,0xc0,0x3e,0x03,0xc0,0x3f,0x03,0xc0,0x3f,0x03,0xc0,0x3f,0x83,0xc0,0x3f,0x83,
  0xc0,0x3f,0xc3,0xc0,0x3f,0xe3,0xc0,0x3d,0xe3,0xc0,0x3c,0xf3,0xc0,0x3c,0xf3,0xc0,0x3c,0x7b,0xc0,0x3c,0x7f,0xc0,0x3c,0x3f,
  0xc0,0x3c,0x1f,0xc0,0x3c,0x1f,0xc0,0x3c,0x0f,0xc0,0x3c,0x07,0xc0,0x3c,0x07,0xc0,0x3c,0x03,0xc0,0x00,0x00,0x00,0x00,0x00,
  0x00,0x00,0x00,0x00,0x00,0x00,0x00,0x00,0x00,0x00,0x00,0x00,0x00,0x00,0x00,0x00,0x00,0x00,0x00,0x00,0x00,0x00,0x00,0x00,
  0x00,0x00,0x00,0x00,0x00,0x00,0x00,0x00,0xfc,0x00,0x07,0xff,0x00,0x0f,0xff,0xc0,0x1f,0xff,0xe0,0x1f,0x03,0xe0,0x3e,0x01,
  0xf0,0x3c,0x00,0xf0,0x3c,0x00,0xf0,0x78,0x00,0xf0,0x78,0x00,0xf0,0x78,0x00,0xf0,0x78,0x00,0xf0,0x3c,0x00,0xf0,0x3c,0x00,
  0xf0,0x3e,0x01,0xf0,0x1f,0x03,0xe0,0x1f,0xff,0xe0,0x0f,0xff,0xc0,0x07,0xff,0x00,0x00,0xfc,0x00,0x00,0x00,0x00,0x00,0x00,
  0x00,0x00,0x00,0x00,0x00,0x00,0x00,0x00,0x00,0x00,0x00,0x00,0x00,0x00,0x00,0x00,0x00,0x00,0x00,0x00,0x00,0x00,0x00,0x00,
  0x00,0x00,0x00,0x00,0x00,0x00,0x00,0x3f,0xfc,0x00,0x3f,0xff,0x00,0x3f,0xff,0x00,0x3f,0xff,0x80,0x3c,0x0f,0x80,0x3c,0x07,
  0x80,0x3c,0x07,0x80,0x3c,0x0f,0x80,0x3f,0xff,0x80,0x3f,0xff,0x00,0x3f,0xfe,0x00,0x3f,0xf8,0x00,0x3c,0x00,0x00,0x3c,0x00,
  0x00,0x3c,0x00,0x00,0x3c,0x00,0x00,0x3c,0x00,0x00,0x3c,0x00,0x00,0x3c,0x00,0x00,0x3c,0x00,0x00,0x00,0x00,0x00,0x00,0x00,
  0x00,0x00,0x00,0x00,0x00,0x00,0x00,0x00,0x00,0x00,0x00,0x00,0x00,0x00,0x00,0x00,0x00,0x00,0x00,0x00,0x00,0x00,0x00,0x00,
  0x00,0x00,0x00,0x00,0x00,0x00,0x00,0x00,0xfc,0x00,0x07,0xff,0x00,0x0f,0xff,0xc0,0x1f,0xff,0xe0,0x1f,0x03,0xe0,0x3e,0x01,
  0xf0,0x3c,0x00,0xf0,0x3c,0x00,0xf0,0x78,0x00,0xf0,0x78,0x00,0xf0,0x78,0x00,0xf0,0x78,0x00,0xf0,0x3c,0x00,0xf0,0x3c,0x10,
  0xf0,0x3e,0x3f,0xf0,0x1f,0x0f,0xe0,0x1f,0xff,0xe0,0x0f,0xff,0xc0,0x07,0xff,0xf0,0x00,0xfc,0xf8,0x00,0x00,0x78,0x00,0x00,
  0x10,0x00,0x00,0x00,0x00,0x00,0x00,0x00,0x00,0x00,0x00,0x00,0x00,0x00,0x00,0x00,0x00,0x00,0x00,0x00,0x00,0x00,0x00,0x00,
  0x00,0x00,0x00,0x00,0x00,0x00,0x00,0x3f,0xfe,0x00,0x3f,0xff,0x80,0x3f,0xff,0x80,0x3f,0xff,0xc0,0x3c,0x03,0xc0,0x3c,0x03,
  0xc0,0x3c,0x03,0xc0,0x3c,0x07,0xc0,0x3f,0xff,0xc0,0x3f,0xff,0x80,0x3f,0xff,0x00,0x3f,0xfc,0x00,0x3c,0x3e,0x00,0x3c,0x1f,
  0x00,0x3c,0x1f,0x00,0x3c,0x0f,0x80,0x3c,0x07,0xc0,0x3c,0x03,0xc0,0x3c,0x03,0xe0,0x3c,0x01,0xf0,0x00,0x00,0x00,0x00,0x00,
  0x00,0x00,0x00,0x00,0x00,0x00,0x00,0x00,0x00,0x00,0x00,0x00,0x00,0x00,0x00,0x00,0x00,0x00,0x00,0x00,0x00,0x00,0x00,0x00,
  0x00,0x00,0x00,0x00,0x00,0x00,0x00,0x03,0xf0,0x00,0x0f,0xfc,0x00,0x1f,0xfe,0x00,0x3f,0xff,0x00,0x3c,0x0f,0x00,0x3c,0x07,
  0x00,0x3c,0x00,0x00,0x3f,0x80,0x00,0x1f,0xf8,0x00,0x0f,0xfe,0x00,0x03,0xff,0x00,0x00,0x3f,0x80,0x00,0x07,0x80,0x78,0x03,
  0x80,0x78,0x07,0x80,0x3e,0x0f,0x80,0x3f,0xff,0x80,0x1f,0xff,0x00,0x0f,0xfe,0x00,0x03,0xf8,0x00,0x00,0x00,0x00,0x00,0x00,
  0x00,0x00,0x00,0x00,0x00,0x00,0x00,0x00,0x00,0x00,0x00,0x00,0x00,0x00,0x00,0x00,0x00,0x00,0x00,0x00,0x00,0x00,0x00,0x00,
  0x00,0x00,0x00,0x00,0x00,0x00,0x00,0x3f,0xff,0x80,0x3f,0xff,0x80,0x3f,0xff,0x80,0x3f,0xff,0x80,0x00,0xe0,0x00,0x00,0xe0,
  0x00,0x00,0xe0,0x00,0x00,0xe0,0x00,0x00,0xe0,0x00,0x00,0xe0,0x00,0x00,0xe0,0x00,0x00,0xe0,0x00,0x00,0xe0,0x00,0x00,0xe0,
  0x00,0x00,0xe0,0x00,0x00,0xe0,0x00,0x00,0xe0,0x00,0x00,0xe0,0x00,0x00,0xe0,0x00,0x00,0xe0,0x00,0x00,0x00,0x00,0x00,0x00,
  0x00,0x00,0x00,0x00,0x00,0x00,0x00,0x00,0x00,0x00,0x00,0x00,0x00,0x00,0x00,0x00,0x00,0x00,0x00,0x00,0x00,0x00,0x00,0x00,
  0x00,0x00,0x00,0x00,0x00,0x00,0x00,0x3c,0x03,0xc0,0x3c,0x03,0xc0,0x3c,0x03,0xc0,0x3c,0x03,0xc0,0x3c,0x03,0xc0,0x3c,0x03,
  0xc0,0x3c,0x03,0xc0,0x3c,0x03,0xc0,0x3c,0x03,0xc0,0x3c,0x03,0xc0,0x3c,0x03,0xc0,0x3c,0x03,0xc0,0x3c,0x03,0xc0,0x3c,0x03,
  0xc0,0x3c,0x03,0xc0,0x1f,0x07,0xc0,0x1f,0xff,0x80,0x0f,0xff,0x80,0x07,0xff,0x00,0x01,0xfc,0x00,0x00,0x00,0x00,0x00,0x00,
  0x00,0x00,0x00,0x00,0x00,0x00,0x00,0x00,0x00,0x00,0x00,0x00,0x00,0x00,0x00,0x00,0x00,0x00,0x00,0x00,0x00,0x00,0x00,0x00,
  0x00,0x00,0x00,0x00,0x00,0x00,0x00,0xf0,0x03,0xc0,0x78,0x03,0xc0,0x78,0x03,0xc0,0x78,0x07,0x80,0x3c,0x07,0x80,0x3c,0x07,
  0x80,0x3c,0x0f,0x00,0x1e,0x0f,0x00,0x1e,0x0f,0x00,0x1e,0x1e,0x00,0x0f,0x1e,0x00,0x0f,0x1c,0x00,0x0f,0x3c,0x00,0x07,0xbc,
  0x00,0x07,0xf8,0x00,0x07,0xf8,0x00,0x03,0xf8,0x00,0x03,0xf0,0x00,0x03,0xf0,0x00,0x01,0xf0,0x00,0x00,0x00,0x00,0x00,0x00,
  0x00,0x00,0x00,0x00,0x00,0x00,0x00,0x00,0x00,0x00,0x00,0x00,0x00,0x00,0x00,0x00,0x00,0x00,0x00,0x00,0x00,0x00,0x00,0x00,
  0x00,0x00,0x00,0x00,0x00,0x00,0x00,0x00,0x00,0x00,0x00,0x00,0xf0,0x1f,0x03,0xc0,0xf0,0x1f,0x03,0xc0,0x78,0x3f,0x03,0xc0,
  0x78,0x3f,0x83,0x80,0x78,0x3f,0x87,0x80,0x78,0x7f,0x87,0x80,0x38,0x7b,0x87,0x80,0x3c,0x73,0xc7,0x80,0x3c,0x73,0xc7,0x00,
  0x3c,0xf1,0xcf,0x00,0x1c,0xf1,0xcf,0x00,0x1e,0xe1,0xef,0x00,0x1e,0xe1,0xee,0x00,0x1f,0xe0,0xfe,0x00,0x0f,0xe0,0xfe,0x00,
  0x0f,0xc0,0xfe,0x00,0x0f,0xc0,0xfc,0x00,0x0f,0xc0,0x7c,0x00,0x07,0x80,0x7c,0x00,0x07,0x80,0x7c,0x00,0x00,0x00,0x00,0x00,
  0x00,0x00,0x00,0x00,0x00,0x00,0x00,0x00,0x00,0x00,0x00,0x00,0x00,0x00,0x00,0x00,0x00,0x00,0x00,0x00,0x00,0x00,0x00,0x00,
  0x00,0x00,0x00,0x00,0x00,0x00,0x00,0x00,0x00,0x00,0x00,0x00,0x00,0x00,0x00,0x7c,0x07,0x80,0x3c,0x0f,0x80,0x1e,0x0f,0x00,
  0x1f,0x1e,0x00,0x0f,0x3e,0x00,0x0f,0xfc,0x00,0x07,0xfc,0x00,0x03,0xf8,0x00,0x03,0xf0,0x00,0x01,0xf0,0x00,0x03,0xf0,0x00,
  0x03,0xf8,0x00,0x07,0xfc,0x00,0x0f,0xfc,0x00,0x0f,0x3e,0x00,0x1f,0x1f,0x00,0x3e,0x0f,0x00,0x3c,0x0f,0x80,0x7c,0x07,0x80,
  0xf8,0x03,0xc0,0x00,0x00,0x00,0x00,0x00,0x00,0x00,0x00,0x00,0x00,0x00,0x00,0x00,0x00,0x00,0x00,0x00,0x00,0x00,0x00,0x00,
  0x00,0x00,0x00,0x00,0x00,0x00,0x00,0x00,0x00,0x00,0x00,0x00,0x00,0x00,0x00,0xf8,0x03,0xc0,0x78,0x07,0x80,0x3c,0x07,0x80,
  0x3e,0x0f,0x00,0x1e,0x1f,0x00,0x0f,0x1e,0x00,0x0f,0x3c,0x00,0x07,0xbc,0x00,0x07,0xf8,0x00,0x03,0xf0,0x00,0x01,0xf0,0x00,
  0x01,0xe0,0x00,0x01,0xe0,0x00,0x01,0xe0,0x00,0x01,0xe0,0x00,0x01,0xe0,0x00,0x01,0xe0,0x00,0x01,0xe0,0x00,0x01,0xe0,0x00,
  0x01,0xe0,0x00,0x00,0x00,0x00,0x00,0x00,0x00,0x00,0x00,0x00,0x00,0x00,0x00,0x00,0x00,0x00,0x00,0x00,0x00,0x00,0x00,0x00,
  0x00,0x00,0x00,0x00,0x00,0x00,0x00,0x00,0x00,0x00,0x00,0x00,0x00,0x00,0x00,0x3f,0xff,0x00,0x3f,0xff,0x00,0x3f,0xff,0x00,
  0x3f,0xff,0x00,0x00,0x3e,0x00,0x00,0x7c,0x00,0x00,0xf8,0x00,0x01,0xf0,0x00,0x01,0xf0,0x00,0x03,0xe0,0x00,0x07,0xc0,0x00,
  0x0f,0x80,0x00,0x1f,0x00,0x00,0x3f,0x00,0x00,0x3e,0x00,0x00,0x7c,0x00,0x00,0xff,0xff,0x80,0xff,0xff,0x80,0xff,0xff,0x80,
  0xff,0xff,0x80,0x00,0x00,0x00,0x00,0x00,0x00,0x00,0x00,0x00,0x00,0x00,0x00,0x00,0x00,0x00,0x00,0x00,0x00,0x00,0x00,0x00,
  0x00,0x00,0x00,0x00,0x00,0x00,0x00,0x00,0x00,0x00,0x3f,0x80,0x3f,0x80,0x3f,0x80,0x3f,0x80,0x3c,0x00,0x3c,0x00,0x3c,0x00,
  0x3c,0x00,0x3c,0x00,0x3c,0x00,0x3c,0x00,0x3c,0x00,0x3c,0x00,0x3c,0x00,0x3c,0x00,0x3c,0x00,0x3c,0x00,0x3c,0x00,0x3c,0x00,
  0x3c,0x00,0x3c,0x00,0x3c,0x00,0x3f,0x80,0x3f,0x80,0x3f,0x80,0x3f,0x80,0x00,0x00,0x00,0x00,0x00,0x00,0x00,0xe0,0x60,0x60,
  0x70,0x70,0x70,0x30,0x38,0x38,0x38,0x18,0x1c,0x1c,0x1c,0x0c,0x0e,0x0e,0x0e,0x06,0x07,0x00,0x00,0x00,0x00,0x00,0x00,0x00,
  0x00,0x00,0x00,0x00,0x00,0x00,0x00,0x00,0x00,0x00,0x7e,0x00,0x7e,0x00,0x7e,0x00,0x7e,0x00,0x1e,0x00,0x1e,0x00,0x1e,0x00,
  0x1e,0x00,0x1e,0x00,0x1e,0x00,0x1e,0x00,0x1e,0x00,0x1e,0x00,0x1e,0x00,0x1e,0x00,0x1e,0x00,0x1e,0x00,0x1e,0x00,0x1e,0x00,
  0x1e,0x00,0x1e,0x00,0x1e,0x00,0x7e,0x00,0x7e,0x00,0x7e,0x00,0x7e,0x00,0x00,0x00,0x00,0x00,0x00,0x00,0x00,0x00,0x00,0x00,
  0x00,0x00,0x00,0x00,0x00,0x00,0x00,0x03,0xc0,0x00,0x03,0xc0,0x00,0x07,0xe0,0x00,0x07,0xe0,0x00,0x07,0xf0,0x00,0x0e,0x70,
  0x00,0x0e,0x70,0x00,0x1e,0x78,0x00,0x1c,0x38,0x00,0x3c,0x3c,0x00,0x38,0x1c,0x00,0x00,0x00,0x00,0x00,0x00,0x00,0x00,0x00,
  0x00,0x00,0x00,0x00,0x00,0x00,0x00,0x00,0x00,0x00,0x00,0x00,0x00,0x00,0x00,0x00,0x00,0x00,0x00,0x00,0x00,0x00,0x00,0x00,
  0x00,0x00,0x00,0x00,0x00,0x00,0x00,0x00,0x00,0x00,0x00,0x00,0x00,0x00,0x00,0x00,0x00,0x00,0x00,0x00,0x00,0x00,0x00,0x00,
  0x00,0x00,0x00,0x00,0x00,0x00,0x00,0x00,0x00,0x00,0x00,0x00,0x00,0x00,0x00,0x00,0x00,0x00,0x00,0x00,0x00,0x00,0x00,0x00,
  0x00,0x00,0x00,0x00,0x00,0x00,0x00,0x00,0x00,0x00,0x00,0x00,0x00,0x00,0x00,0x00,0x00,0x00,0x00,0x00,0x00,0x00,0x00,0x00,
  0x00,0x00,0x00,0x00,0x00,0x00,0x00,0x00,0x00,0x00,0x00,0x00,0x00,0x00,0x00,0x00,0x00,0x00,0x00,0x00,0x00,0x00,0x00,0x00,
  0x00,0x00,0x00,0x00,0xff,0xff,0x80,0xff,0xff,0x80,0xff,0xff,0x80,0x00,0x00,0x00,0x00,0x00,0x00,0x00,0x00,0x00,0x00,0x00,
  0x00,0x00,0x78,0x00,0x3c,0x00,0x1c,0x00,0x0e,0x00,0x00,0x00,0x00,0x00,0x00,0x00,0x00,0x00,0x00,0x00,0x00,0x00,0x00,0x00,
  0x00,0x00,0x00,0x00,0x00,0x00,0x00,0x00,0x00,0x00,0x00,0x00,0x00,0x00,0x00,0x00,0x00,0x00,0x00,0x00,0x00,0x00,0x00,0x00,
  0x00,0x00,0x00,0x00,0x00,0x00,0x00,0x00,0x00,0x00,0x00,0x00,0x00,0x00,0x00,0x00,0x00,0x00,0x00,0x00,0x00,0x00,0x00,0x00,
  0x00,0x00,0x00,0x00,0x07,0xe0,0x1f,0xf8,0x3f,0xf8,0x3c,0x78,0x18,0x38,0x00,0x78,0x07,0xf8,0x1f,0xb8,0x38,0x38,0x78,0x38,
  0x78,0x78,0x78,0xf8,0x7f,0xfc,0x3f,0xfc,0x1f,0x1c,0x00,0x00,0x00,0x00,0x00,0x00,0x00,0x00,0x00,0x00,0x00,0x00,0x00,0x00,
  0x00,0x00,0x00,0x00,0x00,0x00,0x00,0x00,0x00,0x00,0x00,0x00,0x00,0x00,0x00,0x3c,0x00,0x00,0x3c,0x00,0x00,0x3c,0x00,0x00,
  0x3c,0x00,0x00,0x3c,0x00,0x00,0x3c,0xf0,0x00,0x3f,0xfc,0x00,0x3f,0xfe,0x00,0x3e,0x1e,0x00,0x3c,0x0f,0x00,0x3c,0x0f,0x00,
  0x3c,0x0f,0x00,0x3c,0x0f,0x00,0x3c,0x0f,0x00,0x3c,0x0f,0x00,0x3c,0x0f,0x00,0x3e,0x1e,0x00,0x3f,0xfe,0x00,0x3b,0xfc,0x00,
  0x38,0xf0,0x00,0x00,0x00,0x00,0x00,0x00,0x00,0x00,0x00,0x00,0x00,0x00,0x00,0x00,0x00,0x00,0x00,0x00,0x00,0x00,0x00,0x00,
  0x00,0x00,0x00,0x00,0x00,0x00,0x00,0x00,0x00,0x00,0x00,0x00,0x00,0x00,0x00,0x00,0x00,0x00,0x00,0x00,0x07,0xe0,0x0f,0xf8,
  0x1f,0xfc,0x3c,0x3c,0x38,0x10,0x78,0x00,0x78,0x00,0x78,0x00,0x78,0x00,0x78,0x00,0x38,0x18,0x3c,0x3e,0x1f,0xfc,0x0f,0xf8,
  0x07,0xe0,0x00,0x00,0x00,0x00,0x00,0x00,0x00,0x00,0x00,0x00,0x00,0x00,0x00,0x00,0x00,0x00,0x00,0x00,0x00,0x00,0x00,0x00,
  0x00,0x00,0x00,0x00,0x00,0x00,0x00,0x00,0x1e,0x00,0x00,0x1e,0x00,0x00,0x1e,0x00,0x00,0x1e,0x00,0x00,0x1e,0x00,0x07,0x9e,
  0x00,0x1f,0xfe,0x00,0x3f,0xfe,0x00,0x3c,0x3e,0x00,0x78,0x1e,0x00,0x78,0x1e,0x00,0x78,0x1e,0x00,0x78,0x1e,0x00,0x78,0x1e,
  0x00,0x78,0x1e,0x00,0x78,0x1e,0x00,0x3c,0x3e,0x00,0x3f,0xfe,0x00,0x1f,0xfe,0x00,0x07,0x8e,0x00,0x00,0x00,0x00,0x00,0x00,
  0x00,0x00,0x00,0x00,0x00,0x00,0x00,0x00,0x00,0x00,0x00,0x00,0x00,0x00,0x00,0x00,0x00,0x00,0x00,0x00,0x00,0x00,0x00,0x00,
  0x00,0x00,0x00,0x00,0x00,0x00,0x00,0x00,0x00,0x00,0x00,0x00,0x07,0xc0,0x1f,0xf0,0x3f,0xf8,0x3c,0x3c,0x78,0x3c,0x78,0x1c,
  0x7f,0xfc,0x7f,0xfc,0x7f,0xfc,0x78,0x00,0x78,0x00,0x3c,0x30,0x3f,0xfc,0x1f,0xf8,0x07,0xe0,0x00,0x00,0x00,0x00,0x00,0x00,
  0x00,0x00,0x00,0x00,0x00,0x00,0x00,0x00,0x00,0x00,0x00,0x00,0x00,0x00,0x00,0x00,0x00,0x00,0x0f,0xc0,0x1f,0xc0,0x1f,0xc0,
  0x3c,0x00,0x3c,0x00,0xff,0x80,0xff,0x80,0xff,0x80,0x3c,0x00,0x3c,0x00,0x3c,0x00,0x3c,0x00,0x3c,0x00,0x3c,0x00,0x3c,0x00,
  0x3c,0x00,0x3c,0x00,0x3c,0x00,0x3c,0x00,0x3c,0x00,0x00,0x00,0x00,0x00,0x00,0x00,0x00,0x00,0x00,0x00,0x00,0x00,0x00,0x00,
  0x00,0x00,0x00,0x00,0x00,0x00,0x00,0x00,0x00,0x00,0x00,0x00,0x00,0x00,0x00,0x00,0x00,0x00,0x00,0x00,0x00,0x00,0x00,0x00,
  0x00,0x00,0x00,0x00,0x00,0x00,0x07,0x8e,0x00,0x1f,0xee,0x00,0x3f,0xfe,0x00,0x3c,0x3e,0x00,0x78,0x1e,0x00,0x78,0x1e,0x00,
  0x78,0x1e,0x00,0x78,0x1e,0x00,0x78,0x1e,0x00,0x78,0x1e,0x00,0x78,0x1e,0x00,0x3c,0x3e,0x00,0x3f,0xfe,0x00,0x1f,0xfe,0x00,
  0x07,0x9e,0x00,0x00,0x1e,0x00,0x20,0x1e,0x00,0x3c,0x3e,0x00,0x3f,0xfc,0x00,0x1f,0xf8,0x00,0x07,0xe0,0x00,0x00,0x00,0x00,
  0x00,0x00,0x00,0x00,0x00,0x00,0x00,0x00,0x00,0x00,0x00,0x00,0x00,0x00,0x00,0x3c,0x00,0x00,0x3c,0x00,0x00,0x3c,0x00,0x00,
  0x3c,0x00,0x00,0x3c,0x00,0x00,0x3c,0xf0,0x00,0x3d,0xfc,0x00,0x3f,0xfe,0x00,0x3e,0x3e,0x00,0x3c,0x1e,0x00,0x3c,0x1e,0x00,
  0x3c,0x1e,0x00,0x3c,0x1e,0x00,0x3c,0x1e,0x00,0x3c,0x1e,0x00,0x3c,0x1e,0x00,0x3c,0x1e,0x00,0x3c,0x1e,0x00,0x3c,0x1e,0x00,
  0x3c,0x1e,0x00,0x00,0x00,0x00,0x00,0x00,0x00,0x00,0x00,0x00,0x00,0x00,0x00,0x00,0x00,0x00,0x00,0x00,0x00,0x00,0x00,0x00,
  0x00,0x00,0x00,0x00,0x00,0x3c,0x3c,0x3c,0x00,0x00,0x3c,0x3c,0x3c,0x3c,0x3c,0x3c,0x3c,0x3c,0x3c,0x3c,0x3c,0x3c,0x3c,0x3c,
  0x3c,0x00,0x00,0x00,0x00,0x00,0x00,0x00,0x00,0x00,0x00,0x00,0x00,0x00,0x00,0x00,0x00,0x00,0x0f,0x00,0x0f,0x00,0x0f,0x00,
  0x00,0x00,0x00,0x00,0x0f,0x00,0x0f,0x00,0x0f,0x00,0x0f,0x00,0x0f,0x00,0x0f,0x00,0x0f,0x00,0x0f,0x00,0x0f,0x00,0x0f,0x00,
  0x0f,0x00,0x0f,0x00,0x0f,0x00,0x0f,0x00,0x0f,0x00,0x0f,0x00,0x0f,0x00,0x0f,0x00,0x7e,0x00,0x7e,0x00,0x7c,0x00,0x00,0x00,
  0x00,0x00,0x00,0x00,0x00,0x00,0x00,0x00,0x00,0x00,0x3c,0x00,0x3c,0x00,0x3c,0x00,0x3c,0x00,0x3c,0x00,0x3c,0x3c,0x3c,0x7c,
  0x3c,0xf8,0x3d,0xf0,0x3d,0xe0,0x3f,0xc0,0x3f,0xc0,0x3f,0xe0,0x3f,0xf0,0x3c,0xf0,0x3c,0x78,0x3c,0x78,0x3c,0x3c,0x3c,0x3c,
  0x3c,0x1e,0x00,0x00,0x00,0x00,0x00,0x00,0x00,0x00,0x00,0x00,0x00,0x00,0x00,0x00,0x00,0x00,0x00,0x00,0x00,0x3c,0x3c,0x3c,
  0x3c,0x3c,0x3c,0x3c,0x3c,0x3c,0x3c,0x3c,0x3c,0x3c,0x3c,0x3c,0x3c,0x3c,0x3c,0x3c,0x3c,0x00,0x00,0x00,0x00,0x00,0x00,0x00,
  0x00,0x00,0x00,0x00,0x00,0x00,0x00,0x00,0x00,0x00,0x00,0x00,0x00,0x00,0x00,0x00,0x00,0x00,0x00,0x00,0x00,0x00,0x00,0x00,
  0x00,0x00,0x00,0x00,0x00,0x00,0x00,0x00,0x00,0x00,0x00,0x00,0x00,0x00,0x00,0x00,0x39,0xf0,0xf0,0x00,0x3f,0xf9,0xfc,0x00,
  0x3f,0xff,0xfc,0x00,0x3e,0x3e,0x3e,0x00,0x3c,0x3e,0x1e,0x00,0x3c,0x3c,0x1e,0x00,0x38,0x3c,0x1e,0x00,0x38,0x3c,0x1e,0x00,
  0x38,0x3c,0x1e,0x00,0x38,0x3c,0x1e,0x00,0x38,0x3c,0x1e,0x00,0x38,0x3c,0x1e,0x00,0x38,0x3c,0x1e,0x00,0x38,0x3c,0x1e,0x00,
  0x38,0x3c,0x1e,0x00,0x00,0x00,0x00,0x00,0x00,0x00,0x00,0x00,0x00,0x00,0x00,0x00,0x00,0x00,0x00,0x00,0x00,0x00,0x00,0x00,
  0x00,0x00,0x00,0x00,0x00,0x00,0x00,0x00,0x00,0x00,0x00,0x00,0x00,0x00,0x00,0x00,0x00,0x00,0x00,0x00,0x00,0x00,0x00,0x00,
  0x00,0x00,0x00,0x00,0x00,0x00,0x00,0x00,0x00,0x00,0x00,0x00,0x00,0x00,0x38,0xf8,0x00,0x3b,0xfc,0x00,0x3f,0xfe,0x00,0x3e,
  0x3e,0x00,0x3c,0x1e,0x00,0x3c,0x1e,0x00,0x3c,0x1e,0x00,0x3c,0x1e,0x00,0x3c,0x1e,0x00,0x3c,0x1e,0x00,0x3c,0x1e,0x00,0x3c,
  0x1e,0x00,0x3c,0x1e,0x00,0x3c,0x1e,0x00,0x3c,0x1e,0x00,0x00,0x00,0x00,0x00,0x00,0x00,0x00,0x00,0x00,0x00,0x00,0x00,0x00,
  0x00,0x00,0x00,0x00,0x00,0x00,0x00,0x00,0x00,0x00,0x00,0x00,0x00,0x00,0x00,0x00,0x00,0x00,0x00,0x00,0x00,0x00,0x00,0x00,
  0x00,0x00,0x00,0x00,0x00,0x00,0x00,0x00,0x00,0x00,0x00,0x00,0x00,0x00,0x03,0xe0,0x00,0x0f,0xf8,0x00,0x1f,0xfc,0x00,0x3e,
  0x1e,0x00,0x3c,0x0f,0x00,0x78,0x0f,0x00,0x78,0x0f,0x00,0x78,0x0f,0x00,0x78,0x0f,0x00,0x78,0x0f,0x00,0x3c,0x0e,0x00,0x3e,
  0x1e,0x00,0x1f,0xfc,0x00,0x0f,0xf8,0x00,0x03,0xe0,0x00,0x00,0x00,0x00,0x00,0x00,0x00,0x00,0x00,0x00,0x00,0x00,0x00,0x00,
  0x00,0x00,0x00,0x00,0x00,0x00,0x00,0x00,0x00,0x00,0x00,0x00,0x00,0x00,0x00,0x00,0x00,0x00,0x00,0x00,0x00,0x00,0x00,0x00,
  0x00,0x00,0x00,0x00,0x00,0x00,0x00,0x00,0x00,0x00,0x00,0x00,0x00,0x00,0x38,0xf0,0x00,0x3b,0xfc,0x00,0x3f,0xfe,0x00,0x3e,
  0x1e,0x00,0x3c,0x0f,0x00,0x3c,0x0f,0x00,0x3c,0x0f,0x00,0x3c,0x0f,0x00,0x3c,0x0f,0x00,0x3c,0x0f,0x00,0x3c,0x0f,0x00,0x3e,
  0x1e,0x00,0x3f,0xfe,0x00,0x3d,0xfc,0x00,0x3c,0xf0,0x00,0x3c,0x00,0x00,0x3c,0x00,0x00,0x3c,0x00,0x00,0x3c,0x00,0x00,0x3c,
  0x00,0x00,0x3c,0x00,0x00,0x00,0x00,0x00,0x00,0x00,0x00,0x00,0x00,0x00,0x00,0x00,0x00,0x00,0x00,0x00,0x00,0x00,0x00,0x00,
  0x00,0x00,0x00,0x00,0x00,0x00,0x00,0x00,0x00,0x00,0x00,0x00,0x00,0x00,0x07,0xce,0x00,0x1f,0xfe,0x00,0x1f,0xfe,0x00,0x3e,
  0x3e,0x00,0x3c,0x1e,0x00,0x78,0x1e,0x00,0x78,0x1e,0x00,0x78,0x1e,0x00,0x78,0x1e,0x00,0x38,0x1e,0x00,0x3c,0x1e,0x00,0x3e,
  0x3e,0x00,0x1f,0xfe,0x00,0x1f,0xfe,0x00,0x07,0x9e,0x00,0x00,0x1e,0x00,0x00,0x1e,0x00,0x00,0x1e,0x00,0x00,0x1e,0x00,0x00,
  0x1e,0x00,0x00,0x1e,0x00,0x00,0x00,0x00,0x00,0x00,0x00,0x00,0x00,0x00,0x00,0x00,0x00,0x00,0x00,0x00,0x00,0x00,0x00,0x00,
  0x00,0x00,0x00,0x00,0x39,0xe0,0x3f,0xe0,0x3f,0xc0,0x3e,0x00,0x3c,0x00,0x3c,0x00,0x3c,0x00,0x3c,0x00,0x3c,0x00,0x3c,0x00,
  0x3c,0x00,0x3c,0x00,0x3c,0x00,0x3c,0x00,0x3c,0x00,0x00,0x00,0x00,0x00,0x00,0x00,0x00,0x00,0x00,0x00,0x00,0x00,0x00,0x00,
  0x00,0x00,0x00,0x00,0x00,0x00,0x00,0x00,0x00,0x00,0x00,0x00,0x00,0x00,0x00,0x00,0x00,0x00,0x00,0x00,0x0f,0xe0,0x3f,0xf8,
  0x3f,0xf8,0x78,0x30,0x78,0x00,0x7e,0x00,0x3f,0xe0,0x1f,0xf8,0x07,0xfc,0x00,0x7c,0x00,0x3c,0x18,0x3c,0x7f,0xf8,0x3f,0xf8,
  0x0f,0xe0,0x00,0x00,0x00,0x00,0x00,0x00,0x00,0x00,0x00,0x00,0x00,0x00,0x00,0x00,0x00,0x00,0x00,0x00,0x00,0x00,0x00,0x00,
  0x00,0x00,0x04,0x00,0x1c,0x00,0x3c,0x00,0x3c,0x00,0x3c,0x00,0x7f,0x80,0x7f,0x80,0x7f,0x80,0x3c,0x00,0x3c,0x00,0x3c,0x00,
  0x3c,0x00,0x3c,0x00,0x3c,0x00,0x3c,0x00,0x3c,0x00,0x3c,0x00,0x1f,0x80,0x1f,0x80,0x0f,0x80,0x00,0x00,0x00,0x00,0x00,0x00,
  0x00,0x00,0x00,0x00,0x00,0x00,0x00,0x00,0x00,0x00,0x00,0x00,0x00,0x00,0x00,0x00,0x00,0x00,0x00,0x00,0x00,0x00,0x00,0x00,
  0x00,0x00,0x00,0x00,0x00,0x00,0x00,0x00,0x00,0x00,0x00,0x00,0x00,0x00,0x3c,0x1e,0x00,0x3c,0x1e,0x00,0x3c,0x1e,0x00,0x3c,
  0x1e,0x00,0x3c,0x1e,0x00,0x3c,0x1e,0x00,0x3c,0x1e,0x00,0x3c,0x1e,0x00,0x3c,0x1e,0x00,0x3c,0x1e,0x00,0x3c,0x1e,0x00,0x3e,
  0x3e,0x00,0x1f,0xfe,0x00,0x1f,0xfe,0x00,0x07,0x8e,0x00,0x00,0x00,0x00,0x00,0x00,0x00,0x00,0x00,0x00,0x00,0x00,0x00,0x00,
  0x00,0x00,0x00,0x00,0x00,0x00,0x00,0x00,0x00,0x00,0x00,0x00,0x00,0x00,0x00,0x00,0x00,0x00,0x00,0x00,0x00,0x00,0x00,0x00,
  0x00,0x00,0x00,0x00,0xf0,0x1e,0x70,0x1c,0x78,0x3c,0x38,0x3c,0x3c,0x38,0x3c,0x78,0x1c,0x70,0x1e,0xf0,0x1e,0xf0,0x0e,0xe0,
  0x0f,0xe0,0x07,0xe0,0x07,0xc0,0x07,0xc0,0x03,0x80,0x00,0x00,0x00,0x00,0x00,0x00,0x00,0x00,0x00,0x00,0x00,0x00,0x00,0x00,
  0x00,0x00,0x00,0x00,0x00,0x00,0x00,0x00,0x00,0x00,0x00,0x00,0x00,0x00,0x00,0x00,0x00,0x00,0x00,0x00,0x00,0x00,0x00,0x00,
  0x00,0x00,0x00,0x00,0x00,0x00,0xf0,0x78,0x3c,0x70,0x78,0x3c,0x78,0x7c,0x38,0x78,0xfc,0x38,0x38,0xfc,0x78,0x38,0xfe,0x78,
  0x3c,0xee,0x70,0x1d,0xee,0xf0,0x1d,0xce,0xf0,0x1f,0xcf,0xe0,0x1f,0xc7,0xe0,0x0f,0x87,0xe0,0x0f,0x87,0xc0,0x0f,0x83,0xc0,
  0x07,0x83,0xc0,0x00,0x00,0x00,0x00,0x00,0x00,0x00,0x00,0x00,0x00,0x00,0x00,0x00,0x00,0x00,0x00,0x00,0x00,0x00,0x00,0x00,
  0x00,0x00,0x00,0x00,0x00,0x00,0x00,0x00,0x00,0x00,0x00,0x00,0x00,0x00,0x00,0x00,0x00,0x00,0x00,0x00,0x78,0x3c,0x3c,0x3c,
  0x3e,0x78,0x1e,0xf0,0x0f,0xf0,0x0f,0xe0,0x07,0xc0,0x07,0xc0,0x07,0xe0,0x0f,0xe0,0x1f,0xf0,0x1e,0x78,0x3c,0x78,0x7c,0x3c,
  0x78,0x3e,0x00,0x00,0x00,0x00,0x00,0x00,0x00,0x00,0x00,0x00,0x00,0x00,0x00,0x00,0x00,0x00,0x00,0x00,0x00,0x00,0x00,0x00,
  0x00,0x00,0x00,0x00,0x00,0x00,0x00,0x00,0x00,0x00,0x00,0x00,0xf0,0x1e,0x70,0x1c,0x78,0x3c,0x78,0x3c,0x38,0x38,0x3c,0x78,
  0x3c,0x70,0x1c,0x70,0x1e,0xf0,0x0e,0xe0,0x0f,0xe0,0x0f,0xe0,0x07,0xc0,0x07,0xc0,0x07,0xc0,0x07,0x80,0x07,0x80,0x0f,0x00,
  0x7f,0x00,0x7e,0x00,0x3c,0x00,0x00,0x00,0x00,0x00,0x00,0x00,0x00,0x00,0x00,0x00,0x00,0x00,0x00,0x00,0x00,0x00,0x00,0x00,
  0x00,0x00,0x00,0x00,0x7f,0xf8,0x7f,0xf8,0x7f,0xf8,0x01,0xf0,0x01,0xf0,0x03,0xe0,0x07,0xc0,0x0f,0x80,0x1f,0x00,0x1f,0x00,
  0x3e,0x00,0x7c,0x00,0x7f,0xf8,0x7f,0xf8,0x7f,0xf8,0x00,0x00,0x00,0x00,0x00,0x00,0x00,0x00,0x00,0x00,0x00,0x00,0x00,0x00,
  0x00,0x00,0x00,0x00,0x00,0x00,0x00,0x00,0x00,0x00,0x03,0xc0,0x07,0xc0,0x0f,0xc0,0x0f,0xc0,0x0e,0x00,0x0e,0x00,0x0e,0x00,
  0x0e,0x00,0x0e,0x00,0x0e,0x00,0x1e,0x00,0x3c,0x00,0x7c,0x00,0x78,0x00,0x7c,0x00,0x1e,0x00,0x1e,0x00,0x0e,0x00,0x0e,0x00,
  0x0e,0x00,0x0e,0x00,0x0e,0x00,0x0f,0xc0,0x0f,0xc0,0x07,0xc0,0x03,0xc0,0x00,0x00,0x00,0x00,0x00,0x00,0x00,0x18,0x18,0x18,
  0x18,0x18,0x18,0x18,0x18,0x18,0x18,0x18,0x18,0x18,0x18,0x18,0x18,0x18,0x18,0x18,0x18,0x18,0x18,0x18,0x18,0x18,0x18,0x00,
  0x00,0x00,0x00,0x00,0x00,0x00,0x00,0x00,0x00,0x00,0x78,0x00,0x7c,0x00,0x7e,0x00,0x7e,0x00,0x1e,0x00,0x0e,0x00,0x0e,0x00,
  0x0e,0x00,0x0e,0x00,0x0e,0x00,0x0f,0x00,0x0f,0x00,0x07,0xc0,0x03,0xc0,0x07,0xc0,0x0f,0x00,0x0f,0x00,0x0e,0x00,0x0e,0x00,
  0x0e,0x00,0x0e,0x00,0x1e,0x00,0x7e,0x00,0x7e,0x00,0x7c,0x00,0x78,0x00,0x00,0x00,0x00,0x00,0x00,0x00,0x00,0x00,0x00,0x00,
  0x00,0x00,0x00,0x00,0x00,0x00,0x00,0x00,0x00,0x00,0x00,0x00,0x00,0x00,0x00,0x00,0x00,0x00,0x00,0x00,0x00,0x00,0x00,0x00,
  0x00,0x00,0x00,0x00,0x1e,0x00,0x00,0x7f,0xc2,0x00,0x7f,0xfe,0x00,0x7f,0xfe,0x00,0x61,0xfe,0x00,0x00,0x78,0x00,0x00,0x00,
  0x00,0x00,0x00,0x00,0x00,0x00,0x00,0x00,0x00,0x00,0x00,0x00,0x00,0x00,0x00,0x00,0x00,0x00,0x00,0x00,0x00,0x00,0x00,0x00,
  0x00,0x00,0x00,0x00,0x00,0x00,0x00,0x00,0x00,0x00,0x00,0x00,0x00,0x00,0x00,0x00,0x00,0x00,0x00,0x00,0x00,0x00,0x00,0x00,
  0x00,0x00,0x00,0x00,0x00,0x00,0x00,0x00,0x00,0x00,0x00,0x00,0x00,0x00,0x00,0x00,0x00,0x00,0x00,0x00,0x00,0x00,0x00,0x00,
  0x00,0x00,0x00,0x00,0x00,0x00,0x00,0x00,0x00,0x00,0x00,0x00,0x00,0x00,0x00,0x00,0x00,0x00,0x00,0x00,0x00,0x00,0x00,0x00,
  0x00,0x00,0x00,0x00,0x00,0x00,0x00,0x00,0x00,0x00,0x00,0x00,0x00,0x00,0x00,0x00,0x00,0x00,0x00,0x00,0x00,0x00,0x00,0x00,
  0x00,0x00,0x00,0x00,0x00,0x0f,0xff,0xc0,0x08,0x00,0x40,0x08,0x00,0x40,0x08,0x00,0x40,0x08,0x00,0x40,0x08,0x00,0x40,0x08,
  0x00,0x40,0x08,0x00,0x40,0x08,0x00,0x40,0x08,0x00,0x40,0x08,0x00,0x40,0x08,0x00,0x40,0x08,0x00,0x40,0x08,0x00,0x40,0x08,
  0x00,0x40,0x08,0x00,0x40,0x08,0x00,0x40,0x0f,0xff,0xc0,0x00,0x00,0x00,0x00,0x00,0x00,0x00,0x00,0x00,0x00,0x00,0x00,0x00,
  0x00,0x00,0x00,0x00,0x00,0x00,0x00,0x00,0x00,0x00,0x00,0x00,0x00,0x00,0x00,0x00,0x00,0x00,0x00,0x00,0x00,0x00,0x00,0x00,
  0x00,0x00,0x00,0x00,0x00,0x0f,0xff,0xc0,0x08,0x00,0x40,0x08,0x00,0x40,0x08,0x00,0x40,0x08,0x00,0x40,0x08,0x00,0x40,0x08,
  0x00,0x40,0x08,0x00,0x40,0x08,0x00,0x40,0x08,0x00,0x40,0x08,0x00,0x40,0x08,0x00,0x40,0x08,0x00,0x40,0x08,0x00,0x40,0x08,
  0x00,0x40,0x08,0x00,0x40,0x08,0x00,0x40,0x0f,0xff,0xc0,0x00,0x00,0x00,0x00,0x00,0x00,0x00,0x00,0x00,0x00,0x00,0x00,0x00,
  0x00,0x00,0x00,0x00,0x00,0x00,0x00,0x00,0x00,0x00,0x00,0x00,0x00,0x00,0x00,0x00,0x00,0x00,0x00,0x00,0x00,0x00,0x00,0x00,
  0x00,0x00,0x00,0x00,0x00,0x0f,0xff,0xc0,0x08,0x00,0x40,0x08,0x00,0x40,0x08,0x00,0x40,0x08,0x00,0x40,0x08,0x00,0x40,0x08,
  0x00,0x40,0x08,0x00,0x40,0x08,0x00,0x40,0x08,0x00,0x40,0x08,0x00,0x40,0x08,0x00,0x40,0x08,0x00,0x40,0x08,0x00,0x40,0x08,
  0x00,0x40,0x08,0x00,0x40,0x08,0x00,0x40,0x0f,0xff,0xc0,0x00,0x00,0x00,0x00,0x00,0x00,0x00,0x00,0x00,0x00,0x00,0x00,0x00,
  0x00,0x00,0x00,0x00,0x00,0x00,0x00,0x00,0x00,0x00,0x00,0x00,0x00,0x00,0x00,0x00,0x00,0x00,0x00,0x00,0x00,0x00,0x00,0x00,
  0x00,0x00,0x00,0x00,0x00,0x0f,0xff,0xc0,0x08,0x00,0x40,0x08,0x00,0x40,0x08,0x00,0x40,0x08,0x00,0x40,0x08,0x00,0x40,0x08,
  0x00,0x40,0x08,0x00,0x40,0x08,0x00,0x40,0x08,0x00,0x40,0x08,0x00,0x40,0x08,0x00,0x40,0x08,0x00,0x40,0x08,0x00,0x40,0x08,
  0x00,0x40,0x08,0x00,0x40,0x08,0x00,0x40,0x0f,0xff,0xc0,0x00,0x00,0x00,0x00,0x00,0x00,0x00,0x00,0x00,0x00,0x00,0x00,0x00,
  0x00,0x00,0x00,0x00,0x00,0x00,0x00,0x00,0x00,0x00,0x00,0x00,0x00,0x00,0x00,0x00,0x00,0x00,0x00,0x00,0x00,0x00,0x00,0x00,
  0x00,0x00,0x00,0x00,0x00,0x0f,0xff,0xc0,0x08,0x00,0x40,0x08,0x00,0x40,0x08,0x00,0x40,0x08,0x00,0x40,0x08,0x00,0x40,0x08,
  0x00,0x40,0x08,0x00,0x40,0x08,0x00,0x40,0x08,0x00,0x40,0x08,0x00,0x40,0x08,0x00,0x40,0x08,0x00,0x40,0x08,0x00,0x40,0x08,
  0x00,0x40,0x08,0x00,0x40,0x08,0x00,0x40,0x0f,0xff,0xc0,0x00,0x00,0x00,0x00,0x00,0x00,0x00,0x00,0x00,0x00,0x00,0x00,0x00,
  0x00,0x00,0x00,0x00,0x00,0x00,0x00,0x00,0x00,0x00,0x00,0x00,0x00,0x00,0x00,0x00,0x00,0x00,0x00,0x00,0x00,0x00,0x00,0x00,
  0x00,0x00,0x00,0x00,0x00,0x00,0x00,0x00,0x00,0x00,0x00,0x00,0x00,0x00,0x00,0x00,0x00,0x00,0x00,0x00,0x00,0x00,0x00,0x00,
  0x00,0x00,0x00,0x00,0x00,0x00,0x00,0x00,0x00,0x00,0x00,0x00,0x00,0x0f,0xff,0xc0,0x08,0x00,0x40,0x08,0x00,0x40,0x08,0x00,
  0x40,0x08,0x00,0x40,0x08,0x00,0x40,0x08,0x00,0x40,0x08,0x00,0x40,0x08,0x00,0x40,0x08,0x00,0x40,0x08,0x00,0x40,0x08,0x00,
  0x40,0x08,0x00,0x40,0x08,0x00,0x40,0x08,0x00,0x40,0x08,0x00,0x40,0x08,0x00,0x40,0x0f,0xff,0xc0,0x00,0x00,0x00,0x00,0x00,
  0x00,0x00,0x00,0x00,0x00,0x00,0x00,0x00,0x00,0x00,0x00,0x00,0x00,0x00,0x00,0x00,0x00,0x00,0x00,0x00,0x00,0x00,0x00,0x00,
  0x00,0x00,0x00,0x00,0x00,0x00,0x00,0x00,0x00,0x00,0x00,0x00,0x00,0x0f,0xff,0xc0,0x08,0x00,0x40,0x08,0x00,0x40,0x08,0x00,
  0x40,0x08,0x00,0x40,0x08,0x00,0x40,0x08,0x00,0x40,0x08,0x00,0x40,0x08,0x00,0x40,0x08,0x00,0x40,0x08,0x00,0x40,0x08,0x00,
  0x40,0x08,0x00,0x40,0x08,0x00,0x40,0x08,0x00,0x40,0x08,0x00,0x40,0x08,0x00,0x40,0x0f,0xff,0xc0,0x00,0x00,0x00,0x00,0x00,
  0x00,0x00,0x00,0x00,0x00,0x00,0x00,0x00,0x00,0x00,0x00,0x00,0x00,0x00,0x00,0x00,0x00,0x00,0x00,0x00,0x00,0x00,0x00,0x00,
  0x00,0x00,0x00,0x00,0x00,0x00,0x00,0x00,0x00,0x00,0x00,0x00,0x00,0x0f,0xff,0xc0,0x08,0x00,0x40,0x08,0x00,0x40,0x08,0x00,
  0x40,0x08,0x00,0x40,0x08,0x00,0x40,0x08,0x00,0x40,0x08,0x00,0x40,0x08,0x00,0x40,0x08,0x00,0x40,0x08,0x00,0x40,0x08,0x00,
  0x40,0x08,0x00,0x40,0x08,0x00,0x40,0x08,0x00,0x40,0x08,0x00,0x40,0x08,0x00,0x40,0x0f,0xff,0xc0,0x00,0x00,0x00,0x00,0x00,
  0x00,0x00,0x00,0x00,0x00,0x00,0x00,0x00,0x00,0x00,0x00,0x00,0x00,0x00,0x00,0x00,0x00,0x00,0x00,0x00,0x00,0x00,0x00,0x00,
  0x00,0x00,0x00,0x00,0x00,0x00,0x00,0x00,0x00,0x00,0x00,0x00,0x00,0x0f,0xff,0xc0,0x08,0x00,0x40,0x08,0x00,0x40,0x08,0x00,
  0x40,0x08,0x00,0x40,0x08,0x00,0x40,0x08,0x00,0x40,0x08,0x00,0x40,0x08,0x00,0x40,0x08,0x00,0x40,0x08,0x00,0x40,0x08,0x00,
  0x40,0x08,0x00,0x40,0x08,0x00,0x40,0x08,0x00,0x40,0x08,0x00,0x40,0x08,0x00,0x40,0x0f,0xff,0xc0,0x00,0x00,0x00,0x00,0x00,
  0x00,0x00,0x00,0x00,0x00,0x00,0x00,0x00,0x00,0x00,0x00,0x00,0x00,0x00,0x00,0x00,0x00,0x00,0x00,0x00,0x00,0x00,0x00,0x00,
  0x00,0x00,0x00,0x00,0x00,0x00,0x00,0x00,0x00,0x00,0x00,0x00,0x00,0x0f,0xff,0xc0,0x08,0x00,0x40,0x08,0x00,0x40,0x08,0x00,
  0x40,0x08,0x00,0x40,0x08,0x00,0x40,0x08,0x00,0x40,0x08,0x00,0x40,0x08,0x00,0x40,0x08,0x00,0x40,0x08,0x00,0x40,0x08,0x00,
  0x40,0x08,0x00,0x40,0x08,0x00,0x40,0x08,0x00,0x40,0x08,0x00,0x40,0x08,0x00,0x40,0x0f,0xff,0xc0,0x00,0x00,0x00,0x00,0x00,
  0x00,0x00,0x00,0x00,0x00,0x00,0x00,0x00,0x00,0x00,0x00,0x00,0x00,0x00,0x00,0x00,0x00,0x00,0x00,0x00,0x00,0x00,0x00,0x00,
  0x00,0x00,0x00,0x00,0x00,0x00,0x00,0x00,0x00,0x00,0x00,0x00,0x00,0x0f,0xff,0xc0,0x08,0x00,0x40,0x08,0x00,0x40,0x08,0x00,
  0x40,0x08,0x00,0x40,0x08,0x00,0x40,0x08,0x00,0x40,0x08,0x00,0x40,0x08,0x00,0x40,0x08,0x00,0x40,0x08,0x00,0x40,0x08,0x00,
  0x40,0x08,0x00,0x40,0x08,0x00,0x40,0x08,0x00,0x40,0x08,0x00,0x40,0x08,0x00,0x40,0x0f,0xff,0xc0,0x00,0x00,0x00,0x00,0x00,
  0x00,0x00,0x00,0x00,0x00,0x00,0x00,0x00,0x00,0x00,0x00,0x00,0x00,0x00,0x00,0x00,0x00,0x00,0x00,0x00,0x00,0x00,0x00,0x00,
  0x00,0x00,0x00,0x00,0x00,0x00,0x00,0x00,0x00,0x00,0x00,0x00,0x00,0x0f,0xff,0xc0,0x08,0x00,0x40,0x08,0x00,0x40,0x08,0x00,
  0x40,0x08,0x00,0x40,0x08,0x00,0x40,0x08,0x00,0x40,0x08,0x00,0x40,0x08,0x00,0x40,0x08,0x00,0x40,0x08,0x00,0x40,0x08,0x00,
  0x40,0x08,0x00,0x40,0x08,0x00,0x40,0x08,0x00,0x40,0x08,0x00,0x40,0x08,0x00,0x40,0x0f,0xff,0xc0,0x00,0x00,0x00,0x00,0x00,
  0x00,0x00,0x00,0x00,0x00,0x00,0x00,0x00,0x00,0x00,0x00,0x00,0x00,0x00,0x00,0x00,0x00,0x00,0x00,0x00,0x00,0x00,0x00,0x00,
  0x00,0x00,0x00,0x00,0x00,0x00,0x00,0x00,0x00,0x00,0x00,0x00,0x00,0x0f,0xff,0xc0,0x08,0x00,0x40,0x08,0x00,0x40,0x08,0x00,
  0x40,0x08,0x00,0x40,0x08,0x00,0x40,0x08,0x00,0x40,0x08,0x00,0x40,0x08,0x00,0x40,0x08,0x00,0x40,0x08,0x00,0x40,0x08,0x00,
  0x40,0x08,0x00,0x40,0x08,0x00,0x40,0x08,0x00,0x40,0x08,0x00,0x40,0x08,0x00,0x40,0x0f,0xff,0xc0,0x00,0x00,0x00,0x00,0x00,
  0x00,0x00,0x00,0x00,0x00,0x00,0x00,0x00,0x00,0x00,0x00,0x00,0x00,0x00,0x00,0x00,0x00,0x00,0x00,0x00,0x00,0x00,0x00,0x00,
  0x00,0x00,0x00,0x00,0x00,0x00,0x00,0x00,0x00,0x00,0x00,0x00,0x00,0x0f,0xff,0xc0,0x08,0x00,0x40,0x08,0x00,0x40,0x08,0x00,
  0x40,0x08,0x00,0x40,0x08,0x00,0x40,0x08,0x00,0x40,0x08,0x00,0x40,0x08,0x00,0x40,0x08,0x00,0x40,0x08,0x00,0x40,0x08,0x00,
  0x40,0x08,0x00,0x40,0x08,0x00,0x40,0x08,0x00,0x40,0x08,0x00,0x40,0x08,0x00,0x40,0x0f,0xff,0xc0,0x00,0x00,0x00,0x00,0x00,
  0x00,0x00,0x00,0x00,0x00,0x00,0x00,0x00,0x00,0x00,0x00,0x00,0x00,0x00,0x00,0x00,0x00,0x00,0x00,0x00,0x00,0x00,0x00,0x00,
  0x00,0x00,0x00,0x00,0x00,0x00,0x00,0x00,0x00,0x00,0x00,0x00,0x00,0x0f,0xff,0xc0,0x08,0x00,0x40,0x08,0x00,0x40,0x08,0x00,
  0x40,0x08,0x00,0x40,0x08,0x00,0x40,0x08,0x00,0x40,0x08,0x00,0x40,0x08,0x00,0x40,0x08,0x00,0x40,0x08,0x00,0x40,0x08,0x00,
  0x40,0x08,0x00,0x40,0x08,0x00,0x40,0x08,0x00,0x40,0x08,0x00,0x40,0x08,0x00,0x40,0x0f,0xff,0xc0,0x00,0x00,0x00,0x00,0x00,
  0x00,0x00,0x00,0x00,0x00,0x00,0x00,0x00,0x00,0x00,0x00,0x00,0x00,0x00,0x00,0x00,0x00,0x00,0x00,0x00,0x00,0x00,0x00,0x00,
  0x00,0x00,0x00,0x00,0x00,0x00,0x00,0x00,0x00,0x00,0x00,0x00,0x00,0x0f,0xff,0xc0,0x08,0x00,0x40,0x08,0x00,0x40,0x08,0x00,
  0x40,0x08,0x00,0x40,0x08,0x00,0x40,0x08,0x00,0x40,0x08,0x00,0x40,0x08,0x00,0x40,0x08,0x00,0x40,0x08,0x00,0x40,0x08,0x00,
  0x40,0x08,0x00,0x40,0x08,0x00,0x40,0x08,0x00,0x40,0x08,0x00,0x40,0x08,0x00,0x40,0x0f,0xff,0xc0,0x00,0x00,0x00,0x00,0x00,
  0x00,0x00,0x00,0x00,0x00,0x00,0x00,0x00,0x00,0x00,0x00,0x00,0x00,0x00,0x00,0x00,0x00,0x00,0x00,0x00,0x00,0x00,0x00,0x00,
  0x00,0x00,0x00,0x00,0x00,0x00,0x00,0x00,0x00,0x00,0x00,0x00,0x00,0x0f,0xff,0xc0,0x08,0x00,0x40,0x08,0x00,0x40,0x08,0x00,
  0x40,0x08,0x00,0x40,0x08,0x00,0x40,0x08,0x00,0x40,0x08,0x00,0x40,0x08,0x00,0x40,0x08,0x00,0x40,0x08,0x00,0x40,0x08,0x00,
  0x40,0x08,0x00,0x40,0x08,0x00,0x40,0x08,0x00,0x40,0x08,0x00,0x40,0x08,0x00,0x40,0x0f,0xff,0xc0,0x00,0x00,0x00,0x00,0x00,
  0x00,0x00,0x00,0x00,0x00,0x00,0x00,0x00,0x00,0x00,0x00,0x00,0x00,0x00,0x00,0x00,0x00,0x00,0x00,0x00,0x00,0x00,0x00,0x00,
  0x00,0x00,0x00,0x00,0x00,0x00,0x00,0x00,0x00,0x00,0x00,0x00,0x00,0x0f,0xff,0xc0,0x08,0x00,0x40,0x08,0x00,0x40,0x08,0x00,
  0x40,0x08,0x00,0x40,0x08,0x00,0x40,0x08,0x00,0x40,0x08,0x00,0x40,0x08,0x00,0x40,0x08,0x00,0x40,0x08,0x00,0x40,0x08,0x00,
  0x40,0x08,0x00,0x40,0x08,0x00,0x40,0x08,0x00,0x40,0x08,0x00,0x40,0x08,0x00,0x40,0x0f,0xff,0xc0,0x00,0x00,0x00,0x00,0x00,
  0x00,0x00,0x00,0x00,0x00,0x00,0x00,0x00,0x00,0x00,0x00,0x00,0x00,0x00,0x00,0x00,0x00,0x00,0x00,0x00,0x00,0x00,0x00,0x00,
  0x00,0x00,0x00,0x00,0x00,0x00,0x00,0x00,0x00,0x00,0x00,0x00,0x00,0x0f,0xff,0xc0,0x08,0x00,0x40,0x08,0x00,0x40,0x08,0x00,
  0x40,0x08,0x00,0x40,0x08,0x00,0x40,0x08,0x00,0x40,0x08,0x00,0x40,0x08,0x00,0x40,0x08,0x00,0x40,0x08,0x00,0x40,0x08,0x00,
  0x40,0x08,0x00,0x40,0x08,0x00,0x40,0x08,0x00,0x40,0x08,0x00,0x40,0x08,0x00,0x40,0x0f,0xff,0xc0,0x00,0x00,0x00,0x00,0x00,
  0x00,0x00,0x00,0x00,0x00,0x00,0x00,0x00,0x00,0x00,0x00,0x00,0x00,0x00,0x00,0x00,0x00,0x00,0x00,0x00,0x00,0x00,0x00,0x00,
  0x00,0x00,0x00,0x00,0x00,0x00,0x00,0x00,0x00,0x00,0x00,0x00,0x00,0x0f,0xff,0xc0,0x08,0x00,0x40,0x08,0x00,0x40,0x08,0x00,
  0x40,0x08,0x00,0x40,0x08,0x00,0x40,0x08,0x00,0x40,0x08,0x00,0x40,0x08,0x00,0x40,0x08,0x00,0x40,0x08,0x00,0x40,0x08,0x00,
  0x40,0x08,0x00,0x40,0x08,0x00,0x40,0x08,0x00,0x40,0x08,0x00,0x40,0x08,0x00,0x40,0x0f,0xff,0xc0,0x00,0x00,0x00,0x00,0x00,
  0x00,0x00,0x00,0x00,0x00,0x00,0x00,0x00,0x00,0x00,0x00,0x00,0x00,0x00,0x00,0x00,0x00,0x00,0x00,0x00,0x00,0x00,0x00,0x00,
  0x00,0x00,0x00,0x00,0x00,0x00,0x00,0x00,0x00,0x00,0x00,0x00,0x00,0x0f,0xff,0xc0,0x08,0x00,0x40,0x08,0x00,0x40,0x08,0x00,
  0x40,0x08,0x00,0x40,0x08,0x00,0x40,0x08,0x00,0x40,0x08,0x00,0x40,0x08,0x00,0x40,0x08,0x00,0x40,0x08,0x00,0x40,0x08,0x00,
  0x40,0x08,0x00,0x40,0x08,0x00,0x40,0x08,0x00,0x40,0x08,0x00,0x40,0x08,0x00,0x40,0x0f,0xff,0xc0,0x00,0x00,0x00,0x00,0x00,
  0x00,0x00,0x00,0x00,0x00,0x00,0x00,0x00,0x00,0x00,0x00,0x00,0x00,0x00,0x00,0x00,0x00,0x00,0x00,0x00,0x00,0x00,0x00,0x00,
  0x00,0x00,0x00,0x00,0x00,0x00,0x00,0x00,0x00,0x00,0x00,0x00,0x00,0x0f,0xff,0xc0,0x08,0x00,0x40,0x08,0x00,0x40,0x08,0x00,
  0x40,0x08,0x00,0x40,0x08,0x00,0x40,0x08,0x00,0x40,0x08,0x00,0x40,0x08,0x00,0x40,0x08,0x00,0x40,0x08,0x00,0x40,0x08,0x00,
  0x40,0x08,0x00,0x40,0x08,0x00,0x40,0x08,0x00,0x40,0x08,0x00,0x40,0x08,0x00,0x40,0x0f,0xff,0xc0,0x00,0x00,0x00,0x00,0x00,
  0x00,0x00,0x00,0x00,0x00,0x00,0x00,0x00,0x00,0x00,0x00,0x00,0x00,0x00,0x00,0x00,0x00,0x00,0x00,0x00,0x00,0x00,0x00,0x00,
  0x00,0x00,0x00,0x00,0x00,0x00,0x00,0x00,0x00,0x00,0x00,0x00,0x00,0x0f,0xff,0xc0,0x08,0x00,0x40,0x08,0x00,0x40,0x08,0x00,
  0x40,0x08,0x00,0x40,0x08,0x00,0x40,0x08,0x00,0x40,0x08,0x00,0x40,0x08,0x00,0x40,0x08,0x00,0x40,0x08,0x00,0x40,0x08,0x00,
  0x40,0x08,0x00,0x40,0x08,0x00,0x40,0x08,0x00,0x40,0x08,0x00,0x40,0x08,0x00,0x40,0x0f,0xff,0xc0,0x00,0x00,0x00,0x00,0x00,
  0x00,0x00,0x00,0x00,0x00,0x00,0x00,0x00,0x00,0x00,0x00,0x00,0x00,0x00,0x00,0x00,0x00,0x00,0x00,0x00,0x00,0x00,0x00,0x00,
  0x00,0x00,0x00,0x00,0x00,0x00,0x00,0x00,0x00,0x00,0x00,0x00,0x00,0x0f,0xff,0xc0,0x08,0x00,0x40,0x08,0x00,0x40,0x08,0x00,
  0x40,0x08,0x00,0x40,0x08,0x00,0x40,0x08,0x00,0x40,0x08,0x00,0x40,0x08,0x00,0x40,0x08,0x00,0x40,0x08,0x00,0x40,0x08,0x00,
  0x40,0x08,0x00,0x40,0x08,0x00,0x40,0x08,0x00,0x40,0x08,0x00,0x40,0x08,0x00,0x40,0x0f,0xff,0xc0,0x00,0x00,0x00,0x00,0x00,
  0x00,0x00,0x00,0x00,0x00,0x00,0x00,0x00,0x00,0x00,0x00,0x00,0x00,0x00,0x00,0x00,0x00,0x00,0x00,0x00,0x00,0x00,0x00,0x00,
  0x00,0x00,0x00,0x00,0x00,0x00,0x00,0x00,0x00,0x00,0x00,0x00,0x00,0x0f,0xff,0xc0,0x08,0x00,0x40,0x08,0x00,0x40,0x08,0x00,
  0x40,0x08,0x00,0x40,0x08,0x00,0x40,0x08,0x00,0x40,0x08,0x00,0x40,0x08,0x00,0x40,0x08,0x00,0x40,0x08,0x00,0x40,0x08,0x00,
  0x40,0x08,0x00,0x40,0x08,0x00,0x40,0x08,0x00,0x40,0x08,0x00,0x40,0x08,0x00,0x40,0x0f,0xff,0xc0,0x00,0x00,0x00,0x00,0x00,
  0x00,0x00,0x00,0x00,0x00,0x00,0x00,0x00,0x00,0x00,0x00,0x00,0x00,0x00,0x00,0x00,0x00,0x00,0x00,0x00,0x00,0x00,0x00,0x00,
  0x00,0x00,0x00,0x00,0x00,0x00,0x00,0x00,0x00,0x00,0x00,0x00,0x00,0x0f,0xff,0xc0,0x08,0x00,0x40,0x08,0x00,0x40,0x08,0x00,
  0x40,0x08,0x00,0x40,0x08,0x00,0x40,0x08,0x00,0x40,0x08,0x00,0x40,0x08,0x00,0x40,0x08,0x00,0x40,0x08,0x00,0x40,0x08,0x00,
  0x40,0x08,0x00,0x40,0x08,0x00,0x40,0x08,0x00,0x40,0x08,0x00,0x40,0x08,0x00,0x40,0x0f,0xff,0xc0,0x00,0x00,0x00,0x00,0x00,
  0x00,0x00,0x00,0x00,0x00,0x00,0x00,0x00,0x00,0x00,0x00,0x00,0x00,0x00,0x00,0x00,0x00,0x00,0x00,0x00,0x00,0x00,0x00,0x00,
  0x00,0x00,0x00,0x00,0x00,0x00,0x00,0x00,0x00,0x00,0x00,0x00,0x00,0x0f,0xff,0xc0,0x08,0x00,0x40,0x08,0x00,0x40,0x08,0x00,
  0x40,0x08,0x00,0x40,0x08,0x00,0x40,0x08,0x00,0x40,0x08,0x00,0x40,0x08,0x00,0x40,0x08,0x00,0x40,0x08,0x00,0x40,0x08,0x00,
  0x40,0x08,0x00,0x40,0x08,0x00,0x40,0x08,0x00,0x40,0x08,0x00,0x40,0x08,0x00,0x40,0x0f,0xff,0xc0,0x00,0x00,0x00,0x00,0x00,
  0x00,0x00,0x00,0x00,0x00,0x00,0x00,0x00,0x00,0x00,0x00,0x00,0x00,0x00,0x00,0x00,0x00,0x00,0x00,0x00,0x00,0x00,0x00,0x00,
  0x00,0x00,0x00,0x00,0x00,0x00,0x00,0x00,0x00,0x00,0x00,0x00,0x00,0x0f,0xff,0xc0,0x08,0x00,0x40,0x08,0x00,0x40,0x08,0x00,
  0x40,0x08,0x00,0x40,0x08,0x00,0x40,0x08,0x00,0x40,0x08,0x00,0x40,0x08,0x00,0x40,0x08,0x00,0x40,0x08,0x00,0x40,0x08,0x00,
  0x40,0x08,0x00,0x40,0x08,0x00,0x40,0x08,0x00,0x40,0x08,0x00,0x40,0x08,0x00,0x40,0x0f,0xff,0xc0,0x00,0x00,0x00,0x00,0x00,
  0x00,0x00,0x00,0x00,0x00,0x00,0x00,0x00,0x00,0x00,0x00,0x00,0x00,0x00,0x00,0x00,0x00,0x00,0x00,0x00,0x00,0x00,0x00,0x00,
  0x00,0x00,0x00,0x00,0x00,0x00,0x00,0x00,0x00,0x00,0x00,0x00,0x00,0x0f,0xff,0xc0,0x08,0x00,0x40,0x08,0x00,0x40,0x08,0x00,
  0x40,0x08,0x00,0x40,0x08,0x00,0x40,0x08,0x00,0x40,0x08,0x00,0x40,0x08,0x00,0x40,0x08,0x00,0x40,0x08,0x00,0x40,0x08,0x00,
  0x40,0x08,0x00,0x40,0x08,0x00,0x40,0x08,0x00,0x40,0x08,0x00,0x40,0x08,0x00,0x40,0x0f,0xff,0xc0,0x00,0x00,0x00,0x00,0x00,
  0x00,0x00,0x00,0x00,0x00,0x00,0x00,0x00,0x00,0x00,0x00,0x00,0x00,0x00,0x00,0x00,0x00,0x00,0x00,0x00,0x00,0x00,0x00,0x00,
  0x00,0x00,0x00,0x00,0x00,0x00,0x00,0x00,0x00,0x00,0x00,0x00,0x00,0x0f,0xff,0xc0,0x08,0x00,0x40,0x08,0x00,0x40,0x08,0x00,
  0x40,0x08,0x00,0x40,0x08,0x00,0x40,0x08,0x00,0x40,0x08,0x00,0x40,0x08,0x00,0x40,0x08,0x00,0x40,0x08,0x00,0x40,0x08,0x00,
  0x40,0x08,0x00,0x40,0x08,0x00,0x40,0x08,0x00,0x40,0x08,0x00,0x40,0x08,0x00,0x40,0x0f,0xff,0xc0,0x00,0x00,0x00,0x00,0x00,
  0x00,0x00,0x00,0x00,0x00,0x00,0x00,0x00,0x00,0x00,0x00,0x00,0x00,0x00,0x00,0x00,0x00,0x00,0x00,0x00,0x00,0x00,0x00,0x00,
  0x00,0x00,0x00,0x00,0x00,0x00,0x00,0x00,0x00,0x00,0x00,0x00,0x00,0x0f,0xff,0xc0,0x08,0x00,0x40,0x08,0x00,0x40,0x08,0x00,
  0x40,0x08,0x00,0x40,0x08,0x00,0x40,0x08,0x00,0x40,0x08,0x00,0x40,0x08,0x00,0x40,0x08,0x00,0x40,0x08,0x00,0x40,0x08,0x00,
  0x40,0x08,0x00,0x40,0x08,0x00,0x40,0x08,0x00,0x40,0x08,0x00,0x40,0x08,0x00,0x40,0x0f,0xff,0xc0,0x00,0x00,0x00,0x00,0x00,
  0x00,0x00,0x00,0x00,0x00,0x00,0x00,0x00,0x00,0x00,0x00,0x00,0x00,0x00,0x00,0x00,0x00,0x00,0x00,0x00,0x00,0x00,0x00,0x00,
  0x00,0x00,0x00,0x00,0x00,0x00,0x00,0x00,0x00,0x00,0x00,0x00,0x00,0x00,0x00,0x00,0x00,0x00,0x00,0x00,0x00,0x00,0x00,0x00,
  0x00,0x00,0x00,0x00,0x00,0x00,0x00,0x00,0x00,0x00,0x00,0x00,0x00,0x00,0x00,0x00,0x00,0x00,0x00,0x00,0x1e,0x00,0x1e,0x00,
  0x1e,0x00,0x1e,0x00,0x00,0x00,0x00,0x00,0x0c,0x00,0x0c,0x00,0x0c,0x00,0x1c,0x00,0x1c,0x00,0x1c,0x00,0x1c,0x00,0x1c,0x00,
  0x1e,0x00,0x1e,0x00,0x1e,0x00,0x1e,0x00,0x1e,0x00,0x1e,0x00,0x1e,0x00,0x00,0x00,0x00,0x00,0x00,0x00,0x00,0x00,0x00,0x00,
  0x00,0x00,0x00,0x10,0x00,0x10,0x00,0x30,0x00,0x30,0x00,0x20,0x07,0xe0,0x0f,0xf8,0x1f,0xfc,0x3c,0x7c,0x38,0xd0,0x78,0xc0,
  0x78,0x80,0x79,0x80,0x79,0x80,0x79,0x18,0x3f,0x1e,0x3f,0x3c,0x1f,0xfc,0x1f,0xf8,0x07,0xe0,0x04,0x00,0x0c,0x00,0x0c,0x00,
  0x08,0x00,0x18,0x00,0x08,0x00,0x00,0x00,0x00,0x00,0x00,0x00,0x00,0x00,0x00,0x00,0x00,0x00,0x07,0xe0,0x0f,0xf0,0x1f,0xf8,
  0x3c,0x7c,0x3c,0x3c,0x3c,0x18,0x3c,0x00,0x3c,0x00,0xff,0xc0,0xff,0xc0,0xff,0xc0,0x1e,0x00,0x1e,0x00,0x1c,0x00,0x3c,0x00,
  0x78,0x00,0x7f,0x84,0x7f,0xfc,0x7f,0xfe,0x20,0x7c,0x00,0x00,0x00,0x00,0x00,0x00,0x00,0x00,0x00,0x00,0x00,0x00,0x00,0x00,
  0x00,0x00,0x00,0x00,0x00,0x00,0x00,0x00,0x00,0x00,0x00,0x00,0x00,0x00,0x00,0x00,0x00,0x00,0x00,0x08,0x33,0xdc,0x7f,0xfc,
  0x3f,0xfc,0x3c,0x78,0x38,0x38,0x38,0x1c,0x38,0x1c,0x38,0x38,0x3c,0x78,0x3f,0xfc,0x7f,0xfc,0x33,0xdc,0x00,0x08,0x00,0x00,
  0x00,0x00,0x00,0x00,0x00,0x00,0x00,0x00,0x00,0x00,0x00,0x00,0x00,0x00,0x00,0x00,0x00,0x00,0x00,0x00,0x00,0x00,0x00,0x00,
  0x00,0x00,0xf8,0x1e,0x78,0x1e,0x78,0x3c,0x3c,0x3c,0x3c,0x78,0x1e,0x78,0x1e,0xf0,0x0f,0xf0,0x0f,0xe0,0x7f,0xfe,0x7f,0xfe,
  0x7f,0xfe,0x03,0xc0,0x03,0xc0,0x7f,0xfe,0x7f,0xfe,0x7f,0xfe,0x03,0xc0,0x03,0xc0,0x03,0xc0,0x00,0x00,0x00,0x00,0x00,0x00,
  0x00,0x00,0x00,0x00,0x00,0x00,0x00,0x00,0x00,0x00,0x00,0x00,0x00,0x18,0x18,0x18,0x18,0x18,0x18,0x18,0x18,0x18,0x18,0x00,
  0x00,0x00,0x00,0x00,0x18,0x18,0x18,0x18,0x18,0x18,0x18,0x18,0x18,0x18,0x18,0x00,0x00,0x00,0x00,0x00,0x00,0x00,0x00,0x00,
  0x00,0x00,0x07,0xc0,0x1f,0xf0,0x1f,0xf8,0x3c,0x78,0x3c,0x38,0x3e,0x00,0x1f,0x00,0x1f,0x80,0x3f,0xe0,0x3b,0xf0,0x71,0xf8,
  0x70,0x7c,0x78,0x3c,0x7c,0x1e,0x3e,0x1e,0x3f,0x9c,0x0f,0xfc,0x07,0xf8,0x01,0xf8,0x00,0xf8,0x00,0x3c,0x3c,0x3c,0x3c,0x3c,
  0x1f,0xf8,0x0f,0xf0,0x07,0xe0,0x00,0x00,0x00,0x00,0x00,0x00,0x00,0x00,0x00,0x00,0x00,0x00,0xe3,0x80,0xe3,0x80,0xe3,0x80,
  0x00,0x00,0x00,0x00,0x00,0x00,0x00,0x00,0x00,0x00,0x00,0x00,0x00,0x00,0x00,0x00,0x00,0x00,0x00,0x00,0x00,0x00,0x00,0x00,
  0x00,0x00,0x00,0x00,0x00,0x00,0x00,0x00,0x00,0x00,0x00,0x00,0x00,0x00,0x00,0x00,0x00,0x00,0x00,0x00,0x00,0x00,0x00,0x00,
  0x00,0x00,0x00,0x00,0x00,0x00,0x00,0x00,0x00,0x00,0x00,0x00,0x00,0x00,0x00,0x00,0xf8,0x00,0x07,0xff,0x00,0x0e,0x03,0x80,
  0x18,0x00,0xc0,0x30,0x00,0x60,0x60,0xf8,0x30,0x61,0xfc,0x30,0xc3,0x8e,0x18,0xc3,0x06,0x18,0xc3,0x00,0x18,0xc3,0x00,0x18,
  0xc3,0x06,0x18,0xc3,0x8e,0x18,0x61,0xfc,0x30,0x60,0xf8,0x30,0x30,0x00,0x60,0x18,0x00,0xc0,0x0e,0x03,0x80,0x07,0xff,0x00,
  0x00,0xf8,0x00,0x00,0x00,0x00,0x00,0x00,0x00,0x00,0x00,0x00,0x00,0x00,0x00,0x00,0x00,0x00,0x00,0x00,0x00,0x00,0x00,0x00,
  0x00,0x00,0x00,0x00,0x00,0x00,0x00,0x00,0x00,0x00,0x1f,0x00,0x3f,0x80,0x73,0x80,0x03,0x80,0x1f,0x80,0x7b,0x80,0x61,0x80,
  0x63,0x80,0x7f,0x80,0x3d,0x80,0x00,0x00,0x00,0x00,0x00,0x00,0x00,0x00,0x00,0x00,0x00,0x00,0x00,0x00,0x00,0x00,0x00,0x00,
  0x00,0x00,0x00,0x00,0x00,0x00,0x00,0x00,0x00,0x00,0x00,0x00,0x00,0x00,0x00,0x00,0x00,0x00,0x00,0x00,0x00,0x00,0x00,0x00,
  0x00,0x00,0x00,0x00,0x00,0x00,0x00,0x00,0x00,0x00,0x00,0x00,0x00,0x00,0x07,0x1c,0x07,0x38,0x0e,0x38,0x1e,0x70,0x1c,0xf0,
  0x3c,0xe0,0x39,0xe0,0x3c,0xe0,0x1c,0xf0,0x0e,0x70,0x0e,0x38,0x07,0x38,0x07,0x1c,0x00,0x00,0x00,0x00,0x00,0x00,0x00,0x00,
  0x00,0x00,0x00,0x00,0x00,0x00,0x00,0x00,0x00,0x00,0x00,0x00,0x00,0x00,0x00,0x00,0x00,0x00,0x00,0x00,0x00,0x00,0x00,0x00,
  0x00,0x00,0x00,0x00,0x00,0x00,0x00,0x00,0x00,0x00,0x00,0x00,0x00,0x00,0x7f,0xfe,0x00,0x7f,0xfe,0x00,0x7f,0xfe,0x00,0x7f,
  0xfe,0x00,0x00,0x0e,0x00,0x00,0x0e,0x00,0x00,0x0e,0x00,0x00,0x0e,0x00,0x00,0x0e,0x00,0x00,0x0e,0x00,0x00,0x00,0x00,0x00,
  0x00,0x00,0x00,0x00,0x00,0x00,0x00,0x00,0x00,0x00,0x00,0x00,0x00,0x00,0x00,0x00,0x00,0x00,0x00,0x00,0x00,0x00,0x00,0x00,
  0x00,0x00,0x00,0x00,0x00,0x00,0x00,0x00,0x00,0x00,0x00,0x00,0x00,0x00,0x00,0x00,0x00,0x00,0x00,0x00,0x00,0x00,0x00,0x00,
  0x00,0x00,0x00,0x00,0x00,0x00,0x00,0x00,0x00,0x00,0x00,0x00,0x00,0x00,0x00,0x00,0x00,0x00,0x00,0x00,0x00,0x00,0x00,0x00,
  0x00,0x00,0x00,0x00,0x00,0x00,0x00,0x01,0xf8,0x00,0x07,0xff,0x00,0x0e,0x03,0x80,0x18,0x01,0xc0,0x30,0x00,0x60,0x63,0xf8,
  0x70,0x63,0xfc,0x30,0xc3,0x0c,0x30,0xc3,0x0c,0x18,0xc3,0xfc,0x18,0xc3,0xf0,0x18,0xc3,0x38,0x18,0xc3,0x1c,0x30,0x63,0x0c,
  0x30,0x63,0x0e,0x70,0x30,0x00,0xe0,0x18,0x01,0xc0,0x0e,0x07,0x80,0x07,0xff,0x00,0x01,0xf8,0x00,0x00,0x00,0x00,0x00,0x00,
  0x00,0x00,0x00,0x00,0x00,0x00,0x00,0x00,0x00,0x00,0x00,0x00,0x00,0x00,0x00,0x00,0x00,0x00,0x00,0x7f,0xff,0x80,0x7f,0xff,
  0x80,0x7f,0xff,0x80,0x00,0x00,0x00,0x00,0x00,0x00,0x00,0x00,0x00,0x00,0x00,0x00,0x00,0x00,0x00,0x00,0x00,0x00,0x00,0x00,
  0x00,0x00,0x00,0x00,0x00,0x00,0x00,0x00,0x00,0x00,0x00,0x00,0x00,0x00,0x00,0x00,0x00,0x00,0x00,0x00,0x00,0x00,0x00,0x00,
  0x00,0x00,0x00,0x00,0x00,0x00,0x00,0x00,0x00,0x00,0x00,0x00,0x00,0x00,0x00,0x00,0x00,0x00,0x00,0x00,0x00,0x00,0x00,0x00,
  0x00,0x00,0x00,0x00,0x00,0x00,0x00,0x00,0x00,0x00,0x00,0x00,0x00,0x00,0x00,0x00,0x00,0x00,0x00,0x00,0x00,0x00,0x00,0x00,
  0x00,0x00,0x0f,0x00,0x3f,0x80,0x31,0x80,0x60,0xc0,0x60,0xc0,0x31,0x80,0x3f,0x80,0x0f,0x00,0x00,0x00,0x00,0x00,0x00,0x00,
  0x00,0x00,0x00,0x00,0x00,0x00,0x00,0x00,0x00,0x00,0x00,0x00,0x00,0x00,0x00,0x00,0x00,0x00,0x00,0x00,0x00,0x00,0x00,0x00,
  0x00,0x00,0x00,0x00,0x00,0x00,0x00,0x00,0x00,0x00,0x00,0x00,0x00,0x00,0x00,0x00,0x00,0x00,0x00,0x00,0x03,0x80,0x03,0x80,
  0x03,0x80,0x03,0x80,0x03,0x80,0x7f,0xfe,0x7f,0xfe,0x7f,0xfe,0x7f,0xfe,0x03,0x80,0x03,0x80,0x03,0x80,0x03,0x80,0x03,0x80,
  0x00,0x00,0x7f,0xfe,0x7f,0xfe,0x7f,0xfe,0x7f,0xfe,0x00,0x00,0x00,0x00,0x00,0x00,0x00,0x00,0x00,0x00,0x00,0x00,0x00,0x00,
  0x00,0x00,0x00,0x00,0x00,0x00,0x00,0x00,0x00,0x00,0x3e,0x00,0x7f,0x00,0x63,0x00,0x03,0x00,0x07,0x00,0x0e,0x00,0x1c,0x00,
  0x38,0x00,0x7f,0x00,0xff,0x00,0x00,0x00,0x00,0x00,0x00,0x00,0x00,0x00,0x00,0x00,0x00,0x00,0x00,0x00,0x00,0x00,0x00,0x00,
  0x00,0x00,0x00,0x00,0x00,0x00,0x00,0x00,0x00,0x00,0x00,0x00,0x00,0x00,0x00,0x00,0x00,0x00,0x00,0x00,0x00,0x00,0x00,0x00,
  0x00,0x00,0x3e,0x00,0x7f,0x00,0x63,0x00,0x0f,0x00,0x0f,0x00,0x03,0x80,0x03,0x80,0x63,0x80,0x7f,0x00,0x3e,0x00,0x00,0x00,
  0x00,0x00,0x00,0x00,0x00,0x00,0x00,0x00,0x00,0x00,0x00,0x00,0x00,0x00,0x00,0x00,0x00,0x00,0x00,0x00,0x00,0x00,0x00,0x00,
  0x00,0x00,0x00,0x00,0x00,0x00,0x00,0x00,0x00,0x00,0x00,0x00,0x00,0x00,0x00,0x00,0x00,0x00,0x0f,0x00,0x0e,0x00,0x1c,0x00,
  0x18,0x00,0x00,0x00,0x00,0x00,0x00,0x00,0x00,0x00,0x00,0x00,0x00,0x00,0x00,0x00,0x00,0x00,0x00,0x00,0x00,0x00,0x00,0x00,
  0x00,0x00,0x00,0x00,0x00,0x00,0x00,0x00,0x00,0x00,0x00,0x00,0x00,0x00,0x00,0x00,0x00,0x00,0x00,0x00,0x00,0x00,0x00,0x00,
  0x00,0x00,0x00,0x00,0x00,0x00,0x00,0x00,0x00,0x00,0x00,0x00,0x00,0x00,0x00,0x00,0x00,0x00,0x00,0x00,0x00,0x00,0x00,0x00,
  0x00,0x00,0x00,0x00,0x00,0x00,0x38,0x1e,0x00,0x38,0x1e,0x00,0x38,0x1e,0x00,0x38,0x1e,0x00,0x38,0x1e,0x00,0x38,0x1e,0x00,
  0x38,0x1e,0x00,0x38,0x1e,0x00,0x38,0x1e,0x00,0x38,0x1e,0x00,0x3c,0x3e,0x00,0x3e,0x3e,0x00,0x3f,0xfe,0x00,0x3f,0xfe,0x00,
  0x39,0xde,0x00,0x38,0x00,0x00,0x38,0x00,0x00,0x38,0x00,0x00,0x38,0x00,0x00,0x38,0x00,0x00,0x38,0x00,0x00,0x00,0x00,0x00,
  0x00,0x00,0x00,0x00,0x00,0x00,0x00,0x00,0x00,0x00,0x1f,0xff,0x3f,0xff,0x7f,0xff,0xff,0x9c,0xff,0x9c,0xff,0x9c,0xff,0x9c,
  0xff,0x9c,0x7f,0x9c,0x3f,0x9c,0x1f,0x9c,0x03,0x9c,0x03,0x9c,0x03,0x9c,0x03,0x9c,0x03,0x9c,0x03,0x9c,0x03,0x9c,0x03,0x9c,
  0x03,0x9c,0x03,0x9c,0x03,0x9c,0x03,0x9c,0x03,0x9c,0x03,0x9c,0x00,0x00,0x00,0x00,0x00,0x00,0x00,0x00,0x00,0x00,0x00,0x00,
  0x00,0x00,0x00,0x00,0x00,0x00,0x00,0x00,0x00,0x00,0x00,0x00,0x00,0x00,0x00,0x00,0x00,0x00,0x1e,0x00,0x1e,0x00,0x1e,0x00,
  0x1e,0x00,0x00,0x00,0x00,0x00,0x00,0x00,0x00,0x00,0x00,0x00,0x00,0x00,0x00,0x00,0x00,0x00,0x00,0x00,0x00,0x00,0x00,0x00,
  0x00,0x00,0x00,0x00,0x00,0x00,0x00,0x00,0x00,0x00,0x00,0x00,0x00,0x00,0x00,0x00,0x00,0x00,0x00,0x00,0x00,0x00,0x00,0x00,
  0x00,0x00,0x00,0x00,0x00,0x00,0x00,0x00,0x00,0x00,0x00,0x00,0x00,0x00,0x00,0x00,0x00,0x00,0x00,0x00,0x00,0x00,0x00,0x00,
  0x00,0x00,0x00,0x00,0x00,0x00,0x00,0x00,0x00,0x00,0x3e,0x00,0x07,0x00,0x07,0x00,0x06,0x00,0x7c,0x00,0x00,0x00,0x00,0x00,
  0x00,0x00,0x00,0x00,0x00,0x00,0x00,0x00,0x00,0x00,0x0e,0x00,0x1e,0x00,0x7e,0x00,0x4e,0x00,0x0e,0x00,0x0e,0x00,0x0e,0x00,
  0x0e,0x00,0x0e,0x00,0x0e,0x00,0x00,0x00,0x00,0x00,0x00,0x00,0x00,0x00,0x00,0x00,0x00,0x00,0x00,0x00,0x00,0x00,0x00,0x00,
  0x00,0x00,0x00,0x00,0x00,0x00,0x00,0x00,0x00,0x00,0x00,0x00,0x00,0x00,0x00,0x00,0x00,0x00,0x00,0x00,0x00,0x00,0x00,0x00,
  0x00,0x00,0x1e,0x00,0x3f,0x80,0x73,0x80,0x61,0xc0,0x61,0xc0,0x61,0xc0,0x61,0xc0,0x73,0x80,0x3f,0x80,0x1e,0x00,0x00,0x00,
  0x00,0x00,0x00,0x00,0x00,0x00,0x00,0x00,0x00,0x00,0x00,0x00,0x00,0x00,0x00,0x00,0x00,0x00,0x00,0x00,0x00,0x00,0x00,0x00,
  0x00,0x00,0x00,0x00,0x00,0x00,0x00,0x00,0x00,0x00,0x00,0x00,0x00,0x00,0x00,0x00,0x00,0x00,0x00,0x00,0x00,0x00,0x00,0x00,
  0x00,0x00,0x00,0x00,0x00,0x00,0x39,0xc0,0x38,0xe0,0x1c,0xe0,0x1e,0x70,0x0e,0x78,0x0f,0x38,0x07,0x3c,0x0f,0x38,0x0e,0x78,
  0x1e,0x70,0x1c,0xe0,0x38,0xe0,0x39,0xc0,0x00,0x00,0x00,0x00,0x00,0x00,0x00,0x00,0x00,0x00,0x00,0x00,0x00,0x00,0x00,0x00,
  0x00,0x00,0x00,0x00,0x00,0x00,0x00,0x00,0x00,0x00,0x00,0x00,0x00,0x00,0x00,0x0e,0x00,0xc0,0x1e,0x00,0xc0,0x7e,0x01,0x80,
  0x4e,0x03,0x00,0x0e,0x03,0x00,0x0e,0x06,0x00,0x0e,0x06,0x00,0x0e,0x0c,0x00,0x0e,0x0c,0x00,0x0e,0x18,0x00,0x00,0x30,0x18,
  0x00,0x30,0x38,0x00,0x60,0x78,0x00,0x60,0xf8,0x00,0xc0,0xd8,0x01,0x81,0x98,0x01,0x83,0xfe,0x03,0x03,0xfe,0x03,0x00,0x18,
  0x06,0x00,0x18,0x00,0x00,0x00,0x00,0x00,0x00,0x00,0x00,0x00,0x00,0x00,0x00,0x00,0x00,0x00,0x00,0x00,0x00,0x00,0x00,0x00,
  0x00,0x00,0x00,0x00,0x00,0x00,0x00,0x00,0x00,0x00,0x00,0x00,0x00,0x00,0x00,0x0e,0x00,0xc0,0x1e,0x00,0xc0,0x7e,0x01,0x80,
  0x6e,0x01,0x80,0x0e,0x03,0x00,0x0e,0x06,0x00,0x0e,0x06,0x00,0x0e,0x0c,0x00,0x0e,0x0c,0x00,0x0e,0x18,0x00,0x00,0x30,0xf8,
  0x00,0x31,0xfc,0x00,0x61,0xcc,0x00,0x60,0x0c,0x00,0xc0,0x1c,0x01,0x80,0x38,0x01,0x80,0x70,0x03,0x00,0xe0,0x03,0x01,0xfc,
  0x06,0x01,0xfc,0x00,0x00,0x00,0x00,0x00,0x00,0x00,0x00,0x00,0x00,0x00,0x00,0x00,0x00,0x00,0x00,0x00,0x00,0x00,0x00,0x00,
  0x00,0x00,0x00,0x00,0x00,0x00,0x00,0x00,0x00,0x00,0x00,0x00,0x00,0x00,0x00,0x3e,0x00,0x60,0x7f,0x00,0xc0,0x63,0x01,0x80,
  0x0f,0x01,0x80,0x0f,0x03,0x00,0x03,0x83,0x00,0x03,0x86,0x00,0x63,0x86,0x00,0x7f,0x0c,0x00,0x3e,0x18,0x00,0x00,0x18,0x18,
  0x00,0x30,0x38,0x00,0x30,0x78,0x00,0x60,0xf8,0x00,0x60,0xd8,0x00,0xc1,0x98,0x01,0x83,0xfe,0x01,0x83,0xfe,0x03,0x00,0x18,
  0x03,0x00,0x18,0x00,0x00,0x00,0x00,0x00,0x00,0x00,0x00,0x00,0x00,0x00,0x00,0x00,0x00,0x00,0x00,0x00,0x00,0x00,0x00,0x00,
  0x00,0x00,0x00,0x00,0x00,0x00,0x00,0x00,0x00,0x00,0x00,0x00,0x00,0x00,0x00,0x00,0x00,0x00,0x00,0x00,0x00,0x00,0x00,0x00,
  0x00,0x00,0x00,0x00,0x00,0x00,0x01,0xc0,0x00,0x01,0xc0,0x00,0x01,0xc0,0x00,0x01,0xc0,0x00,0x00,0x00,0x00,0x00,0x00,0x00,
  0x01,0xc0,0x00,0x01,0xc0,0x00,0x03,0xc0,0x00,0x07,0xc0,0x00,0x0f,0x80,0x00,0x1f,0x00,0x00,0x3e,0x00,0x00,0x3c,0x00,0x00,
  0x38,0x00,0x00,0x38,0x0f,0x00,0x3c,0x0e,0x00,0x3c,0x1e,0x00,0x1f,0xfc,0x00,0x0f,0xf8,0x00,0x03,0xe0,0x00,0x00,0x00,0x00,
  0x01,0xe0,0x00,0x00,0xe0,0x00,0x00,0x70,0x00,0x00,0x00,0x00,0x00,0x00,0x00,0x01,0xf0,0x00,0x01,0xf8,0x00,0x01,0xf8,0x00,
  0x03,0xfc,0x00,0x03,0xfc,0x00,0x03,0x9c,0x00,0x07,0x9e,0x00,0x07,0x9e,0x00,0x0f,0x0f,0x00,0x0f,0x0f,0x00,0x0f,0x0f,0x00,
  0x1e,0x07,0x80,0x1f,0xff,0x80,0x1f,0xff,0x80,0x3f,0xff,0xc0,0x3c,0x03,0xc0,0x78,0x03,0xe0,0x78,0x01,0xe0,0x78,0x01,0xe0,
  0xf0,0x00,0xf0,0x00,0x00,0x00,0x00,0x00,0x00,0x00,0x00,0x00,0x00,0x00,0x00,0x00,0x00,0x00,0x00,0x00,0x00,0x00,0x00,0x00,
  0x00,0xf0,0x00,0x00,0xe0,0x00,0x01,0xc0,0x00,0x00,0x00,0x00,0x00,0x00,0x00,0x01,0xf0,0x00,0x01,0xf8,0x00,0x01,0xf8,0x00,
  0x03,0xfc,0x00,0x03,0xfc,0x00,0x03,0x9c,0x00,0x07,0x9e,0x00,0x07,0x9e,0x00,0x0f,0x0f,0x00,0x0f,0x0f,0x00,0x0f,0x0f,0x00,
  0x1e,0x07,0x80,0x1f,0xff,0x80,0x1f,0xff,0x80,0x3f,0xff,0xc0,0x3c,0x03,0xc0,0x78,0x03,0xe0,0x78,0x01,0xe0,0x78,0x01,0xe0,
  0xf0,0x00,0xf0,0x00,0x00,0x00,0x00,0x00,0x00,0x00,0x00,0x00,0x00,0x00,0x00,0x00,0x00,0x00,0x00,0x00,0x00,0x00,0x00,0x00,
  0x01,0xf0,0x00,0x03,0xb8,0x00,0x03,0x18,0x00,0x00,0x00,0x00,0x00,0x00,0x00,0x01,0xf0,0x00,0x01,0xf8,0x00,0x01,0xf8,0x00,
  0x03,0xfc,0x00,0x03,0xfc,0x00,0x03,0x9c,0x00,0x07,0x9e,0x00,0x07,0x9e,0x00,0x0f,0x0f,0x00,0x0f,0x0f,0x00,0x0f,0x0f,0x00,
  0x1e,0x07,0x80,0x1f,0xff,0x80,0x1f,0xff,0x80,0x3f,0xff,0xc0,0x3c,0x03,0xc0,0x78,0x03,0xe0,0x78,0x01,0xe0,0x78,0x01,0xe0,
  0xf0,0x00,0xf0,0x00,0x00,0x00,0x00,0x00,0x00,0x00,0x00,0x00,0x00,0x00,0x00,0x00,0x00,0x00,0x00,0x00,0x00,0x00,0x00,0x00,
  0x03,0x86,0x00,0x07,0xfc,0x00,0x06,0x3c,0x00,0x00,0x00,0x00,0x00,0x00,0x00,0x01,0xf0,0x00,0x01,0xf8,0x00,0x01,0xf8,0x00,
  0x03,0xfc,0x00,0x03,0xfc,0x00,0x03,0x9c,0x00,0x07,0x9e,0x00,0x07,0x9e,0x00,0x0f,0x0f,0x00,0x0f,0x0f,0x00,0x0f,0x0f,0x00,
  0x1e,0x07,0x80,0x1f,0xff,0x80,0x1f,0xff,0x80,0x3f,0xff,0xc0,0x3c,0x03,0xc0,0x78,0x03,0xe0,0x78,0x01,0xe0,0x78,0x01,0xe0,
  0xf0,0x00,0xf0,0x00,0x00,0x00,0x00,0x00,0x00,0x00,0x00,0x00,0x00,0x00,0x00,0x00,0x00,0x00,0x00,0x00,0x00,0x00,0x00,0x00,
  0x07,0x1c,0x00,0x07,0x1c,0x00,0x07,0x1c,0x00,0x00,0x00,0x00,0x00,0x00,0x00,0x01,0xf0,0x00,0x01,0xf8,0x00,0x01,0xf8,0x00,
  0x03,0xfc,0x00,0x03,0xfc,0x00,0x03,0x9c,0x00,0x07,0x9e,0x00,0x07,0x9e,0x00,0x0f,0x0f,0x00,0x0f,0x0f,0x00,0x0f,0x0f,0x00,
  0x1e,0x07,0x80,0x1f,0xff,0x80,0x1f,0xff,0x80,0x3f,0xff,0xc0,0x3c,0x03,0xc0,0x78,0x03,0xe0,0x78,0x01,0xe0,0x78,0x01,0xe0,
  0xf0,0x00,0xf0,0x00,0x00,0x00,0x00,0x00,0x00,0x00,0x00,0x00,0x00,0x00,0x00,0x00,0x00,0x00,0x00,0x00,0x00,0x00,0x00,0x00,
  0x00,0x00,0x00,0x00,0x00,0x00,0x00,0x70,0x00,0x00,0x98,0x00,0x00,0x98,0x00,0x01,0xf0,0x00,0x01,0xf8,0x00,0x01,0xf8,0x00,
  0x03,0xfc,0x00,0x03,0xfc,0x00,0x03,0x9c,0x00,0x07,0x9e,0x00,0x07,0x9e,0x00,0x0f,0x0f,0x00,0x0f,0x0f,0x00,0x0f,0x0f,0x00,
  0x1e,0x07,0x80,0x1f,0xff,0x80,0x1f,0xff,0x80,0x3f,0xff,0xc0,0x3c,0x03,0xc0,0x78,0x03,0xe0,0x78,0x01,0xe0,0x78,0x01,0xe0,
  0xf0,0x00,0xf0,0x00,0x00,0x00,0x00,0x00,0x00,0x00,0x00,0x00,0x00,0x00,0x00,0x00,0x00,0x00,0x00,0x00,0x00,0x00,0x00,0x00,
  0x00,0x00,0x00,0x00,0x00,0x00,0x00,0x00,0x00,0x00,0x00,0x00,0x00,0x00,0x00,0x00,0x00,0x00,0x00,0x00,0x00,0x3f,0xff,0xf0,
  0x00,0x3f,0xff,0xf0,0x00,0x7f,0xff,0xf0,0x00,0x7b,0xff,0xf0,0x00,0xf3,0x80,0x00,0x00,0xf3,0x80,0x00,0x01,0xe3,0x80,0x00,
  0x01,0xe3,0xff,0xe0,0x03,0xc3,0xff,0xe0,0x03,0xc3,0xff,0xe0,0x07,0x83,0xff,0xe0,0x07,0xff,0x80,0x00,0x0f,0xff,0x80,0x00,
  0x0f,0xff,0x80,0x00,0x0f,0xff,0x80,0x00,0x1e,0x03,0x80,0x00,0x1e,0x03,0xff,0xf8,0x3c,0x03,0xff,0xf8,0x3c,0x03,0xff,0xf8,
  0x78,0x03,0xff,0xf8,0x00,0x00,0x00,0x00,0x00,0x00,0x00,0x00,0x00,0x00,0x00,0x00,0x00,0x00,0x00,0x00,0x00,0x00,0x00,0x00,
  0x00,0x00,0x00,0x00,0x00,0x00,0x00,0x00,0x00,0x00,0x00,0x00,0x00,0x00,0x00,0x00,0x00,0x00,0x00,0x00,0x00,0x00,0x00,0x00,
  0xfc,0x00,0x07,0xff,0x00,0x0f,0xff,0x80,0x1f,0xff,0xc0,0x1f,0x07,0xc0,0x3e,0x03,0xc0,0x3c,0x01,0x00,0x3c,0x00,0x00,0x78,
  0x00,0x00,0x78,0x00,0x00,0x78,0x00,0x00,0x78,0x00,0x00,0x3c,0x01,0x80,0x3c,0x01,0xe0,0x3e,0x03,0xc0,0x1f,0x07,0xc0,0x1f,
  0xff,0x80,0x0f,0xff,0x80,0x07,0xfe,0x00,0x00,0xf8,0x00,0x00,0xf0,0x00,0x00,0x18,0x00,0x00,0x18,0x00,0x00,0x18,0x00,0x03,
  0xf0,0x00,0x00,0x00,0x00,0x00,0x00,0x00,0x01,0xc0,0x00,0x00,0xe0,0x00,0x00,0x60,0x00,0x00,0x00,0x00,0x00,0x00,0x00,0x3f,
  0xff,0x80,0x3f,0xff,0x80,0x3f,0xff,0x80,0x3f,0xff,0x80,0x3c,0x00,0x00,0x3c,0x00,0x00,0x3c,0x00,0x00,0x3c,0x00,0x00,0x3f,
  0xff,0x00,0x3f,0xff,0x00,0x3f,0xff,0x00,0x3f,0xff,0x00,0x3c,0x00,0x00,0x3c,0x00,0x00,0x3c,0x00,0x00,0x3c,0x00,0x00,0x3f,
  0xff,0x80,0x3f,0xff,0x80,0x3f,0xff,0x80,0x3f,0xff,0x80,0x00,0x00,0x00,0x00,0x00,0x00,0x00,0x00,0x00,0x00,0x00,0x00,0x00,
  0x00,0x00,0x00,0x00,0x00,0x00,0x00,0x00,0x00,0x70,0x00,0x00,0xe0,0x00,0x00,0xc0,0x00,0x00,0x00,0x00,0x00,0x00,0x00,0x3f,
  0xff,0x80,0x3f,0xff,0x80,0x3f,0xff,0x80,0x3f,0xff,0x80,0x3c,0x00,0x00,0x3c,0x00,0x00,0x3c,0x00,0x00,0x3c,0x00,0x00,0x3f,
  0xff,0x00,0x3f,0xff,0x00,0x3f,0xff,0x00,0x3f,0xff,0x00,0x3c,0x00,0x00,0x3c,0x00,0x00,0x3c,0x00,0x00,0x3c,0x00,0x00,0x3f,
  0xff,0x80,0x3f,0xff,0x80,0x3f,0xff,0x80,0x3f,0xff,0x80,0x00,0x00,0x00,0x00,0x00,0x00,0x00,0x00,0x00,0x00,0x00,0x00,0x00,
  0x00,0x00,0x00,0x00,0x00,0x00,0x00,0x00,0x03,0xe0,0x00,0x07,0x70,0x00,0x06,0x30,0x00,0x00,0x00,0x00,0x00,0x00,0x00,0x3f,
  0xff,0x80,0x3f,0xff,0x80,0x3f,0xff,0x80,0x3f,0xff,0x80,0x3c,0x00,0x00,0x3c,0x00,0x00,0x3c,0x00,0x00,0x3c,0x00,0x00,0x3f,
  0xff,0x00,0x3f,0xff,0x00,0x3f,0xff,0x00,0x3f,0xff,0x00,0x3c,0x00,0x00,0x3c,0x00,0x00,0x3c,0x00,0x00,0x3c,0x00,0x00,0x3f,
  0xff,0x80,0x3f,0xff,0x80,0x3f,0xff,0x80,0x3f,0xff,0x80,0x00,0x00,0x00,0x00,0x00,0x00,0x00,0x00,0x00,0x00,0x00,0x00,0x00,
  0x00,0x00,0x00,0x00,0x00,0x00,0x00,0x00,0x07,0x1c,0x00,0x07,0x1c,0x00,0x07,0x1c,0x00,0x00,0x00,0x00,0x00,0x00,0x00,0x3f,
  0xff,0x80,0x3f,0xff,0x80,0x3f,0xff,0x80,0x3f,0xff,0x80,0x3c,0x00,0x00,0x3c,0x00,0x00,0x3c,0x00,0x00,0x3c,0x00,0x00,0x3f,
  0xff,0x00,0x3f,0xff,0x00,0x3f,0xff,0x00,0x3f,0xff,0x00,0x3c,0x00,0x00,0x3c,0x00,0x00,0x3c,0x00,0x00,0x3c,0x00,0x00,0x3f,
  0xff,0x80,0x3f,0xff,0x80,0x3f,0xff,0x80,0x3f,0xff,0x80,0x00,0x00,0x00,0x00,0x00,0x00,0x00,0x00,0x00,0x00,0x00,0x00,0x00,
  0x00,0x00,0x00,0x00,0x00,0x00,0x00,0x00,0x38,0x1c,0x0c,0x00,0x00,0x3c,0x3c,0x3c,0x3c,0x3c,0x3c,0x3c,0x3c,0x3c,0x3c,0x3c,
  0x3c,0x3c,0x3c,0x3c,0x3c,0x3c,0x3c,0x3c,0x3c,0x00,0x00,0x00,0x00,0x00,0x00,0x00,0x1c,0x38,0x30,0x00,0x00,0x3c,0x3c,0x3c,
  0x3c,0x3c,0x3c,0x3c,0x3c,0x3c,0x3c,0x3c,0x3c,0x3c,0x3c,0x3c,0x3c,0x3c,0x3c,0x3c,0x3c,0x00,0x00,0x00,0x00,0x00,0x00,0x00,
  0x3e,0x00,0x77,0x00,0x63,0x00,0x00,0x00,0x00,0x00,0x3c,0x00,0x3c,0x00,0x3c,0x00,0x3c,0x00,0x3c,0x00,0x3c,0x00,0x3c,0x00,
  0x3c,0x00,0x3c,0x00,0x3c,0x00,0x3c,0x00,0x3c,0x00,0x3c,0x00,0x3c,0x00,0x3c,0x00,0x3c,0x00,0x3c,0x00,0x3c,0x00,0x3c,0x00,
  0x3c,0x00,0x00,0x00,0x00,0x00,0x00,0x00,0x00,0x00,0x00,0x00,0x00,0x00,0x00,0x00,0x71,0xc0,0x71,0xc0,0x71,0xc0,0x00,0x00,
  0x00,0x00,0x1e,0x00,0x1e,0x00,0x1e,0x00,0x1e,0x00,0x1e,0x00,0x1e,0x00,0x1e,0x00,0x1e,0x00,0x1e,0x00,0x1e,0x00,0x1e,0x00,
  0x1e,0x00,0x1e,0x00,0x1e,0x00,0x1e,0x00,0x1e,0x00,0x1e,0x00,0x1e,0x00,0x1e,0x00,0x1e,0x00,0x00,0x00,0x00,0x00,0x00,0x00,
  0x00,0x00,0x00,0x00,0x00,0x00,0x00,0x00,0x00,0x00,0x00,0x00,0x00,0x00,0x00,0x00,0x00,0x00,0x00,0x00,0x00,0x00,0x00,0x3f,
  0xf8,0x00,0x3f,0xfe,0x00,0x3f,0xff,0x80,0x3f,0xff,0x80,0x3c,0x0f,0xc0,0x3c,0x03,0xc0,0x3c,0x03,0xe0,0x3c,0x01,0xe0,0xff,
  0xc1,0xe0,0xff,0xc1,0xe0,0xff,0xc1,0xe0,0x3c,0x01,0xe0,0x3c,0x01,0xe0,0x3c,0x03,0xe0,0x3c,0x03,0xc0,0x3c,0x07,0xc0,0x3f,
  0xff,0x80,0x3f,0xff,0x80,0x3f,0xfe,0x00,0x3f,0xf8,0x00,0x00,0x00,0x00,0x00,0x00,0x00,0x00,0x00,0x00,0x00,0x00,0x00,0x00,
  0x00,0x00,0x00,0x00,0x00,0x00,0x00,0x00,0x01,0xc6,0x00,0x03,0xfe,0x00,0x02,0x1c,0x00,0x00,0x00,0x00,0x00,0x00,0x00,0x3c,
  0x03,0xc0,0x3e,0x03,0xc0,0x3f,0x03,0xc0,0x3f,0x03,0xc0,0x3f,0x83,0xc0,0x3f,0x83,0xc0,0x3f,0xc3,0xc0,0x3f,0xe3,0xc0,0x3d,
  0xe3,0xc0,0x3c,0xf3,0xc0,0x3c,0xf3,0xc0,0x3c,0x7b,0xc0,0x3c,0x7f,0xc0,0x3c,0x3f,0xc0,0x3c,0x1f,0xc0,0x3c,0x1f,0xc0,0x3c,
  0x0f,0xc0,0x3c,0x07,0xc0,0x3c,0x07,0xc0,0x3c,0x03,0xc0,0x00,0x00,0x00,0x00,0x00,0x00,0x00,0x00,0x00,0x00,0x00,0x00,0x00,
  0x00,0x00,0x00,0x00,0x00,0x00,0x00,0x00,0x00,0x70,0x00,0x00,0x38,0x00,0x00,0x18,0x00,0x00,0x00,0x00,0x00,0x00,0x00,0x00,
  0xfc,0x00,0x07,0xff,0x00,0x0f,0xff,0xc0,0x1f,0xff,0xe0,0x1f,0x03,0xe0,0x3e,0x01,0xf0,0x3c,0x00,0xf0,0x3c,0x00,0xf0,0x78,
  0x00,0xf0,0x78,0x00,0xf0,0x78,0x00,0xf0,0x78,0x00,0xf0,0x3c,0x00,0xf0,0x3c,0x00,0xf0,0x3e,0x01,0xf0,0x1f,0x03,0xe0,0x1f,
  0xff,0xe0,0x0f,0xff,0xc0,0x07,0xff,0x00,0x00,0xfc,0x00,0x00,0x00,0x00,0x00,0x00,0x00,0x00,0x00,0x00,0x00,0x00,0x00,0x00,
  0x00,0x00,0x00,0x00,0x00,0x00,0x00,0x00,0x00,0x38,0x00,0x00,0x70,0x00,0x00,0x60,0x00,0x00,0x00,0x00,0x00,0x00,0x00,0x00,
  0xfc,0x00,0x07,0xff,0x00,0x0f,0xff,0xc0,0x1f,0xff,0xe0,0x1f,0x03,0xe0,0x3e,0x01,0xf0,0x3c,0x00,0xf0,0x3c,0x00,0xf0,0x78,
  0x00,0xf0,0x78,0x00,0xf0,0x78,0x00,0xf0,0x78,0x00,0xf0,0x3c,0x00,0xf0,0x3c,0x00,0xf0,0x3e,0x01,0xf0,0x1f,0x03,0xe0,0x1f,
  0xff,0xe0,0x0f,0xff,0xc0,0x07,0xff,0x00,0x00,0xfc,0x00,0x00,0x00,0x00,0x00,0x00,0x00,0x00,0x00,0x00,0x00,0x00,0x00,0x00,
  0x00,0x00,0x00,0x00,0x00,0x00,0x00,0x00,0x00,0xf8,0x00,0x01,0xdc,0x00,0x01,0x8c,0x00,0x00,0x00,0x00,0x00,0x00,0x00,0x00,
  0xfc,0x00,0x07,0xff,0x00,0x0f,0xff,0xc0,0x1f,0xff,0xe0,0x1f,0x03,0xe0,0x3e,0x01,0xf0,0x3c,0x00,0xf0,0x3c,0x00,0xf0,0x78,
  0x00,0xf0,0x78,0x00,0xf0,0x78,0x00,0xf0,0x78,0x00,0xf0,0x3c,0x00,0xf0,0x3c,0x00,0xf0,0x3e,0x01,0xf0,0x1f,0x03,0xe0,0x1f,
  0xff,0xe0,0x0f,0xff,0xc0,0x07,0xff,0x00,0x00,0xfc,0x00,0x00,0x00,0x00,0x00,0x00,0x00,0x00,0x00,0x00,0x00,0x00,0x00,0x00,
  0x00,0x00,0x00,0x00,0x00,0x00,0x00,0x00,0x01,0xc3,0x00,0x03,0xfe,0x00,0x03,0x1e,0x00,0x00,0x00,0x00,0x00,0x00,0x00,0x00,
  0xfc,0x00,0x07,0xff,0x00,0x0f,0xff,0xc0,0x1f,0xff,0xe0,0x1f,0x03,0xe0,0x3e,0x01,0xf0,0x3c,0x00,0xf0,0x3c,0x00,0xf0,0x78,
  0x00,0xf0,0x78,0x00,0xf0,0x78,0x00,0xf0,0x78,0x00,0xf0,0x3c,0x00,0xf0,0x3c,0x00,0xf0,0x3e,0x01,0xf0,0x1f,0x03,0xe0,0x1f,
  0xff,0xe0,0x0f,0xff,0xc0,0x07,0xff,0x00,0x00,0xfc,0x00,0x00,0x00,0x00,0x00,0x00,0x00,0x00,0x00,0x00,0x00,0x00,0x00,0x00,
  0x00,0x00,0x00,0x00,0x00,0x00,0x00,0x00,0x01,0xc7,0x00,0x01,0xc7,0x00,0x01,0xc7,0x00,0x00,0x00,0x00,0x00,0x00,0x00,0x00,
  0xfc,0x00,0x07,0xff,0x00,0x0f,0xff,0xc0,0x1f,0xff,0xe0,0x1f,0x03,0xe0,0x3e,0x01,0xf0,0x3c,0x00,0xf0,0x3c,0x00,0xf0,0x78,
  0x00,0xf0,0x78,0x00,0xf0,0x78,0x00,0xf0,0x78,0x00,0xf0,0x3c,0x00,0xf0,0x3c,0x00,0xf0,0x3e,0x01,0xf0,0x1f,0x03,0xe0,0x1f,
  0xff,0xe0,0x0f,0xff,0xc0,0x07,0xff,0x00,0x00,0xfc,0x00,0x00,0x00,0x00,0x00,0x00,0x00,0x00,0x00,0x00,0x00,0x00,0x00,0x00,
  0x00,0x00,0x00,0x00,0x00,0x00,0x00,0x00,0x00,0x00,0x00,0x00,0x00,0x00,0x00,0x00,0x00,0x00,0x00,0x00,0x00,0x00,0x00,0x00,
  0x00,0x00,0x00,0x00,0x00,0x00,0x00,0x00,0x00,0x00,0x00,0x08,0x08,0x00,0x1c,0x1c,0x00,0x3e,0x3e,0x00,0x1f,0x7c,0x00,0x0f,
  0xf8,0x00,0x07,0xf0,0x00,0x07,0xe0,0x00,0x07,0xf0,0x00,0x0f,0xf8,0x00,0x1f,0x7c,0x00,0x3e,0x3e,0x00,0x1c,0x1c,0x00,0x00,
  0x08,0x00,0x00,0x00,0x00,0x00,0x00,0x00,0x00,0x00,0x00,0x00,0x00,0x00,0x00,0x00,0x00,0x00,0x00,0x00,0x00,0x00,0x00,0x00,
  0x00,0x00,0x00,0x00,0x00,0x00,0x00,0x00,0x00,0x00,0x00,0x00,0x00,0x00,0x00,0x00,0x00,0x00,0x00,0x00,0x00,0x00,0x00,0x00,
  0xfc,0x30,0x07,0xff,0xf8,0x0f,0xff,0xf0,0x1f,0xff,0xe0,0x3f,0x03,0xf0,0x3e,0x07,0xf0,0x3c,0x0f,0xf0,0x78,0x1e,0xf0,0x78,
  0x3c,0x78,0x78,0x78,0x78,0x78,0xf0,0x78,0x79,0xe0,0x78,0x7f,0xc0,0xf8,0x3f,0x80,0xf0,0x3f,0x81,0xf0,0x3f,0x03,0xe0,0x1f,
  0xff,0xe0,0x3f,0xff,0xc0,0x7f,0xff,0x00,0x31,0xfc,0x00,0x00,0x00,0x00,0x00,0x00,0x00,0x00,0x00,0x00,0x00,0x00,0x00,0x00,
  0x00,0x00,0x00,0x00,0x00,0x00,0x00,0x00,0x00,0xe0,0x00,0x00,0x70,0x00,0x00,0x30,0x00,0x00,0x00,0x00,0x00,0x00,0x00,0x3c,
  0x03,0xc0,0x3c,0x03,0xc0,0x3c,0x03,0xc0,0x3c,0x03,0xc0,0x3c,0x03,0xc0,0x3c,0x03,0xc0,0x3c,0x03,0xc0,0x3c,0x03,0xc0,0x3c,
  0x03,0xc0,0x3c,0x03,0xc0,0x3c,0x03,0xc0,0x3c,0x03,0xc0,0x3c,0x03,0xc0,0x3c,0x03,0xc0,0x3c,0x03,0xc0,0x1f,0x07,0xc0,0x1f,
  0xff,0x80,0x0f,0xff,0x80,0x07,0xff,0x00,0x01,0xfc,0x00,0x00,0x00,0x00,0x00,0x00,0x00,0x00,0x00,0x00,0x00,0x00,0x00,0x00,
  0x00,0x00,0x00,0x00,0x00,0x00,0x00,0x00,0x00,0x70,0x00,0x00,0xe0,0x00,0x00,0xc0,0x00,0x00,0x00,0x00,0x00,0x00,0x00,0x3c,
  0x03,0xc0,0x3c,0x03,0xc0,0x3c,0x03,0xc0,0x3c,0x03,0xc0,0x3c,0x03,0xc0,0x3c,0x03,0xc0,0x3c,0x03,0xc0,0x3c,0x03,0xc0,0x3c,
  0x03,0xc0,0x3c,0x03,0xc0,0x3c,0x03,0xc0,0x3c,0x03,0xc0,0x3c,0x03,0xc0,0x3c,0x03,0xc0,0x3c,0x03,0xc0,0x1f,0x07,0xc0,0x1f,
  0xff,0x80,0x0f,0xff,0x80,0x07,0xff,0x00,0x01,0xfc,0x00,0x00,0x00,0x00,0x00,0x00,0x00,0x00,0x00,0x00,0x00,0x00,0x00,0x00,
  0x00,0x00,0x00,0x00,0x00,0x00,0x00,0x00,0x01,0xf0,0x00,0x03,0xb8,0x00,0x03,0x18,0x00,0x00,0x00,0x00,0x00,0x00,0x00,0x3c,
  0x03,0xc0,0x3c,0x03,0xc0,0x3c,0x03,0xc0,0x3c,0x03,0xc0,0x3c,0x03,0xc0,0x3c,0x03,0xc0,0x3c,0x03,0xc0,0x3c,0x03,0xc0,0x3c,
  0x03,0xc0,0x3c,0x03,0xc0,0x3c,0x03,0xc0,0x3c,0x03,0xc0,0x3c,0x03,0xc0,0x3c,0x03,0xc0,0x3c,0x03,0xc0,0x1f,0x07,0xc0,0x1f,
  0xff,0x80,0x0f,0xff,0x80,0x07,0xff,0x00,0x01,0xfc,0x00,0x00,0x00,0x00,0x00,0x00,0x00,0x00,0x00,0x00,0x00,0x00,0x00,0x00,
  0x00,0x00,0x00,0x00,0x00,0x00,0x00,0x00,0x03,0x8e,0x00,0x03,0x8e,0x00,0x03,0x8e,0x00,0x00,0x00,0x00,0x00,0x00,0x00,0x3c,
  0x03,0xc0,0x3c,0x03,0xc0,0x3c,0x03,0xc0,0x3c,0x03,0xc0,0x3c,0x03,0xc0,0x3c,0x03,0xc0,0x3c,0x03,0xc0,0x3c,0x03,0xc0,0x3c,
  0x03,0xc0,0x3c,0x03,0xc0,0x3c,0x03,0xc0,0x3c,0x03,0xc0,0x3c,0x03,0xc0,0x3c,0x03,0xc0,0x3c,0x03,0xc0,0x1f,0x07,0xc0,0x1f,
  0xff,0x80,0x0f,0xff,0x80,0x07,0xff,0x00,0x01,0xfc,0x00,0x00,0x00,0x00,0x00,0x00,0x00,0x00,0x00,0x00,0x00,0x00,0x00,0x00,
  0x00,0x00,0x00,0x00,0x00,0x00,0x00,0x00,0x00,0xe0,0x00,0x01,0xc0,0x00,0x01,0x80,0x00,0x00,0x00,0x00,0x00,0x00,0x00,0xf8,
  0x03,0xc0,0x78,0x07,0x80,0x3c,0x07,0x80,0x3e,0x0f,0x00,0x1e,0x1f,0x00,0x0f,0x1e,0x00,0x0f,0x3c,0x00,0x07,0xbc,0x00,0x07,
  0xf8,0x00,0x03,0xf0,0x00,0x01,0xf0,0x00,0x01,0xe0,0x00,0x01,0xe0,0x00,0x01,0xe0,0x00,0x01,0xe0,0x00,0x01,0xe0,0x00,0x01,
  0xe0,0x00,0x01,0xe0,0x00,0x01,0xe0,0x00,0x01,0xe0,0x00,0x00,0x00,0x00,0x00,0x00,0x00,0x00,0x00,0x00,0x00,0x00,0x00,0x00,
  0x00,0x00,0x00,0x00,0x00,0x00,0x00,0x00,0x00,0x00,0x00,0x00,0x00,0x00,0x00,0x00,0x00,0x00,0x00,0x00,0x00,0x00,0x00,0x3c,
  0x00,0x00,0x3c,0x00,0x00,0x3c,0x00,0x00,0x3c,0x00,0x00,0x3f,0xfc,0x00,0x3f,0xfe,0x00,0x3f,0xff,0x00,0x3f,0xff,0x80,0x3c,
  0x0f,0x80,0x3c,0x07,0x80,0x3c,0x07,0x80,0x3c,0x0f,0x80,0x3f,0xff,0x80,0x3f,0xff,0x00,0x3f,0xfe,0x00,0x3f,0xf8,0x00,0x3c,
  0x00,0x00,0x3c,0x00,0x00,0x3c,0x00,0x00,0x3c,0x00,0x00,0x00,0x00,0x00,0x00,0x00,0x00,0x00,0x00,0x00,0x00,0x00,0x00,0x00,
  0x00,0x00,0x00,0x00,0x00,0x00,0x00,0x00,0x00,0x00,0x00,0x00,0x00,0x00,0x00,0x00,0x00,0x00,0x00,0x00,0x00,0x00,0x00,0x07,
  0xe0,0x00,0x0f,0xf0,0x00,0x1f,0xf8,0x00,0x3e,0x78,0x00,0x3c,0x38,0x00,0x3c,0x78,0x00,0x3c,0x70,0x00,0x3c,0xf0,0x00,0x3c,
  0xe0,0x00,0x3c,0xf0,0x00,0x3c,0xf8,0x00,0x3c,0x7c,0x00,0x3c,0x3e,0x00,0x3c,0x1e,0x00,0x3c,0x0f,0x00,0x3c,0x0f,0x00,0x3d,
  0xcf,0x00,0x3d,0xff,0x00,0x3c,0xfe,0x00,0x3c,0x78,0x00,0x00,0x00,0x00,0x00,0x00,0x00,0x00,0x00,0x00,0x00,0x00,0x00,0x00,
  0x00,0x00,0x00,0x00,0x00,0x00,0x00,0x00,0x00,0x00,0x00,0x00,0x00,0x00,0x00,0x00,0x00,0x00,0x07,0x80,0x03,0x80,0x01,0xc0,
  0x00,0xc0,0x00,0x00,0x07,0xe0,0x1f,0xf8,0x3f,0xf8,0x3c,0x78,0x18,0x38,0x00,0x78,0x07,0xf8,0x1f,0xb8,0x38,0x38,0x78,0x38,
  0x78,0x78,0x78,0xf8,0x7f,0xfc,0x3f,0xfc,0x1f,0x1c,0x00,0x00,0x00,0x00,0x00,0x00,0x00,0x00,0x00,0x00,0x00,0x00,0x00,0x00,
  0x00,0x00,0x00,0x00,0x00,0x00,0x00,0x00,0x00,0x00,0x01,0xe0,0x01,0xc0,0x03,0x80,0x03,0x00,0x00,0x00,0x07,0xe0,0x1f,0xf8,
  0x3f,0xf8,0x3c,0x78,0x18,0x38,0x00,0x78,0x07,0xf8,0x1f,0xb8,0x38,0x38,0x78,0x38,0x78,0x78,0x78,0xf8,0x7f,0xfc,0x3f,0xfc,
  0x1f,0x1c,0x00,0x00,0x00,0x00,0x00,0x00,0x00,0x00,0x00,0x00,0x00,0x00,0x00,0x00,0x00,0x00,0x00,0x00,0x00,0x00,0x00,0x00,
  0x00,0x00,0x03,0x80,0x07,0xc0,0x0e,0xe0,0x0c,0x60,0x00,0x00,0x07,0xe0,0x1f,0xf8,0x3f,0xf8,0x3c,0x78,0x18,0x38,0x00,0x78,
  0x07,0xf8,0x1f,0xb8,0x38,0x38,0x78,0x38,0x78,0x78,0x78,0xf8,0x7f,0xfc,0x3f,0xfc,0x1f,0x1c,0x00,0x00,0x00,0x00,0x00,0x00,
  0x00,0x00,0x00,0x00,0x00,0x00,0x00,0x00,0x00,0x00,0x00,0x00,0x00,0x00,0x00,0x00,0x00,0x00,0x00,0x00,0x0e,0x18,0x1f,0xf0,
  0x18,0xf0,0x00,0x00,0x07,0xe0,0x1f,0xf8,0x3f,0xf8,0x3c,0x78,0x18,0x38,0x00,0x78,0x07,0xf8,0x1f,0xb8,0x38,0x38,0x78,0x38,
  0x78,0x78,0x78,0xf8,0x7f,0xfc,0x3f,0xfc,0x1f,0x1c,0x00,0x00,0x00,0x00,0x00,0x00,0x00,0x00,0x00,0x00,0x00,0x00,0x00,0x00,
  0x00,0x00,0x00,0x00,0x00,0x00,0x00,0x00,0x00,0x00,0x00,0x00,0x1c,0x70,0x1c,0x70,0x1c,0x70,0x00,0x00,0x07,0xe0,0x1f,0xf8,
  0x3f,0xf8,0x3c,0x78,0x18,0x38,0x00,0x78,0x07,0xf8,0x1f,0xb8,0x38,0x38,0x78,0x38,0x78,0x78,0x78,0xf8,0x7f,0xfc,0x3f,0xfc,
  0x1f,0x1c,0x00,0x00,0x00,0x00,0x00,0x00,0x00,0x00,0x00,0x00,0x00,0x00,0x00,0x00,0x00,0x00,0x00,0x00,0x00,0x00,0x00,0x00,
  0x00,0x00,0x03,0xc0,0x06,0x60,0x06,0x60,0x03,0xc0,0x00,0x00,0x07,0xe0,0x1f,0xf8,0x3f,0xf8,0x3c,0x78,0x18,0x38,0x00,0x78,
  0x07,0xf8,0x1f,0xb8,0x38,0x38,0x78,0x38,0x78,0x78,0x78,0xf8,0x7f,0xfc,0x3f,0xfc,0x1f,0x1c,0x00,0x00,0x00,0x00,0x00,0x00,
  0x00,0x00,0x00,0x00,0x00,0x00,0x00,0x00,0x00,0x00,0x00,0x00,0x00,0x00,0x00,0x00,0x00,0x00,0x00,0x00,0x00,0x00,0x00,0x00,
  0x00,0x00,0x00,0x00,0x00,0x00,0x00,0x00,0x00,0x00,0x00,0x00,0x00,0x00,0x00,0x00,0x00,0x00,0x00,0x00,0x00,0x00,0x00,0x00,
  0x07,0xe3,0xe0,0x00,0x1f,0xff,0xf8,0x00,0x3f,0xff,0xfc,0x00,0x3c,0x7e,0x1c,0x00,0x08,0x3c,0x1e,0x00,0x00,0x3c,0x0e,0x00,
  0x00,0xff,0xfe,0x00,0x0f,0xff,0xfe,0x00,0x3e,0x3f,0xfe,0x00,0x78,0x3c,0x00,0x00,0x78,0x3c,0x00,0x00,0x78,0x7e,0x18,0x00,
  0x7f,0xff,0xfe,0x00,0x3f,0xef,0xfc,0x00,0x1f,0x83,0xf0,0x00,0x00,0x00,0x00,0x00,0x00,0x00,0x00,0x00,0x00,0x00,0x00,0x00,
  0x00,0x00,0x00,0x00,0x00,0x00,0x00,0x00,0x00,0x00,0x00,0x00,0x00,0x00,0x00,0x00,0x00,0x00,0x00,0x00,0x00,0x00,0x00,0x00,
  0x00,0x00,0x00,0x00,0x00,0x00,0x00,0x00,0x00,0x00,0x00,0x00,0x07,0xe0,0x0f,0xf8,0x1f,0xfc,0x3c,0x3c,0x38,0x10,0x78,0x00,
  0x78,0x00,0x78,0x00,0x78,0x00,0x78,0x00,0x38,0x18,0x3c,0x3e,0x1f,0xfc,0x0f,0xf8,0x07,0xe0,0x03,0xc0,0x00,0x60,0x00,0x60,
  0x00,0x60,0x0f,0xc0,0x00,0x00,0x00,0x00,0x00,0x00,0x00,0x00,0x00,0x00,0x00,0x00,0x00,0x00,0x0f,0x00,0x07,0x00,0x03,0x80,
  0x01,0x80,0x00,0x00,0x07,0xc0,0x1f,0xf0,0x3f,0xf8,0x3c,0x3c,0x78,0x3c,0x78,0x1c,0x7f,0xfc,0x7f,0xfc,0x7f,0xfc,0x78,0x00,
  0x78,0x00,0x3c,0x30,0x3f,0xfc,0x1f,0xf8,0x07,0xe0,0x00,0x00,0x00,0x00,0x00,0x00,0x00,0x00,0x00,0x00,0x00,0x00,0x00,0x00,
  0x00,0x00,0x00,0x00,0x00,0x00,0x00,0x00,0x00,0x00,0x01,0xe0,0x01,0xc0,0x03,0x80,0x03,0x00,0x00,0x00,0x07,0xc0,0x1f,0xf0,
  0x3f,0xf8,0x3c,0x3c,0x78,0x3c,0x78,0x1c,0x7f,0xfc,0x7f,0xfc,0x7f,0xfc,0x78,0x00,0x78,0x00,0x3c,0x30,0x3f,0xfc,0x1f,0xf8,
  0x07,0xe0,0x00,0x00,0x00,0x00,0x00,0x00,0x00,0x00,0x00,0x00,0x00,0x00,0x00,0x00,0x00,0x00,0x00,0x00,0x00,0x00,0x00,0x00,
  0x00,0x00,0x03,0xc0,0x07,0xc0,0x06,0xe0,0x0e,0x70,0x00,0x00,0x07,0xc0,0x1f,0xf0,0x3f,0xf8,0x3c,0x3c,0x78,0x3c,0x78,0x1c,
  0x7f,0xfc,0x7f,0xfc,0x7f,0xfc,0x78,0x00,0x78,0x00,0x3c,0x30,0x3f,0xfc,0x1f,0xf8,0x07,0xe0,0x00,0x00,0x00,0x00,0x00,0x00,
  0x00,0x00,0x00,0x00,0x00,0x00,0x00,0x00,0x00,0x00,0x00,0x00,0x00,0x00,0x00,0x00,0x00,0x00,0x00,0x00,0x1c,0x70,0x1c,0x70,
  0x1c,0x70,0x00,0x00,0x07,0xc0,0x1f,0xf0,0x3f,0xf8,0x3c,0x3c,0x78,0x3c,0x78,0x1c,0x7f,0xfc,0x7f,0xfc,0x7f,0xfc,0x78,0x00,
  0x78,0x00,0x3c,0x30,0x3f,0xfc,0x1f,0xf8,0x07,0xe0,0x00,0x00,0x00,0x00,0x00,0x00,0x00,0x00,0x00,0x00,0x00,0x00,0x00,0x00,
  0x00,0x00,0x00,0x00,0x00,0x78,0x38,0x1c,0x0c,0x00,0x3c,0x3c,0x3c,0x3c,0x3c,0x3c,0x3c,0x3c,0x3c,0x3c,0x3c,0x3c,0x3c,0x3c,
  0x3c,0x00,0x00,0x00,0x00,0x00,0x00,0x00,0x00,0x00,0x00,0x00,0x00,0x1e,0x1c,0x38,0x30,0x00,0x3c,0x3c,0x3c,0x3c,0x3c,0x3c,
  0x3c,0x3c,0x3c,0x3c,0x3c,0x3c,0x3c,0x3c,0x3c,0x00,0x00,0x00,0x00,0x00,0x00,0x00,0x00,0x00,0x00,0x00,0x00,0x00,0x00,0x00,
  0x00,0x00,0x1c,0x00,0x3e,0x00,0x77,0x00,0x63,0x00,0x00,0x00,0x1e,0x00,0x1e,0x00,0x1e,0x00,0x1e,0x00,0x1e,0x00,0x1e,0x00,
  0x1e,0x00,0x1e,0x00,0x1e,0x00,0x1e,0x00,0x1e,0x00,0x1e,0x00,0x1e,0x00,0x1e,0x00,0x1e,0x00,0x00,0x00,0x00,0x00,0x00,0x00,
  0x00,0x00,0x00,0x00,0x00,0x00,0x00,0x00,0x00,0x00,0x00,0x00,0x00,0x00,0x00,0x00,0x00,0x00,0x00,0x00,0x71,0xc0,0x71,0xc0,
  0x71,0xc0,0x00,0x00,0x1e,0x00,0x1e,0x00,0x1e,0x00,0x1e,0x00,0x1e,0x00,0x1e,0x00,0x1e,0x00,0x1e,0x00,0x1e,0x00,0x1e,0x00,
  0x1e,0x00,0x1e,0x00,0x1e,0x00,0x1e,0x00,0x1e,0x00,0x00,0x00,0x00,0x00,0x00,0x00,0x00,0x00,0x00,0x00,0x00,0x00,0x00,0x00,
  0x00,0x00,0x00,0x00,0x00,0x00,0x00,0x00,0x00,0x00,0x00,0x00,0x00,0x00,0x00,0x07,0x98,0x00,0x01,0xf0,0x00,0x01,0xe0,0x00,
  0x06,0x70,0x00,0x00,0x78,0x00,0x07,0xbc,0x00,0x0f,0xfc,0x00,0x1f,0xfe,0x00,0x3e,0x3e,0x00,0x3c,0x1f,0x00,0x78,0x0f,0x00,
  0x78,0x0f,0x00,0x78,0x0f,0x00,0x78,0x0f,0x00,0x78,0x0f,0x00,0x3c,0x1e,0x00,0x3e,0x3e,0x00,0x1f,0xfc,0x00,0x0f,0xf8,0x00,
  0x03,0xe0,0x00,0x00,0x00,0x00,0x00,0x00,0x00,0x00,0x00,0x00,0x00,0x00,0x00,0x00,0x00,0x00,0x00,0x00,0x00,0x00,0x00,0x00,
  0x00,0x00,0x00,0x00,0x00,0x00,0x00,0x00,0x00,0x00,0x00,0x00,0x00,0x00,0x00,0x00,0x00,0x00,0x07,0x0c,0x00,0x0f,0xf8,0x00,
  0x0c,0x78,0x00,0x00,0x00,0x00,0x38,0xf8,0x00,0x3b,0xfc,0x00,0x3f,0xfe,0x00,0x3e,0x3e,0x00,0x3c,0x1e,0x00,0x3c,0x1e,0x00,
  0x3c,0x1e,0x00,0x3c,0x1e,0x00,0x3c,0x1e,0x00,0x3c,0x1e,0x00,0x3c,0x1e,0x00,0x3c,0x1e,0x00,0x3c,0x1e,0x00,0x3c,0x1e,0x00,
  0x3c,0x1e,0x00,0x00,0x00,0x00,0x00,0x00,0x00,0x00,0x00,0x00,0x00,0x00,0x00,0x00,0x00,0x00,0x00,0x00,0x00,0x00,0x00,0x00,
  0x00,0x00,0x00,0x00,0x00,0x00,0x00,0x00,0x00,0x00,0x00,0x00,0x00,0x00,0x00,0x07,0x80,0x00,0x03,0x80,0x00,0x01,0xc0,0x00,
  0x00,0xc0,0x00,0x00,0x00,0x00,0x03,0xe0,0x00,0x0f,0xf8,0x00,0x1f,0xfc,0x00,0x3e,0x1e,0x00,0x3c,0x0f,0x00,0x78,0x0f,0x00,
  0x78,0x0f,0x00,0x78,0x0f,0x00,0x78,0x0f,0x00,0x78,0x0f,0x00,0x3c,0x0e,0x00,0x3e,0x1e,0x00,0x1f,0xfc,0x00,0x0f,0xf8,0x00,
  0x03,0xe0,0x00,0x00,0x00,0x00,0x00,0x00,0x00,0x00,0x00,0x00,0x00,0x00,0x00,0x00,0x00,0x00,0x00,0x00,0x00,0x00,0x00,0x00,
  0x00,0x00,0x00,0x00,0x00,0x00,0x00,0x00,0x00,0x00,0x00,0x00,0x00,0x00,0x00,0x00,0xf0,0x00,0x00,0xe0,0x00,0x01,0xc0,0x00,
  0x01,0x80,0x00,0x00,0x00,0x00,0x03,0xe0,0x00,0x0f,0xf8,0x00,0x1f,0xfc,0x00,0x3e,0x1e,0x00,0x3c,0x0f,0x00,0x78,0x0f,0x00,
  0x78,0x0f,0x00,0x78,0x0f,0x00,0x78,0x0f,0x00,0x78,0x0f,0x00,0x3c,0x0e,0x00,0x3e,0x1e,0x00,0x1f,0xfc,0x00,0x0f,0xf8,0x00,
  0x03,0xe0,0x00,0x00,0x00,0x00,0x00,0x00,0x00,0x00,0x00,0x00,0x00,0x00,0x00,0x00,0x00,0x00,0x00,0x00,0x00,0x00,0x00,0x00,
  0x00,0x00,0x00,0x00,0x00,0x00,0x00,0x00,0x00,0x00,0x00,0x00,0x00,0x00,0x00,0x01,0xc0,0x00,0x03,0xe0,0x00,0x07,0x70,0x00,
  0x06,0x30,0x00,0x00,0x00,0x00,0x03,0xe0,0x00,0x0f,0xf8,0x00,0x1f,0xfc,0x00,0x3e,0x1e,0x00,0x3c,0x0f,0x00,0x78,0x0f,0x00,
  0x78,0x0f,0x00,0x78,0x0f,0x00,0x78,0x0f,0x00,0x78,0x0f,0x00,0x3c,0x0e,0x00,0x3e,0x1e,0x00,0x1f,0xfc,0x00,0x0f,0xf8,0x00,
  0x03,0xe0,0x00,0x00,0x00,0x00,0x00,0x00,0x00,0x00,0x00,0x00,0x00,0x00,0x00,0x00,0x00,0x00,0x00,0x00,0x00,0x00,0x00,0x00,
  0x00,0x00,0x00,0x00,0x00,0x00,0x00,0x00,0x00,0x00,0x00,0x00,0x00,0x00,0x00,0x00,0x00,0x00,0x07,0x0c,0x00,0x0f,0xf8,0x00,
  0x0c,0x78,0x00,0x00,0x00,0x00,0x03,0xe0,0x00,0x0f,0xf8,0x00,0x1f,0xfc,0x00,0x3e,0x1e,0x00,0x3c,0x0f,0x00,0x78,0x0f,0x00,
  0x78,0x0f,0x00,0x78,0x0f,0x00,0x78,0x0f,0x00,0x78,0x0f,0x00,0x3c,0x0e,0x00,0x3e,0x1e,0x00,0x1f,0xfc,0x00,0x0f,0xf8,0x00,
  0x03,0xe0,0x00,0x00,0x00,0x00,0x00,0x00,0x00,0x00,0x00,0x00,0x00,0x00,0x00,0x00,0x00,0x00,0x00,0x00,0x00,0x00,0x00,0x00,
  0x00,0x00,0x00,0x00,0x00,0x00,0x00,0x00,0x00,0x00,0x00,0x00,0x00,0x00,0x00,0x00,0x00,0x00,0x0e,0x38,0x00,0x0e,0x38,0x00,
  0x0e,0x38,0x00,0x00,0x00,0x00,0x03,0xe0,0x00,0x0f,0xf8,0x00,0x1f,0xfc,0x00,0x3e,0x1e,0x00,0x3c,0x0f,0x00,0x78,0x0f,0x00,
  0x78,0x0f,0x00,0x78,0x0f,0x00,0x78,0x0f,0x00,0x78,0x0f,0x00,0x3c,0x0e,0x00,0x3e,0x1e,0x00,0x1f,0xfc,0x00,0x0f,0xf8,0x00,
  0x03,0xe0,0x00,0x00,0x00,0x00,0x00,0x00,0x00,0x00,0x00,0x00,0x00,0x00,0x00,0x00,0x00,0x00,0x00,0x00,0x00,0x00,0x00,0x00,
  0x00,0x00,0x00,0x00,0x00,0x00,0x00,0x00,0x00,0x00,0x00,0x00,0x03,0xc0,0x03,0xc0,0x03,0xc0,0x03,0xc0,0x00,0x00,0x00,0x00,
  0x7f,0xfe,0x7f,0xfe,0x7f,0xfe,0x7f,0xfe,0x00,0x00,0x00,0x00,0x03,0xc0,0x03,0xc0,0x03,0xc0,0x03,0xc0,0x00,0x00,0x00,0x00,
  0x00,0x00,0x00,0x00,0x00,0x00,0x00,0x00,0x00,0x00,0x00,0x00,0x00,0x00,0x00,0x00,0x00,0x00,0x00,0x00,0x00,0x00,0x00,0x00,
  0x00,0x00,0x00,0x00,0x00,0x00,0x00,0x00,0x00,0x00,0x00,0x00,0x00,0x00,0x00,0x00,0x00,0x00,0x00,0x00,0x00,0x00,0x03,0xe6,
  0x00,0x0f,0xfe,0x00,0x1f,0xfe,0x00,0x3e,0x3e,0x00,0x3c,0x3e,0x00,0x78,0x7f,0x00,0x78,0xef,0x00,0x79,0xcf,0x00,0x7b,0x8f,
  0x00,0x7f,0x0f,0x00,0x3e,0x0f,0x00,0x3e,0x1e,0x00,0x3f,0xfc,0x00,0x7f,0xf8,0x00,0x33,0xe0,0x00,0x00,0x00,0x00,0x00,0x00,
  0x00,0x00,0x00,0x00,0x00,0x00,0x00,0x00,0x00,0x00,0x00,0x00,0x00,0x00,0x00,0x00,0x00,0x00,0x00,0x00,0x00,0x00,0x00,0x00,
  0x00,0x00,0x00,0x00,0x00,0x00,0x00,0x07,0x80,0x00,0x03,0x80,0x00,0x01,0xc0,0x00,0x00,0xc0,0x00,0x00,0x00,0x00,0x3c,0x1e,
  0x00,0x3c,0x1e,0x00,0x3c,0x1e,0x00,0x3c,0x1e,0x00,0x3c,0x1e,0x00,0x3c,0x1e,0x00,0x3c,0x1e,0x00,0x3c,0x1e,0x00,0x3c,0x1e,
  0x00,0x3c,0x1e,0x00,0x3c,0x1e,0x00,0x3e,0x3e,0x00,0x1f,0xfe,0x00,0x1f,0xfe,0x00,0x07,0x8e,0x00,0x00,0x00,0x00,0x00,0x00,
  0x00,0x00,0x00,0x00,0x00,0x00,0x00,0x00,0x00,0x00,0x00,0x00,0x00,0x00,0x00,0x00,0x00,0x00,0x00,0x00,0x00,0x00,0x00,0x00,
  0x00,0x00,0x00,0x00,0x00,0x00,0x00,0x00,0xf0,0x00,0x00,0xe0,0x00,0x01,0xc0,0x00,0x01,0x80,0x00,0x00,0x00,0x00,0x3c,0x1e,
  0x00,0x3c,0x1e,0x00,0x3c,0x1e,0x00,0x3c,0x1e,0x00,0x3c,0x1e,0x00,0x3c,0x1e,0x00,0x3c,0x1e,0x00,0x3c,0x1e,0x00,0x3c,0x1e,
  0x00,0x3c,0x1e,0x00,0x3c,0x1e,0x00,0x3e,0x3e,0x00,0x1f,0xfe,0x00,0x1f,0xfe,0x00,0x07,0x8e,0x00,0x00,0x00,0x00,0x00,0x00,
  0x00,0x00,0x00,0x00,0x00,0x00,0x00,0x00,0x00,0x00,0x00,0x00,0x00,0x00,0x00,0x00,0x00,0x00,0x00,0x00,0x00,0x00,0x00,0x00,
  0x00,0x00,0x00,0x00,0x00,0x00,0x00,0x01,0xc0,0x00,0x03,0xe0,0x00,0x07,0x70,0x00,0x06,0x30,0x00,0x00,0x00,0x00,0x3c,0x1e,
  0x00,0x3c,0x1e,0x00,0x3c,0x1e,0x00,0x3c,0x1e,0x00,0x3c,0x1e,0x00,0x3c,0x1e,0x00,0x3c,0x1e,0x00,0x3c,0x1e,0x00,0x3c,0x1e,
  0x00,0x3c,0x1e,0x00,0x3c,0x1e,0x00,0x3e,0x3e,0x00,0x1f,0xfe,0x00,0x1f,0xfe,0x00,0x07,0x8e,0x00,0x00,0x00,0x00,0x00,0x00,
  0x00,0x00,0x00,0x00,0x00,0x00,0x00,0x00,0x00,0x00,0x00,0x00,0x00,0x00,0x00,0x00,0x00,0x00,0x00,0x00,0x00,0x00,0x00,0x00,
  0x00,0x00,0x00,0x00,0x00,0x00,0x00,0x00,0x00,0x00,0x0e,0x38,0x00,0x0e,0x38,0x00,0x0e,0x38,0x00,0x00,0x00,0x00,0x3c,0x1e,
  0x00,0x3c,0x1e,0x00,0x3c,0x1e,0x00,0x3c,0x1e,0x00,0x3c,0x1e,0x00,0x3c,0x1e,0x00,0x3c,0x1e,0x00,0x3c,0x1e,0x00,0x3c,0x1e,
  0x00,0x3c,0x1e,0x00,0x3c,0x1e,0x00,0x3e,0x3e,0x00,0x1f,0xfe,0x00,0x1f,0xfe,0x00,0x07,0x8e,0x00,0x00,0x00,0x00,0x00,0x00,
  0x00,0x00,0x00,0x00,0x00,0x00,0x00,0x00,0x00,0x00,0x00,0x00,0x00,0x00,0x00,0x00,0x00,0x00,0x00,0x00,0x00,0x00,0x00,0x00,
  0x00,0x00,0x01,0xe0,0x01,0xc0,0x03,0x80,0x03,0x00,0x00,0x00,0xf0,0x1e,0x70,0x1c,0x78,0x3c,0x78,0x3c,0x38,0x38,0x3c,0x78,
  0x3c,0x70,0x1c,0x70,0x1e,0xf0,0x0e,0xe0,0x0f,0xe0,0x0f,0xe0,0x07,0xc0,0x07,0xc0,0x07,0xc0,0x07,0x80,0x07,0x80,0x0f,0x00,
  0x7f,0x00,0x7e,0x00,0x3c,0x00,0x00,0x00,0x00,0x00,0x00,0x00,0x00,0x00,0x00,0x00,0x00,0x00,0x00,0x00,0x00,0x00,0x00,0x3c,
  0x00,0x00,0x3c,0x00,0x00,0x3c,0x00,0x00,0x3c,0x00,0x00,0x3c,0x00,0x00,0x3c,0xf0,0x00,0x3f,0xfc,0x00,0x3f,0xfe,0x00,0x3e,
  0x1e,0x00,0x3c,0x0f,0x00,0x3c,0x0f,0x00,0x3c,0x0f,0x00,0x3c,0x0f,0x00,0x3c,0x0f,0x00,0x3c,0x0f,0x00,0x3c,0x0f,0x00,0x3e,
  0x1e,0x00,0x3f,0xfe,0x00,0x3d,0xfc,0x00,0x3c,0xf0,0x00,0x3c,0x00,0x00,0x3c,0x00,0x00,0x3c,0x00,0x00,0x3c,0x00,0x00,0x3c,
  0x00,0x00,0x3c,0x00,0x00,0x00,0x00,0x00,0x00,0x00,0x00,0x00,0x00,0x00,0x00,0x00,0x00,0x00,0x00,0x00,0x1c,0x70,0x1c,0x70,
  0x1c,0x70,0x00,0x00,0xf0,0x1e,0x70,0x1c,0x78,0x3c,0x78,0x3c,0x38,0x38,0x3c,0x78,0x3c,0x70,0x1c,0x70,0x1e,0xf0,0x0e,0xe0,
  0x0f,0xe0,0x0f,0xe0,0x07,0xc0,0x07,0xc0,0x07,0xc0,0x07,0x80,0x07,0x80,0x0f,0x00,0x7f,0x00,0x7e,0x00,0x3c,0x00,0x00,0x00,
};
static const NextionGlyph nextion_font0_glyphs[224] PROGMEM = {
  {0,8,8,0,0},  // 32 
  {32,10,10,0,0},  // 33 '!'
  {96,14,14,0,0},  // 34 '"'
  {160,16,16,0,0},  // 35 '#'
  {224,16,16,0,0},  // 36 '$'
  {288,25,25,0,0},  // 37 '%'
  {416,21,21,0,0},  // 38 '&'
  {512,7,7,0,0},  // 39 "'"
  {544,10,10,0,0},  // 40 '('
  {608,10,10,0,0},  // 41 ')'
  {672,11,11,0,0},  // 42 '*'
  {736,17,17,0,0},  // 43 '+'
  {832,8,8,0,0},  // 44 ','
  {864,10,10,0,0},  // 45 '-'
  {928,8,8,0,0},  // 46 '.'
  {960,8,8,0,0},  // 47 '/'
  {992,16,16,0,0},  // 48 '0'
  {1056,16,16,0,0},  // 49 '1'
  {1120,16,16,0,0},  // 50 '2'
  {1184,16,16,0,0},  // 51 '3'
  {1248,16,16,0,0},  // 52 '4'
  {1312,16,16,0,0},  // 53 '5'
  {1376,16,16,0,0},  // 54 '6'
  {1440,16,16,0,0},  // 55 '7'
  {1504,16,16,0,0},  // 56 '8'
  {1568,16,16,0,0},  // 57 '9'
  {1632,10,10,0,0},  // 58 ':'
  {1696,10,10,0,0},  // 59 ';'
  {1760,17,17,0,0},  // 60 '<'
  {1856,17,17,0,0},  // 61 '='
  {1952,17,17,0,0},  // 62 '>'
  {2048,18,18,0,0},  // 63 '?'
  {2144,28,28,0,0},  // 64 '@'
  {2272,21,21,0,0},  // 65 'A'
  {2368,21,21,0,0},  // 66 'B'
  {2464,21,21,0,0},  // 67 'C'
  {2560,21,21,0,0},  // 68 'D'
  {2656,19,19,0,0},  // 69 'E'
  {2752,18,18,0,0},  // 70 'F'
  {2848,22,22,0,0},  // 71 'G'
  {2944,21,21,0,0},  // 72 'H'
  {3040,8,8,0,0},  // 73 'I'
  {3072,16,16,0,0},  // 74 'J'
  {3136,21,21,0,0},  // 75 'K'
  {3232,18,18,0,0},  // 76 'L'
  {3328,24,24,0,0},  // 77 'M'
  {3424,21,21,0,0},  // 78 'N'
  {3520,22,22,0,0},  // 79 'O'
  {3616,19,19,0,0},  // 80 'P'
  {3712,22,22,0,0},  // 81 'Q'
  {3808,21,21,0,0},  // 82 'R'
  {3904,19,19,0,0},  // 83 'S'
  {4000,18,18,0,0},  // 84 'T'
  {4096,21,21,0,0},  // 85 'U'
  {4192,19,19,0,0},  // 86 'V'
  {4288,27,27,0,0},  // 87 'W'
  {4416,19,19,0,0},  // 88 'X'
  {4512,19,19,0,0},  // 89 'Y'
  {4608,18,18,0,0},  // 90 'Z'
  {4704,10,10,0,0},  // 91 '['
  {4768,8,8,0,0},  // 92 '\\'
  {4800,10,10,0,0},  // 93 ']'
  {4864,17,17,0,0},  // 94 '^'
  {4960,16,17,1,0},  // 95 '_'
  {5056,10,10,0,0},  // 96 '`'
  {5120,16,16,0,0},  // 97 'a'
  {5184,18,18,0,0},  // 98 'b'
  {5280,16,16,0,0},  // 99 'c'
  {5344,18,18,0,0},  // 100 'd'
  {5440,16,16,0,0},  // 101 'e'
  {5504,10,10,0,0},  // 102 'f'
  {5568,18,18,0,0},  // 103 'g'
  {5664,18,18,0,0},  // 104 'h'
  {5760,8,8,0,0},  // 105 'i'
  {5792,8,10,2,0},  // 106 'j'
  {5856,16,16,0,0},  // 107 'k'
  {5920,8,8,0,0},  // 108 'l'
  {5952,25,25,0,0},  // 109 'm'
  {6080,18,18,0,0},  // 110 'n'
  {6176,18,18,0,0},  // 111 'o'
  {6272,18,18,0,0},  // 112 'p'
  {6368,18,18,0,0},  // 113 'q'
  {6464,11,12,0,1},  // 114 'r'
  {6528,16,16,0,0},  // 115 's'
  {6592,10,10,0,0},  // 116 't'
  {6656,18,18,0,0},  // 117 'u'
  {6752,16,16,0,0},  // 118 'v'
  {6816,22,23,0,1},  // 119 'w'
  {6912,16,16,0,0},  // 120 'x'
  {6976,16,16,0,0},  // 121 'y'
  {7040,14,14,0,0},  // 122 'z'
  {7104,11,11,0,0},  // 123 '{'
  {7168,8,8,0,0},  // 124 '|'
  {7200,11,11,0,0},  // 125 '}'
  {7264,17,17,0,0},  // 126 '~'
  {7360,16,16,0,0},  // 127 
  {7424,21,21,0,0},  // 128 
  {7520,21,21,0,0},  // 129 
  {7616,21,21,0,0},  // 130 
  {7712,21,21,0,0},  // 131 
  {7808,8,19,0,11},  // 132 
  {7904,1,1,0,0},  // 133 
  {7936,21,21,0,0},  // 134 
  {8032,21,21,0,0},  // 135 
  {8128,21,21,0,0},  // 136 
  {8224,21,21,0,0},  // 137 
  {8320,21,21,0,0},  // 138 
  {8416,21,21,0,0},  // 139 
  {8512,21,21,0,0},  // 140 
  {8608,21,21,0,0},  // 141 
  {8704,21,21,0,0},  // 142 
  {8800,21,21,0,0},  // 143 
  {8896,21,21,0,0},  // 144 
  {8992,21,21,0,0},  // 145 
  {9088,21,21,0,0},  // 146 
  {9184,21,21,0,0},  // 147 
  {9280,21,21,0,0},  // 148 
  {9376,21,21,0,0},  // 149 
  {9472,21,21,0,0},  // 150 
  {9568,21,21,0,0},  // 151 
  {9664,21,21,0,0},  // 152 
  {9760,21,21,0,0},  // 153 
  {9856,21,21,0,0},  // 154 
  {9952,21,21,0,0},  // 155 
  {10048,21,21,0,0},  // 156 
  {10144,21,21,0,0},  // 157 
  {10240,21,21,0,0},  // 158 
  {10336,21,21,0,0},  // 159 
  {10432,8,8,0,0},  // 160 
  {10464,10,10,0,0},  // 161 
  {10528,16,16,0,0},  // 162 
  {10592,16,16,0,0},  // 163 
  {10656,16,16,0,0},  // 164 
  {10720,16,16,0,0},  // 165 
  {10784,8,8,0,0},  // 166 
  {10816,16,16,0,0},  // 167 
  {10880,10,10,0,0},  // 168 
  {10944,21,21,0,0},  // 169 
  {11040,11,11,0,0},  // 170 
  {11104,16,16,0,0},  // 171 
  {11168,17,17,0,0},  // 172 
  {11264,1,1,0,0},  // 173 
  {11296,21,21,0,0},  // 174 
  {11392,16,17,1,0},  // 175 
  {11488,12,12,0,0},  // 176 
  {11552,16,16,0,0},  // 177 
  {11616,10,10,0,0},  // 178 
  {11680,10,10,0,0},  // 179 
  {11744,10,10,0,0},  // 180 
  {11808,17,17,0,0},  // 181 
  {11904,16,16,0,0},  // 182 
  {11968,10,10,0,0},  // 183 
  {12032,10,10,0,0},  // 184 
  {12096,10,10,0,0},  // 185 
  {12160,11,11,0,0},  // 186 
  {12224,16,16,0,0},  // 187 
  {12288,24,24,0,0},  // 188 
  {12384,24,24,0,0},  // 189 
  {12480,24,24,0,0},  // 190 
  {12576,18,18,0,0},  // 191 
  {12672,21,21,0,0},  // 192 
  {12768,21,21,0,0},  // 193 
  {12864,21,21,0,0},  // 194 
  {12960,21,21,0,0},  // 195 
  {13056,21,21,0,0},  // 196 
  {13152,21,21,0,0},  // 197 
  {13248,28,30,2,0},  // 198 
  {13376,21,21,0,0},  // 199 
  {13472,19,19,0,0},  // 200 
  {13568,19,19,0,0},  // 201 
  {13664,19,19,0,0},  // 202 
  {13760,19,19,0,0},  // 203 
  {13856,8,8,0,0},  // 204 
  {13888,8,8,0,0},  // 205 
  {13920,8,9,0,1},  // 206 
  {13984,8,10,1,1},  // 207 
  {14048,21,21,0,0},  // 208 
  {14144,21,21,0,0},  // 209 
  {14240,22,22,0,0},  // 210 
  {14336,22,22,0,0},  // 211 
  {14432,22,22,0,0},  // 212 
  {14528,22,22,0,0},  // 213 
  {14624,22,22,0,0},  // 214 
  {14720,17,17,0,0},  // 215 
  {14816,22,22,0,0},  // 216 
  {14912,21,21,0,0},  // 217 
  {15008,21,21,0,0},  // 218 
  {15104,21,21,0,0},  // 219 
  {15200,21,21,0,0},  // 220 
  {15296,19,19,0,0},  // 221 
  {15392,19,19,0,0},  // 222 
  {15488,18,18,0,0},  // 223 
  {15584,16,16,0,0},  // 224 
  {15648,16,16,0,0},  // 225 
  {15712,16,16,0,0},  // 226 
  {15776,16,16,0,0},  // 227 
  {15840,16,16,0,0},  // 228 
  {15904,16,16,0,0},  // 229 
  {15968,25,25,0,0},  // 230 
  {16096,16,16,0,0},  // 231 
  {16160,16,16,0,0},  // 232 
  {16224,16,16,0,0},  // 233 
  {16288,16,16,0,0},  // 234 
  {16352,16,16,0,0},  // 235 
  {16416,8,8,0,0},  // 236 
  {16448,8,8,0,0},  // 237 
  {16480,8,9,1,0},  // 238 
  {16544,8,10,1,1},  // 239 
  {16608,18,18,0,0},  // 240 
  {16704,18,18,0,0},  // 241 
  {16800,18,18,0,0},  // 242 
  {16896,18,18,0,0},  // 243 
  {16992,18,18,0,0},  // 244 
  {17088,18,18,0,0},  // 245 
  {17184,18,18,0,0},  // 246 
  {17280,16,16,0,0},  // 247 
  {17344,18,18,0,0},  // 248 
  {17440,18,18,0,0},  // 249 
  {17536,18,18,0,0},  // 250 
  {17632,18,18,0,0},  // 251 
  {17728,18,18,0,0},  // 252 
  {17824,16,16,0,0},  // 253 
  {17888,18,18,0,0},  // 254 
  {17984,16,16,0,0},  // 255 
};
static const NextionFont nextion_font0 = {32, 32, 255, 224, nextion_font0_glyphs, nextion_font0_bits, 18048};

// font 1: Arial64Biso-8859-1  h=64  chars 32..255  (66432 bytes)
static const uint8_t nextion_font1_bits[66432] PROGMEM = {
  0x00,0x00,0x00,0x00,0x00,0x00,0x00,0x00,0x00,0x00,0x00,0x00,0x00,0x00,0x00,0x00,0x00,0x00,0x00,0x00,0x00,0x00,0x00,0x00,
  0x00,0x00,0x00,0x00,0x00,0x00,0x00,0x00,0x00,0x00,0x00,0x00,0x00,0x00,0x00,0x00,0x00,0x00,0x00,0x00,0x00,0x00,0x00,0x00,
  0x00,0x00,0x00,0x00,0x00,0x00,0x00,0x00,0x00,0x00,0x00,0x00,0x00,0x00,0x00,0x00,0x00,0x00,0x00,0x00,0x00,0x00,0x00,0x00,
  0x00,0x00,0x00,0x00,0x00,0x00,0x00,0x00,0x00,0x00,0x00,0x00,0x00,0x00,0x00,0x00,0x00,0x00,0x00,0x00,0x00,0x00,0x00,0x00,
  0x00,0x00,0x00,0x00,0x00,0x00,0x00,0x00,0x00,0x00,0x00,0x00,0x00,0x00,0x00,0x00,0x00,0x00,0x00,0x00,0x00,0x00,0x00,0x00,
  0x00,0x00,0x00,0x00,0x00,0x00,0x00,0x00,0x00,0x00,0x00,0x00,0x00,0x00,0x00,0x00,0x00,0x00,0x00,0x00,0x00,0x00,0x00,0x00,
  0x00,0x00,0x00,0x00,0x00,0x00,0x00,0x00,0x00,0x00,0x00,0x00,0x00,0x00,0x00,0x00,0x00,0x07,0xf8,0x00,0x07,0xf8,0x00,0x07,
  0xf8,0x00,0x07,0xf8,0x00,0x07,0xf8,0x00,0x07,0xf8,0x00,0x07,0xf8,0x00,0x07,0xf8,0x00,0x07,0xf8,0x00,0x07,0xf8,0x00,0x07,
  0xf8,0x00,0x07,0xf8,0x00,0x07,0xf8,0x00,0x07,0xf8,0x00,0x03,0xf8,0x00,0x03,0xf0,0x00,0x03,0xf0,0x00,0x03,0xf0,0x00,0x03,
  0xf0,0x00,0x03,0xf0,0x00,0x03,0xf0,0x00,0x03,0xf0,0x00,0x03,0xf0,0x00,0x03,0xf0,0x00,0x01,0xf0,0x00,0x01,0xe0,0x00,0x01,
  0xe0,0x00,0x01,0xe0,0x00,0x01,0xe0,0x00,0x00,0x00,0x00,0x00,0x00,0x00,0x00,0x00,0x00,0x07,0xf8,0x00,0x07,0xf8,0x00,0x07,
  0xf8,0x00,0x07,0xf8,0x00,0x07,0xf8,0x00,0x07,0xf8,0x00,0x07,0xf8,0x00,0x07,0xf8,0x00,0x00,0x00,0x00,0x00,0x00,0x00,0x00,
  0x00,0x00,0x00,0x00,0x00,0x00,0x00,0x00,0x00,0x00,0x00,0x00,0x00,0x00,0x00,0x00,0x00,0x00,0x00,0x00,0x00,0x00,0x00,0x00,
  0x00,0x00,0x00,0x00,0x00,0x00,0x00,0x00,0x00,0x00,0x00,0x00,0x00,0x00,0x00,0x00,0x00,0x00,0x00,0x00,0x00,0x00,0x00,0x00,
  0x00,0x00,0x00,0x00,0x00,0x00,0x00,0x00,0x00,0x00,0x00,0x00,0x00,0x00,0x00,0x00,0x00,0x00,0x00,0x00,0x00,0x00,0x00,0x00,
  0x00,0x00,0x00,0x00,0x1f,0xe1,0xff,0x00,0x1f,0xe1,0xff,0x00,0x1f,0xe1,0xff,0x00,0x1f,0xe1,0xff,0x00,0x1f,0xe1,0xff,0x00,
  0x1f,0xe1,0xff,0x00,0x1f,0xe1,0xff,0x00,0x1f,0xe0,0xff,0x00,0x0f,0xe0,0xfe,0x00,0x0f,0xe0,0xfe,0x00,0x0f,0xe0,0xfe,0x00,
  0x0f,0xe0,0xfe,0x00,0x0f,0xc0,0x7e,0x00,0x07,0xc0,0x7c,0x00,0x00,0x00,0x00,0x00,0x00,0x00,0x00,0x00,0x00,0x00,0x00,0x00,
  0x00,0x00,0x00,0x00,0x00,0x00,0x00,0x00,0x00,0x00,0x00,0x00,0x00,0x00,0x00,0x00,0x00,0x00,0x00,0x00,0x00,0x00,0x00,0x00,
  0x00,0x00,0x00,0x00,0x00,0x00,0x00,0x00,0x00,0x00,0x00,0x00,0x00,0x00,0x00,0x00,0x00,0x00,0x00,0x00,0x00,0x00,0x00,0x00,
  0x00,0x00,0x00,0x00,0x00,0x00,0x00,0x00,0x00,0x00,0x00,0x00,0x00,0x00,0x00,0x00,0x00,0x00,0x00,0x00,0x00,0x00,0x00,0x00,
  0x00,0x00,0x00,0x00,0x00,0x00,0x00,0x00,0x00,0x00,0x00,0x00,0x00,0x00,0x00,0x00,0x00,0x00,0x00,0x00,0x00,0x00,0x00,0x00,
  0x00,0x00,0x00,0x00,0x00,0x00,0x00,0x00,0x00,0x00,0x00,0x00,0x00,0x00,0x00,0x00,0x00,0x00,0x00,0x00,0x00,0x00,0x00,0x00,
  0x00,0x00,0x00,0x00,0x00,0x00,0x00,0x00,0x00,0x00,0x00,0x00,0x00,0x00,0x00,0x00,0x00,0x00,0x00,0x00,0x00,0x00,0x00,0x00,
  0x00,0x00,0x00,0x00,0x00,0x00,0x00,0x00,0x00,0x00,0x00,0x00,0x00,0x00,0x00,0x00,0x00,0x00,0x00,0x00,0x00,0x00,0x00,0x00,
  0x00,0x00,0x00,0x00,0x00,0x00,0x00,0x00,0x00,0x00,0x00,0x00,0x00,0x00,0x00,0x00,0x00,0x00,0x00,0x00,0x00,0x3f,0x03,0xf0,
  0x00,0x3f,0x03,0xf0,0x00,0x3f,0x03,0xf0,0x00,0x3f,0x03,0xf0,0x00,0x3f,0x03,0xf0,0x00,0x7e,0x07,0xe0,0x00,0x7e,0x07,0xe0,
  0x00,0x7e,0x07,0xe0,0x00,0x7e,0x07,0xe0,0x00,0x7e,0x07,0xe0,0xff,0xff,0xff,0xfc,0xff,0xff,0xff,0xfc,0xff,0xff,0xff,0xfc,
  0xff,0xff,0xff,0xfc,0xff,0xff,0xff,0xfc,0xff,0xff,0xff,0xfc,0x01,0xf8,0x1f,0x80,0x01,0xf8,0x1f,0x80,0x01,0xf8,0x1f,0x80,
  0x03,0xf0,0x1f,0x00,0x03,0xf0,0x3f,0x00,0x03,0xf0,0x3f,0x00,0x03,0xf0,0x3f,0x00,0x03,0xf0,0x3f,0x00,0xff,0xff,0xff,0xfc,
  0xff,0xff,0xff,0xfc,0xff,0xff,0xff,0xfc,0xff,0xff,0xff,0xfc,0xff,0xff,0xff,0xfc,0xff,0xff,0xff,0xfc,0x0f,0xc0,0xfc,0x00,
  0x0f,0xc0,0xfc,0x00,0x0f,0xc0,0xfc,0x00,0x0f,0xc0,0xf8,0x00,0x1f,0x81,0xf8,0x00,0x1f,0x81,0xf8,0x00,0x1f,0x81,0xf8,0x00,
  0x1f,0x81,0xf8,0x00,0x3f,0x01,0xf0,0x00,0x3f,0x03,0xf0,0x00,0x00,0x00,0x00,0x00,0x00,0x00,0x00,0x00,0x00,0x00,0x00,0x00,
  0x00,0x00,0x00,0x00,0x00,0x00,0x00,0x00,0x00,0x00,0x00,0x00,0x00,0x00,0x00,0x00,0x00,0x00,0x00,0x00,0x00,0x00,0x00,0x00,
  0x00,0x00,0x00,0x00,0x00,0x00,0x00,0x00,0x00,0x00,0x00,0x00,0x00,0x00,0x00,0x00,0x00,0x00,0x00,0x00,0x00,0x00,0x00,0x00,
  0x00,0x00,0x00,0x00,0x00,0x00,0x00,0x00,0x00,0x00,0x00,0x00,0x00,0x00,0x00,0x00,0x00,0x00,0x00,0x00,0x00,0x00,0x00,0x00,
  0x00,0x07,0x80,0x00,0x00,0x07,0x80,0x00,0x00,0x07,0x80,0x00,0x00,0x1f,0xe0,0x00,0x00,0xff,0xfc,0x00,0x01,0xff,0xff,0x00,
  0x03,0xff,0xff,0x80,0x07,0xff,0xff,0x80,0x0f,0xff,0xff,0xc0,0x0f,0xf7,0xbf,0xe0,0x0f,0xe7,0x9f,0xe0,0x1f,0xc7,0x8f,0xe0,
  0x1f,0xc7,0x8e,0x00,0x1f,0xc7,0x80,0x00,0x1f,0xc7,0x80,0x00,0x1f,0xc7,0x80,0x00,0x1f,0xe7,0x80,0x00,0x0f,0xf7,0x80,0x00,
  0x0f,0xff,0x80,0x00,0x0f,0xff,0xc0,0x00,0x07,0xff,0xf0,0x00,0x03,0xff,0xfe,0x00,0x01,0xff,0xff,0x00,0x00,0xff,0xff,0xc0,
  0x00,0x3f,0xff,0xc0,0x00,0x07,0xff,0xe0,0x00,0x07,0xff,0xf0,0x00,0x07,0x9f,0xf0,0x00,0x07,0x8f,0xf0,0x00,0x07,0x87,0xf0,
  0x00,0x07,0x83,0xf0,0x03,0x87,0x83,0xf0,0x3f,0x87,0x83,0xf0,0x3f,0xc7,0x83,0xf0,0x1f,0xc7,0x87,0xf0,0x1f,0xe7,0x87,0xf0,
  0x1f,0xf7,0x9f,0xe0,0x0f,0xff,0xff,0xe0,0x0f,0xff,0xff,0xc0,0x07,0xff,0xff,0xc0,0x03,0xff,0xff,0x80,0x01,0xff,0xfe,0x00,
  0x00,0x7f,0xfc,0x00,0x00,0x1f,0xe0,0x00,0x00,0x07,0x80,0x00,0x00,0x07,0x80,0x00,0x00,0x07,0x80,0x00,0x00,0x07,0x80,0x00,
  0x00,0x07,0x80,0x00,0x00,0x00,0x00,0x00,0x00,0x00,0x00,0x00,0x00,0x00,0x00,0x00,0x00,0x00,0x00,0x00,0x00,0x00,0x00,0x00,
  0x00,0x00,0x00,0x00,0x00,0x00,0x00,0x00,0x00,0x00,0x00,0x00,0x00,0x00,0x00,0x00,0x00,0x00,0x00,0x00,0x00,0x00,0x00,0x00,
  0x00,0x00,0x00,0x00,0x00,0x00,0x00,0x00,0x00,0x00,0x00,0x00,0x00,0x00,0x00,0x00,0x00,0x00,0x00,0x00,0x00,0x00,0x00,0x00,
  0x00,0x00,0x00,0x00,0x00,0x00,0x00,0x00,0x00,0x00,0x00,0x00,0x00,0x00,0x00,0x00,0x00,0x00,0x00,0x00,0x00,0x00,0x00,0x00,
  0x00,0x00,0x00,0x00,0x00,0x00,0x00,0xfc,0x00,0x00,0xfc,0x00,0x00,0x03,0xff,0x00,0x00,0xf8,0x00,0x00,0x07,0xff,0x80,0x01,
  0xf8,0x00,0x00,0x0f,0xff,0xc0,0x01,0xf0,0x00,0x00,0x1f,0xcf,0xe0,0x03,0xf0,0x00,0x00,0x1f,0x87,0xe0,0x03,0xe0,0x00,0x00,
  0x1f,0x07,0xe0,0x07,0xe0,0x00,0x00,0x1f,0x03,0xe0,0x07,0xc0,0x00,0x00,0x1f,0x03,0xf0,0x0f,0xc0,0x00,0x00,0x3f,0x03,0xf0,
  0x0f,0x80,0x00,0x00,0x3f,0x03,0xf0,0x1f,0x80,0x00,0x00,0x3f,0x03,0xf0,0x1f,0x00,0x00,0x00,0x1f,0x03,0xf0,0x3f,0x00,0x00,
  0x00,0x1f,0x03,0xe0,0x3e,0x00,0x00,0x00,0x1f,0x07,0xe0,0x7e,0x00,0x00,0x00,0x1f,0x87,0xe0,0x7c,0x00,0x00,0x00,0x1f,0xcf,
  0xe0,0xfc,0x00,0x00,0x00,0x0f,0xff,0xc0,0xf8,0x00,0x00,0x00,0x07,0xff,0x81,0xf8,0x00,0x00,0x00,0x03,0xff,0x01,0xf0,0x00,
  0x00,0x00,0x00,0xfc,0x03,0xf0,0x00,0x00,0x00,0x00,0x00,0x03,0xe0,0x00,0x00,0x00,0x00,0x00,0x07,0xe0,0x1f,0x80,0x00,0x00,
  0x00,0x07,0xc0,0x7f,0xe0,0x00,0x00,0x00,0x0f,0xc0,0xff,0xf0,0x00,0x00,0x00,0x0f,0x81,0xff,0xf8,0x00,0x00,0x00,0x1f,0x83,
  0xf1,0xfc,0x00,0x00,0x00,0x1f,0x03,0xf0,0xfc,0x00,0x00,0x00,0x3f,0x03,0xe0,0xfc,0x00,0x00,0x00,0x3e,0x03,0xe0,0x7c,0x00,
  0x00,0x00,0x7e,0x07,0xe0,0x7c,0x00,0x00,0x00,0x7c,0x07,0xe0,0x7e,0x00,0x00,0x00,0xfc,0x07,0xe0,0x7e,0x00,0x00,0x00,0xf8,
  0x07,0xe0,0x7e,0x00,0x00,0x01,0xf8,0x07,0xe0,0x7c,0x00,0x00,0x01,0xf0,0x03,0xe0,0x7c,0x00,0x00,0x03,0xf0,0x03,0xe0,0xfc,
  0x00,0x00,0x03,0xe0,0x03,0xf0,0xfc,0x00,0x00,0x07,0xe0,0x03,0xf1,0xfc,0x00,0x00,0x07,0xc0,0x01,0xff,0xf8,0x00,0x00,0x0f,
  0xc0,0x00,0xff,0xf0,0x00,0x00,0x0f,0x80,0x00,0x7f,0xe0,0x00,0x00,0x1f,0x80,0x00,0x1f,0x80,0x00,0x00,0x00,0x00,0x00,0x00,
  0x00,0x00,0x00,0x00,0x00,0x00,0x00,0x00,0x00,0x00,0x00,0x00,0x00,0x00,0x00,0x00,0x00,0x00,0x00,0x00,0x00,0x00,0x00,0x00,
  0x00,0x00,0x00,0x00,0x00,0x00,0x00,0x00,0x00,0x00,0x00,0x00,0x00,0x00,0x00,0x00,0x00,0x00,0x00,0x00,0x00,0x00,0x00,0x00,
  0x00,0x00,0x00,0x00,0x00,0x00,0x00,0x00,0x00,0x00,0x00,0x00,0x00,0x00,0x00,0x00,0x00,0x00,0x00,0x00,0x00,0x00,0x00,0x00,
  0x00,0x00,0x00,0x00,0x00,0x00,0x00,0x00,0x00,0x00,0x00,0x00,0x00,0x00,0x00,0x00,0x00,0x00,0x00,0x00,0x00,0x00,0x00,0x00,
  0x00,0x00,0x00,0x00,0x00,0x00,0x00,0x00,0x00,0x00,0x00,0x00,0x00,0x00,0x00,0x00,0x00,0x00,0x00,0x00,0x00,0x00,0x00,0x00,
  0x00,0x00,0x00,0x00,0x00,0x00,0x00,0x00,0x00,0x00,0x00,0x00,0x00,0x01,0xfc,0x00,0x00,0x00,0x00,0x0f,0xff,0x80,0x00,0x00,
  0x00,0x3f,0xff,0xc0,0x00,0x00,0x00,0x7f,0xff,0xe0,0x00,0x00,0x00,0x7f,0xff,0xf0,0x00,0x00,0x00,0xff,0xff,0xf8,0x00,0x00,
  0x00,0xff,0x07,0xf8,0x00,0x00,0x01,0xfe,0x03,0xf8,0x00,0x00,0x01,0xfe,0x01,0xf8,0x00,0x00,0x01,0xfe,0x01,0xf8,0x00,0x00,
  0x01,0xfe,0x01,0xf8,0x00,0x00,0x00,0xff,0x03,0xf8,0x00,0x00,0x00,0xff,0x87,0xf8,0x00,0x00,0x00,0x7f,0xcf,0xf0,0x00,0x00,
  0x00,0x7f,0xff,0xf0,0x00,0x00,0x00,0x3f,0xff,0xe0,0x00,0x00,0x00,0x3f,0xff,0xc0,0x00,0x00,0x00,0x1f,0xff,0x00,0x00,0x00,
  0x00,0x3f,0xfe,0x00,0x00,0x00,0x00,0x7f,0xfe,0x00,0x00,0x00,0x01,0xff,0xfe,0x00,0x00,0x00,0x03,0xff,0xff,0x00,0x00,0x00,
  0x07,0xff,0xff,0x87,0x80,0x00,0x0f,0xfc,0xff,0xc7,0xf0,0x00,0x0f,0xf0,0x7f,0xe7,0xf0,0x00,0x1f,0xe0,0x3f,0xef,0xf0,0x00,
  0x1f,0xe0,0x1f,0xff,0xe0,0x00,0x1f,0xc0,0x0f,0xff,0xe0,0x00,0x1f,0xc0,0x0f,0xff,0xe0,0x00,0x3f,0xc0,0x07,0xff,0xc0,0x00,
  0x3f,0xc0,0x03,0xff,0xc0,0x00,0x3f,0xc0,0x01,0xff,0x80,0x00,0x1f,0xe0,0x01,0xff,0xc0,0x00,0x1f,0xf0,0x07,0xff,0xf0,0x00,
  0x1f,0xf8,0x1f,0xff,0xf8,0x00,0x0f,0xff,0xff,0xff,0xfe,0x00,0x0f,0xff,0xff,0xff,0xfe,0x00,0x07,0xff,0xff,0xff,0xfc,0x00,
  0x03,0xff,0xff,0xe3,0xf8,0x00,0x01,0xff,0xff,0x81,0xf8,0x00,0x00,0x7f,0xff,0x00,0xf0,0x00,0x00,0x0f,0xf8,0x00,0x20,0x00,
  0x00,0x00,0x00,0x00,0x00,0x00,0x00,0x00,0x00,0x00,0x00,0x00,0x00,0x00,0x00,0x00,0x00,0x00,0x00,0x00,0x00,0x00,0x00,0x00,
  0x00,0x00,0x00,0x00,0x00,0x00,0x00,0x00,0x00,0x00,0x00,0x00,0x00,0x00,0x00,0x00,0x00,0x00,0x00,0x00,0x00,0x00,0x00,0x00,
  0x00,0x00,0x00,0x00,0x00,0x00,0x00,0x00,0x00,0x00,0x00,0x00,0x00,0x00,0x00,0x00,0x00,0x00,0x00,0x00,0x00,0x00,0x00,0x00,
  0x00,0x00,0x00,0x00,0x00,0x00,0x00,0x00,0x00,0x00,0x00,0x00,0x00,0x00,0x00,0x00,0x00,0x00,0x00,0x00,0x00,0x00,0x1f,0xe0,
  0x1f,0xe0,0x1f,0xe0,0x1f,0xe0,0x1f,0xe0,0x1f,0xe0,0x1f,0xe0,0x1f,0xe0,0x1f,0xe0,0x1f,0xc0,0x1f,0xc0,0x0f,0xc0,0x0f,0xc0,
  0x0f,0xc0,0x00,0x00,0x00,0x00,0x00,0x00,0x00,0x00,0x00,0x00,0x00,0x00,0x00,0x00,0x00,0x00,0x00,0x00,0x00,0x00,0x00,0x00,
  0x00,0x00,0x00,0x00,0x00,0x00,0x00,0x00,0x00,0x00,0x00,0x00,0x00,0x00,0x00,0x00,0x00,0x00,0x00,0x00,0x00,0x00,0x00,0x00,
  0x00,0x00,0x00,0x00,0x00,0x00,0x00,0x00,0x00,0x00,0x00,0x00,0x00,0x00,0x00,0x00,0x00,0x00,0x00,0x00,0x00,0x00,0x00,0x00,
  0x00,0x00,0x00,0x00,0x00,0x00,0x00,0x00,0x00,0x00,0x00,0x00,0x00,0x00,0x00,0x00,0x00,0x00,0x00,0x00,0x00,0x00,0x00,0x00,
  0x00,0x00,0x00,0x00,0x00,0x00,0x00,0x00,0x00,0x00,0x00,0x00,0x00,0x00,0x00,0x00,0x00,0x00,0x1f,0x80,0x00,0x1f,0x00,0x00,
  0x3f,0x00,0x00,0x7e,0x00,0x00,0x7e,0x00,0x00,0xfc,0x00,0x00,0xfc,0x00,0x01,0xfc,0x00,0x01,0xf8,0x00,0x03,0xf8,0x00,0x03,
  0xf8,0x00,0x03,0xf0,0x00,0x07,0xf0,0x00,0x07,0xf0,0x00,0x07,0xe0,0x00,0x0f,0xe0,0x00,0x0f,0xe0,0x00,0x0f,0xe0,0x00,0x0f,
  0xe0,0x00,0x1f,0xe0,0x00,0x1f,0xc0,0x00,0x1f,0xc0,0x00,0x1f,0xc0,0x00,0x1f,0xc0,0x00,0x1f,0xc0,0x00,0x1f,0xc0,0x00,0x1f,
  0xc0,0x00,0x1f,0xc0,0x00,0x1f,0xc0,0x00,0x1f,0xc0,0x00,0x1f,0xc0,0x00,0x0f,0xe0,0x00,0x0f,0xe0,0x00,0x0f,0xe0,0x00,0x0f,
  0xe0,0x00,0x0f,0xe0,0x00,0x07,0xe0,0x00,0x07,0xf0,0x00,0x07,0xf0,0x00,0x03,0xf0,0x00,0x03,0xf0,0x00,0x03,0xf8,0x00,0x01,
  0xf8,0x00,0x01,0xf8,0x00,0x00,0xfc,0x00,0x00,0xfc,0x00,0x00,0x7e,0x00,0x00,0x7e,0x00,0x00,0x3f,0x00,0x00,0x1f,0x00,0x00,
  0x1f,0x80,0x00,0x00,0x00,0x00,0x00,0x00,0x00,0x00,0x00,0x00,0x00,0x00,0x00,0x00,0x00,0x00,0x00,0x00,0x00,0x00,0x00,0x00,
  0x00,0x00,0x00,0x00,0x00,0x00,0x00,0x00,0x00,0x00,0x00,0x00,0x00,0x00,0x00,0x00,0x00,0x3e,0x00,0x00,0x1f,0x00,0x00,0x1f,
  0x80,0x00,0x1f,0x80,0x00,0x0f,0xc0,0x00,0x0f,0xc0,0x00,0x07,0xe0,0x00,0x07,0xe0,0x00,0x07,0xf0,0x00,0x03,0xf0,0x00,0x03,
  0xf8,0x00,0x03,0xf8,0x00,0x01,0xfc,0x00,0x01,0xfc,0x00,0x01,0xfc,0x00,0x01,0xfc,0x00,0x00,0xfe,0x00,0x00,0xfe,0x00,0x00,
  0xfe,0x00,0x00,0xfe,0x00,0x00,0xfe,0x00,0x00,0xfe,0x00,0x00,0xff,0x00,0x00,0xff,0x00,0x00,0xff,0x00,0x00,0xff,0x00,0x00,
  0xff,0x00,0x00,0xff,0x00,0x00,0xfe,0x00,0x00,0xfe,0x00,0x00,0xfe,0x00,0x00,0xfe,0x00,0x00,0xfe,0x00,0x00,0xfe,0x00,0x00,
  0xfc,0x00,0x01,0xfc,0x00,0x01,0xfc,0x00,0x01,0xfc,0x00,0x01,0xf8,0x00,0x01,0xf8,0x00,0x03,0xf8,0x00,0x03,0xf0,0x00,0x03,
  0xf0,0x00,0x07,0xe0,0x00,0x07,0xe0,0x00,0x0f,0xc0,0x00,0x0f,0xc0,0x00,0x0f,0x80,0x00,0x1f,0x80,0x00,0x1f,0x00,0x00,0x3e,
  0x00,0x00,0x00,0x00,0x00,0x00,0x00,0x00,0x00,0x00,0x00,0x00,0x00,0x00,0x00,0x00,0x00,0x00,0x00,0x00,0x00,0x00,0x00,0x00,
  0x00,0x00,0x00,0x00,0x00,0x00,0x00,0x00,0x00,0x00,0x00,0x00,0x00,0x00,0x00,0x00,0x00,0x00,0xf0,0x00,0x00,0xf0,0x00,0x00,
  0xf0,0x00,0x00,0xf0,0x00,0x20,0xf0,0x20,0x3c,0xf1,0xe0,0x3e,0xf7,0xe0,0x7f,0xff,0xf0,0x7f,0xff,0xf0,0x0f,0xff,0x80,0x01,
  0xfc,0x00,0x03,0xfc,0x00,0x07,0xfe,0x00,0x0f,0x9f,0x00,0x1f,0x8f,0x80,0x1f,0x0f,0xc0,0x0e,0x07,0x00,0x02,0x02,0x00,0x00,
  0x00,0x00,0x00,0x00,0x00,0x00,0x00,0x00,0x00,0x00,0x00,0x00,0x00,0x00,0x00,0x00,0x00,0x00,0x00,0x00,0x00,0x00,0x00,0x00,
  0x00,0x00,0x00,0x00,0x00,0x00,0x00,0x00,0x00,0x00,0x00,0x00,0x00,0x00,0x00,0x00,0x00,0x00,0x00,0x00,0x00,0x00,0x00,0x00,
  0x00,0x00,0x00,0x00,0x00,0x00,0x00,0x00,0x00,0x00,0x00,0x00,0x00,0x00,0x00,0x00,0x00,0x00,0x00,0x00,0x00,0x00,0x00,0x00,
  0x00,0x00,0x00,0x00,0x00,0x00,0x00,0x00,0x00,0x00,0x00,0x00,0x00,0x00,0x00,0x00,0x00,0x00,0x00,0x00,0x00,0x00,0x00,0x00,
  0x00,0x00,0x00,0x00,0x00,0x00,0x00,0x00,0x00,0x00,0x00,0x00,0x00,0x00,0x00,0x00,0x00,0x00,0x00,0x00,0x00,0x00,0x00,0x00,
  0x00,0x00,0x00,0x00,0x00,0x00,0x00,0x00,0x00,0x00,0x00,0x00,0x00,0x00,0x00,0x00,0x00,0x00,0x00,0x00,0x00,0x00,0x00,0x00,
  0x00,0x00,0x00,0x00,0x00,0x00,0x00,0x00,0x00,0x00,0x00,0x00,0x00,0x00,0x00,0x00,0x00,0x00,0x00,0x00,0x00,0x00,0x00,0x00,
  0x00,0x00,0x00,0x00,0x00,0x00,0x00,0x00,0x00,0x00,0x00,0x00,0x00,0x00,0x00,0x00,0x00,0x00,0x00,0x00,0x00,0x00,0x00,0x00,
  0x00,0x00,0x00,0x07,0xf0,0x00,0x00,0x00,0x07,0xf0,0x00,0x00,0x00,0x07,0xf0,0x00,0x00,0x00,0x07,0xf0,0x00,0x00,0x00,0x07,
  0xf0,0x00,0x00,0x00,0x07,0xf0,0x00,0x00,0x00,0x07,0xf0,0x00,0x00,0x00,0x07,0xf0,0x00,0x00,0x00,0x07,0xf0,0x00,0x00,0x00,
  0x07,0xf0,0x00,0x00,0x3f,0xff,0xff,0xfc,0x00,0x3f,0xff,0xff,0xfc,0x00,0x3f,0xff,0xff,0xfc,0x00,0x3f,0xff,0xff,0xfc,0x00,
  0x3f,0xff,0xff,0xfc,0x00,0x3f,0xff,0xff,0xfc,0x00,0x3f,0xff,0xff,0xfc,0x00,0x00,0x07,0xf0,0x00,0x00,0x00,0x07,0xf0,0x00,
  0x00,0x00,0x07,0xf0,0x00,0x00,0x00,0x07,0xf0,0x00,0x00,0x00,0x07,0xf0,0x00,0x00,0x00,0x07,0xf0,0x00,0x00,0x00,0x07,0xf0,
  0x00,0x00,0x00,0x07,0xf0,0x00,0x00,0x00,0x07,0xf0,0x00,0x00,0x00,0x07,0xf0,0x00,0x00,0x00,0x00,0x00,0x00,0x00,0x00,0x00,
  0x00,0x00,0x00,0x00,0x00,0x00,0x00,0x00,0x00,0x00,0x00,0x00,0x00,0x00,0x00,0x00,0x00,0x00,0x00,0x00,0x00,0x00,0x00,0x00,
  0x00,0x00,0x00,0x00,0x00,0x00,0x00,0x00,0x00,0x00,0x00,0x00,0x00,0x00,0x00,0x00,0x00,0x00,0x00,0x00,0x00,0x00,0x00,0x00,
  0x00,0x00,0x00,0x00,0x00,0x00,0x00,0x00,0x00,0x00,0x00,0x00,0x00,0x00,0x00,0x00,0x00,0x00,0x00,0x00,0x00,0x00,0x00,0x00,
  0x00,0x00,0x00,0x00,0x00,0x00,0x00,0x00,0x00,0x00,0x00,0x00,0x00,0x00,0x00,0x00,0x00,0x00,0x00,0x00,0x00,0x00,0x00,0x00,
  0x00,0x00,0x00,0x00,0x00,0x00,0x00,0x00,0x00,0x00,0x00,0x00,0x00,0x00,0x00,0x00,0x00,0x00,0x00,0x00,0x00,0x00,0x00,0x00,
  0x00,0x00,0x00,0x00,0x00,0x00,0x00,0x00,0x00,0x00,0x00,0x00,0x00,0x00,0x00,0x00,0x00,0x00,0x00,0x00,0x00,0x00,0x00,0x00,
  0x00,0x00,0x00,0x00,0x00,0x00,0x00,0x00,0x00,0x00,0x00,0x00,0x00,0x00,0x00,0x00,0x00,0x00,0x00,0x00,0x00,0x00,0x00,0x00,
  0x00,0x00,0x00,0x00,0x00,0x00,0x0f,0xe0,0x0f,0xe0,0x0f,0xe0,0x0f,0xe0,0x0f,0xe0,0x0f,0xe0,0x0f,0xe0,0x0f,0xe0,0x00,0xe0,
  0x00,0xe0,0x01,0xe0,0x01,0xe0,0x03,0xc0,0x07,0xc0,0x0f,0x80,0x0e,0x00,0x04,0x00,0x00,0x00,0x00,0x00,0x00,0x00,0x00,0x00,
  0x00,0x00,0x00,0x00,0x00,0x00,0x00,0x00,0x00,0x00,0x00,0x00,0x00,0x00,0x00,0x00,0x00,0x00,0x00,0x00,0x00,0x00,0x00,0x00,
  0x00,0x00,0x00,0x00,0x00,0x00,0x00,0x00,0x00,0x00,0x00,0x00,0x00,0x00,0x00,0x00,0x00,0x00,0x00,0x00,0x00,0x00,0x00,0x00,
  0x00,0x00,0x00,0x00,0x00,0x00,0x00,0x00,0x00,0x00,0x00,0x00,0x00,0x00,0x00,0x00,0x00,0x00,0x00,0x00,0x00,0x00,0x00,0x00,
  0x00,0x00,0x00,0x00,0x00,0x00,0x00,0x00,0x00,0x00,0x00,0x00,0x00,0x00,0x00,0x00,0x00,0x00,0x00,0x00,0x00,0x00,0x00,0x00,
  0x00,0x00,0x00,0x1f,0xff,0xc0,0x1f,0xff,0xc0,0x1f,0xff,0xc0,0x1f,0xff,0xc0,0x1f,0xff,0xc0,0x1f,0xff,0xc0,0x1f,0xff,0xc0,
  0x00,0x00,0x00,0x00,0x00,0x00,0x00,0x00,0x00,0x00,0x00,0x00,0x00,0x00,0x00,0x00,0x00,0x00,0x00,0x00,0x00,0x00,0x00,0x00,
  0x00,0x00,0x00,0x00,0x00,0x00,0x00,0x00,0x00,0x00,0x00,0x00,0x00,0x00,0x00,0x00,0x00,0x00,0x00,0x00,0x00,0x00,0x00,0x00,
  0x00,0x00,0x00,0x00,0x00,0x00,0x00,0x00,0x00,0x00,0x00,0x00,0x00,0x00,0x00,0x00,0x00,0x00,0x00,0x00,0x00,0x00,0x00,0x00,
  0x00,0x00,0x00,0x00,0x00,0x00,0x00,0x00,0x00,0x00,0x00,0x00,0x00,0x00,0x00,0x00,0x00,0x00,0x00,0x00,0x00,0x00,0x00,0x00,
  0x00,0x00,0x00,0x00,0x00,0x00,0x00,0x00,0x00,0x00,0x00,0x00,0x00,0x00,0x00,0x00,0x00,0x00,0x00,0x00,0x00,0x00,0x00,0x00,
  0x00,0x00,0x00,0x00,0x00,0x00,0x00,0x00,0x00,0x00,0x00,0x00,0x00,0x00,0x00,0x00,0x00,0x00,0x00,0x00,0x00,0x00,0x00,0x00,
  0x00,0x00,0x00,0x00,0x00,0x00,0x00,0x00,0x00,0x00,0x00,0x00,0x00,0x00,0x0f,0xf0,0x0f,0xf0,0x0f,0xf0,0x0f,0xf0,0x0f,0xf0,
  0x0f,0xf0,0x0f,0xf0,0x0f,0xf0,0x00,0x00,0x00,0x00,0x00,0x00,0x00,0x00,0x00,0x00,0x00,0x00,0x00,0x00,0x00,0x00,0x00,0x00,
  0x00,0x00,0x00,0x00,0x00,0x00,0x00,0x00,0x00,0x00,0x00,0x00,0x00,0x00,0x00,0x00,0x00,0x00,0x00,0x00,0x00,0x00,0x00,0x00,
  0x00,0x00,0x00,0x00,0x00,0x00,0x00,0x3e,0x00,0x7e,0x00,0x7e,0x00,0x7c,0x00,0x7c,0x00,0xfc,0x00,0xfc,0x00,0xfc,0x00,0xf8,
  0x01,0xf8,0x01,0xf8,0x01,0xf8,0x01,0xf0,0x03,0xf0,0x03,0xf0,0x03,0xf0,0x03,0xe0,0x03,0xe0,0x07,0xe0,0x07,0xe0,0x07,0xc0,
  0x07,0xc0,0x0f,0xc0,0x0f,0xc0,0x0f,0x80,0x0f,0x80,0x1f,0x80,0x1f,0x80,0x1f,0x00,0x1f,0x00,0x3f,0x00,0x3f,0x00,0x3e,0x00,
  0x3e,0x00,0x7e,0x00,0x7e,0x00,0x7c,0x00,0x7c,0x00,0xfc,0x00,0xfc,0x00,0x00,0x00,0x00,0x00,0x00,0x00,0x00,0x00,0x00,0x00,
  0x00,0x00,0x00,0x00,0x00,0x00,0x00,0x00,0x00,0x00,0x00,0x00,0x00,0x00,0x00,0x00,0x00,0x00,0x00,0x00,0x00,0x00,0x00,0x00,
  0x00,0x00,0x00,0x00,0x00,0x00,0x00,0x00,0x00,0x00,0x00,0x00,0x00,0x00,0x00,0x00,0x00,0x00,0x00,0x00,0x00,0x00,0x00,0x00,
  0x00,0x00,0x00,0x00,0x00,0x00,0x00,0x00,0x00,0x00,0x00,0x00,0x00,0x0f,0xe0,0x00,0x00,0x7f,0xf8,0x00,0x00,0xff,0xfe,0x00,
  0x01,0xff,0xff,0x00,0x03,0xff,0xff,0x80,0x07,0xff,0xff,0x80,0x07,0xff,0xff,0xc0,0x0f,0xf8,0x7f,0xc0,0x0f,0xf0,0x1f,0xe0,
  0x0f,0xf0,0x1f,0xe0,0x1f,0xe0,0x0f,0xe0,0x1f,0xe0,0x0f,0xf0,0x1f,0xe0,0x0f,0xf0,0x1f,0xe0,0x0f,0xf0,0x1f,0xc0,0x0f,0xf0,
  0x1f,0xc0,0x0f,0xf0,0x3f,0xc0,0x0f,0xf0,0x3f,0xc0,0x07,0xf0,0x3f,0xc0,0x07,0xf0,0x3f,0xc0,0x07,0xf0,0x3f,0xc0,0x07,0xf0,
  0x3f,0xc0,0x07,0xf0,0x3f,0xc0,0x07,0xf0,0x3f,0xc0,0x07,0xf0,0x3f,0xc0,0x0f,0xf0,0x1f,0xc0,0x0f,0xf0,0x1f,0xc0,0x0f,0xf0,
  0x1f,0xe0,0x0f,0xf0,0x1f,0xe0,0x0f,0xf0,0x1f,0xe0,0x0f,0xf0,0x1f,0xe0,0x0f,0xe0,0x0f,0xf0,0x1f,0xe0,0x0f,0xf0,0x1f,0xe0,
  0x0f,0xf8,0x7f,0xc0,0x07,0xff,0xff,0xc0,0x07,0xff,0xff,0x80,0x03,0xff,0xff,0x80,0x01,0xff,0xff,0x00,0x00,0xff,0xfe,0x00,
  0x00,0x7f,0xf8,0x00,0x00,0x0f,0xe0,0x00,0x00,0x00,0x00,0x00,0x00,0x00,0x00,0x00,0x00,0x00,0x00,0x00,0x00,0x00,0x00,0x00,
  0x00,0x00,0x00,0x00,0x00,0x00,0x00,0x00,0x00,0x00,0x00,0x00,0x00,0x00,0x00,0x00,0x00,0x00,0x00,0x00,0x00,0x00,0x00,0x00,
  0x00,0x00,0x00,0x00,0x00,0x00,0x00,0x00,0x00,0x00,0x00,0x00,0x00,0x00,0x00,0x00,0x00,0x00,0x00,0x00,0x00,0x00,0x00,0x00,
  0x00,0x00,0x00,0x00,0x00,0x00,0x00,0x00,0x00,0x00,0x00,0x00,0x00,0x00,0x00,0x00,0x00,0x00,0x00,0x00,0x00,0x00,0x00,0x00,
  0x00,0x00,0x00,0x00,0x00,0x00,0xfc,0x00,0x00,0x01,0xfc,0x00,0x00,0x01,0xfc,0x00,0x00,0x03,0xfc,0x00,0x00,0x07,0xfc,0x00,
  0x00,0x0f,0xfc,0x00,0x00,0x1f,0xfc,0x00,0x00,0x3f,0xfc,0x00,0x00,0xff,0xfc,0x00,0x03,0xff,0xfc,0x00,0x07,0xff,0xfc,0x00,
  0x07,0xff,0xfc,0x00,0x07,0xfb,0xfc,0x00,0x07,0xf3,0xfc,0x00,0x07,0xe3,0xfc,0x00,0x07,0x83,0xfc,0x00,0x07,0x03,0xfc,0x00,
  0x00,0x03,0xfc,0x00,0x00,0x03,0xfc,0x00,0x00,0x03,0xfc,0x00,0x00,0x03,0xfc,0x00,0x00,0x03,0xfc,0x00,0x00,0x03,0xfc,0x00,
  0x00,0x03,0xfc,0x00,0x00,0x03,0xfc,0x00,0x00,0x03,0xfc,0x00,0x00,0x03,0xfc,0x00,0x00,0x03,0xfc,0x00,0x00,0x03,0xfc,0x00,
  0x00,0x03,0xfc,0x00,0x00,0x03,0xfc,0x00,0x00,0x03,0xfc,0x00,0x00,0x03,0xfc,0x00,0x00,0x03,0xfc,0x00,0x00,0x03,0xfc,0x00,
  0x00,0x03,0xfc,0x00,0x00,0x03,0xfc,0x00,0x00,0x03,0xfc,0x00,0x00,0x03,0xfc,0x00,0x00,0x03,0xfc,0x00,0x00,0x00,0x00,0x00,
  0x00,0x00,0x00,0x00,0x00,0x00,0x00,0x00,0x00,0x00,0x00,0x00,0x00,0x00,0x00,0x00,0x00,0x00,0x00,0x00,0x00,0x00,0x00,0x00,
  0x00,0x00,0x00,0x00,0x00,0x00,0x00,0x00,0x00,0x00,0x00,0x00,0x00,0x00,0x00,0x00,0x00,0x00,0x00,0x00,0x00,0x00,0x00,0x00,
  0x00,0x00,0x00,0x00,0x00,0x00,0x00,0x00,0x00,0x00,0x00,0x00,0x00,0x00,0x00,0x00,0x00,0x00,0x00,0x00,0x00,0x00,0x00,0x00,
  0x00,0x00,0x00,0x00,0x00,0x00,0x00,0x00,0x00,0x00,0x00,0x00,0x00,0x00,0x00,0x00,0x00,0x00,0x00,0x00,0x00,0x0f,0xf0,0x00,
  0x00,0x7f,0xfc,0x00,0x01,0xff,0xff,0x00,0x03,0xff,0xff,0x80,0x07,0xff,0xff,0xc0,0x0f,0xff,0xff,0xe0,0x0f,0xff,0xff,0xe0,
  0x1f,0xf8,0x3f,0xf0,0x1f,0xe0,0x1f,0xf0,0x1f,0xe0,0x0f,0xf0,0x1f,0xc0,0x0f,0xf0,0x3f,0xc0,0x07,0xf0,0x03,0xc0,0x07,0xf0,
  0x00,0x00,0x07,0xf0,0x00,0x00,0x0f,0xf0,0x00,0x00,0x0f,0xe0,0x00,0x00,0x1f,0xe0,0x00,0x00,0x3f,0xc0,0x00,0x00,0x3f,0xc0,
  0x00,0x00,0x7f,0x80,0x00,0x00,0xff,0x00,0x00,0x03,0xff,0x00,0x00,0x07,0xfe,0x00,0x00,0x0f,0xf8,0x00,0x00,0x1f,0xf0,0x00,
  0x00,0x3f,0xe0,0x00,0x00,0x7f,0xc0,0x00,0x00,0xff,0x80,0x00,0x01,0xff,0x00,0x00,0x03,0xfe,0x00,0x00,0x03,0xfc,0x00,0x00,
  0x07,0xf8,0x00,0x00,0x0f,0xff,0xff,0xf0,0x0f,0xff,0xff,0xf0,0x1f,0xff,0xff,0xf0,0x1f,0xff,0xff,0xf0,0x3f,0xff,0xff,0xf0,
  0x3f,0xff,0xff,0xf0,0x3f,0xff,0xff,0xf0,0x3f,0xff,0xff,0xf0,0x00,0x00,0x00,0x00,0x00,0x00,0x00,0x00,0x00,0x00,0x00,0x00,
  0x00,0x00,0x00,0x00,0x00,0x00,0x00,0x00,0x00,0x00,0x00,0x00,0x00,0x00,0x00,0x00,0x00,0x00,0x00,0x00,0x00,0x00,0x00,0x00,
  0x00,0x00,0x00,0x00,0x00,0x00,0x00,0x00,0x00,0x00,0x00,0x00,0x00,0x00,0x00,0x00,0x00,0x00,0x00,0x00,0x00,0x00,0x00,0x00,
  0x00,0x00,0x00,0x00,0x00,0x00,0x00,0x00,0x00,0x00,0x00,0x00,0x00,0x00,0x00,0x00,0x00,0x00,0x00,0x00,0x00,0x00,0x00,0x00,
  0x00,0x00,0x00,0x00,0x00,0x00,0x00,0x00,0x00,0x00,0x00,0x00,0x00,0x0f,0xe0,0x00,0x00,0x7f,0xf8,0x00,0x01,0xff,0xfe,0x00,
  0x03,0xff,0xff,0x00,0x07,0xff,0xff,0x80,0x07,0xff,0xff,0x80,0x0f,0xff,0xff,0xc0,0x0f,0xf8,0x7f,0xc0,0x1f,0xe0,0x3f,0xe0,
  0x1f,0xe0,0x1f,0xe0,0x1f,0xc0,0x1f,0xe0,0x01,0xc0,0x1f,0xe0,0x00,0x00,0x1f,0xe0,0x00,0x00,0x1f,0xc0,0x00,0x00,0x3f,0xc0,
  0x00,0x00,0xff,0x80,0x00,0x07,0xff,0x00,0x00,0x07,0xfe,0x00,0x00,0x07,0xfc,0x00,0x00,0x07,0xfe,0x00,0x00,0x0f,0xff,0x80,
  0x00,0x0f,0xff,0xc0,0x00,0x00,0x3f,0xe0,0x00,0x00,0x1f,0xe0,0x00,0x00,0x0f,0xf0,0x00,0x00,0x07,0xf0,0x00,0x00,0x07,0xf0,
  0x00,0x00,0x07,0xf8,0x01,0xc0,0x07,0xf8,0x3f,0xc0,0x07,0xf8,0x1f,0xc0,0x07,0xf0,0x1f,0xe0,0x0f,0xf0,0x1f,0xf0,0x1f,0xf0,
  0x1f,0xf8,0x3f,0xf0,0x0f,0xff,0xff,0xe0,0x07,0xff,0xff,0xc0,0x07,0xff,0xff,0xc0,0x03,0xff,0xff,0x80,0x00,0xff,0xfe,0x00,
  0x00,0x7f,0xfc,0x00,0x00,0x0f,0xe0,0x00,0x00,0x00,0x00,0x00,0x00,0x00,0x00,0x00,0x00,0x00,0x00,0x00,0x00,0x00,0x00,0x00,
  0x00,0x00,0x00,0x00,0x00,0x00,0x00,0x00,0x00,0x00,0x00,0x00,0x00,0x00,0x00,0x00,0x00,0x00,0x00,0x00,0x00,0x00,0x00,0x00,
  0x00,0x00,0x00,0x00,0x00,0x00,0x00,0x00,0x00,0x00,0x00,0x00,0x00,0x00,0x00,0x00,0x00,0x00,0x00,0x00,0x00,0x00,0x00,0x00,
  0x00,0x00,0x00,0x00,0x00,0x00,0x00,0x00,0x00,0x00,0x00,0x00,0x00,0x00,0x00,0x00,0x00,0x00,0x00,0x00,0x00,0x00,0x00,0x00,
  0x00,0x00,0x00,0x00,0x00,0x00,0x00,0x00,0x00,0x00,0x3f,0x80,0x00,0x00,0x7f,0x80,0x00,0x00,0x7f,0x80,0x00,0x00,0xff,0x80,
  0x00,0x01,0xff,0x80,0x00,0x01,0xff,0x80,0x00,0x03,0xff,0x80,0x00,0x07,0xff,0x80,0x00,0x0f,0xff,0x80,0x00,0x0f,0xff,0x80,
  0x00,0x1f,0xff,0x80,0x00,0x3f,0xff,0x80,0x00,0x7f,0x7f,0x80,0x00,0x7f,0x7f,0x80,0x00,0xfe,0x7f,0x80,0x01,0xfc,0x7f,0x80,
  0x01,0xfc,0x7f,0x80,0x03,0xf8,0x7f,0x80,0x07,0xf0,0x7f,0x80,0x0f,0xe0,0x7f,0x80,0x0f,0xe0,0x7f,0x80,0x1f,0xc0,0x7f,0x80,
  0x3f,0x80,0x7f,0x80,0x3f,0x80,0x7f,0x80,0x7f,0xff,0xff,0xfc,0x7f,0xff,0xff,0xfc,0x7f,0xff,0xff,0xfc,0x7f,0xff,0xff,0xfc,
  0x7f,0xff,0xff,0xfc,0x7f,0xff,0xff,0xfc,0x7f,0xff,0xff,0xfc,0x00,0x00,0x7f,0x80,0x00,0x00,0x7f,0x80,0x00,0x00,0x7f,0x80,
  0x00,0x00,0x7f,0x80,0x00,0x00,0x7f,0x80,0x00,0x00,0x7f,0x80,0x00,0x00,0x7f,0x80,0x00,0x00,0x7f,0x80,0x00,0x00,0x00,0x00,
  0x00,0x00,0x00,0x00,0x00,0x00,0x00,0x00,0x00,0x00,0x00,0x00,0x00,0x00,0x00,0x00,0x00,0x00,0x00,0x00,0x00,0x00,0x00,0x00,
  0x00,0x00,0x00,0x00,0x00,0x00,0x00,0x00,0x00,0x00,0x00,0x00,0x00,0x00,0x00,0x00,0x00,0x00,0x00,0x00,0x00,0x00,0x00,0x00,
  0x00,0x00,0x00,0x00,0x00,0x00,0x00,0x00,0x00,0x00,0x00,0x00,0x00,0x00,0x00,0x00,0x00,0x00,0x00,0x00,0x00,0x00,0x00,0x00,
  0x00,0x00,0x00,0x00,0x00,0x00,0x00,0x00,0x00,0x00,0x00,0x00,0x00,0x00,0x00,0x00,0x00,0x00,0x00,0x00,0x00,0x00,0x00,0x00,
  0x01,0xff,0xff,0xf0,0x01,0xff,0xff,0xf0,0x01,0xff,0xff,0xf0,0x01,0xff,0xff,0xf0,0x01,0xff,0xff,0xf0,0x03,0xff,0xff,0xf0,
  0x03,0xff,0xff,0xf0,0x03,0xff,0xff,0xf0,0x03,0xf8,0x00,0x00,0x03,0xf8,0x00,0x00,0x03,0xf0,0x00,0x00,0x07,0xf0,0x00,0x00,
  0x07,0xf0,0x00,0x00,0x07,0xf0,0x00,0x00,0x07,0xf3,0xf0,0x00,0x07,0xff,0xfe,0x00,0x07,0xff,0xff,0x00,0x0f,0xff,0xff,0xc0,
  0x0f,0xff,0xff,0xe0,0x0f,0xff,0xff,0xe0,0x0f,0xff,0xff,0xf0,0x0f,0xf8,0x1f,0xf0,0x0f,0xe0,0x0f,0xf8,0x01,0xc0,0x07,0xf8,
  0x00,0x00,0x07,0xf8,0x00,0x00,0x03,0xf8,0x00,0x00,0x03,0xf8,0x01,0xc0,0x03,0xf8,0x1f,0xc0,0x03,0xf8,0x1f,0xe0,0x07,0xf8,
  0x1f,0xe0,0x07,0xf8,0x1f,0xf0,0x0f,0xf0,0x0f,0xfc,0x1f,0xf0,0x0f,0xff,0xff,0xe0,0x07,0xff,0xff,0xe0,0x03,0xff,0xff,0xc0,
  0x03,0xff,0xff,0x80,0x00,0xff,0xff,0x00,0x00,0x7f,0xfc,0x00,0x00,0x0f,0xe0,0x00,0x00,0x00,0x00,0x00,0x00,0x00,0x00,0x00,
  0x00,0x00,0x00,0x00,0x00,0x00,0x00,0x00,0x00,0x00,0x00,0x00,0x00,0x00,0x00,0x00,0x00,0x00,0x00,0x00,0x00,0x00,0x00,0x00,
  0x00,0x00,0x00,0x00,0x00,0x00,0x00,0x00,0x00,0x00,0x00,0x00,0x00,0x00,0x00,0x00,0x00,0x00,0x00,0x00,0x00,0x00,0x00,0x00,
  0x00,0x00,0x00,0x00,0x00,0x00,0x00,0x00,0x00,0x00,0x00,0x00,0x00,0x00,0x00,0x00,0x00,0x00,0x00,0x00,0x00,0x00,0x00,0x00,
  0x00,0x00,0x00,0x00,0x00,0x00,0x00,0x00,0x00,0x00,0x00,0x00,0x00,0x07,0xf0,0x00,0x00,0x1f,0xfe,0x00,0x00,0x7f,0xff,0x00,
  0x00,0xff,0xff,0x80,0x01,0xff,0xff,0xc0,0x03,0xff,0xff,0xe0,0x07,0xff,0xff,0xe0,0x07,0xfc,0x1f,0xf0,0x0f,0xf8,0x0f,0xf0,
  0x0f,0xf0,0x07,0xf0,0x0f,0xf0,0x07,0x80,0x1f,0xe0,0x00,0x00,0x1f,0xe0,0x00,0x00,0x1f,0xe0,0x00,0x00,0x1f,0xe0,0x00,0x00,
  0x1f,0xc1,0xf8,0x00,0x1f,0xc7,0xfe,0x00,0x3f,0xdf,0xff,0x00,0x3f,0xff,0xff,0xc0,0x3f,0xff,0xff,0xc0,0x3f,0xff,0xff,0xe0,
  0x3f,0xff,0xff,0xf0,0x3f,0xfc,0x1f,0xf0,0x3f,0xf0,0x0f,0xf0,0x3f,0xf0,0x07,0xf8,0x1f,0xe0,0x07,0xf8,0x1f,0xe0,0x03,0xf8,
  0x1f,0xe0,0x03,0xf8,0x1f,0xe0,0x03,0xf8,0x1f,0xe0,0x03,0xf8,0x1f,0xe0,0x07,0xf8,0x0f,0xf0,0x07,0xf8,0x0f,0xf8,0x0f,0xf0,
  0x07,0xfc,0x1f,0xf0,0x07,0xff,0xff,0xf0,0x03,0xff,0xff,0xe0,0x03,0xff,0xff,0xc0,0x01,0xff,0xff,0x80,0x00,0x7f,0xff,0x00,
  0x00,0x3f,0xfe,0x00,0x00,0x07,0xf0,0x00,0x00,0x00,0x00,0x00,0x00,0x00,0x00,0x00,0x00,0x00,0x00,0x00,0x00,0x00,0x00,0x00,
  0x00,0x00,0x00,0x00,0x00,0x00,0x00,0x00,0x00,0x00,0x00,0x00,0x00,0x00,0x00,0x00,0x00,0x00,0x00,0x00,0x00,0x00,0x00,0x00,
  0x00,0x00,0x00,0x00,0x00,0x00,0x00,0x00,0x00,0x00,0x00,0x00,0x00,0x00,0x00,0x00,0x00,0x00,0x00,0x00,0x00,0x00,0x00,0x00,
  0x00,0x00,0x00,0x00,0x00,0x00,0x00,0x00,0x00,0x00,0x00,0x00,0x00,0x00,0x00,0x00,0x00,0x00,0x00,0x00,0x00,0x00,0x00,0x00,
  0x00,0x00,0x00,0x00,0x00,0x00,0x00,0x00,0x3f,0xff,0xff,0xf0,0x3f,0xff,0xff,0xf0,0x3f,0xff,0xff,0xf0,0x3f,0xff,0xff,0xf0,
  0x3f,0xff,0xff,0xf0,0x3f,0xff,0xff,0xf0,0x3f,0xff,0xff,0xf0,0x3f,0xff,0xff,0xe0,0x00,0x00,0x1f,0xc0,0x00,0x00,0x1f,0x80,
  0x00,0x00,0x3f,0x80,0x00,0x00,0x7f,0x00,0x00,0x00,0xfe,0x00,0x00,0x00,0xfe,0x00,0x00,0x01,0xfc,0x00,0x00,0x01,0xf8,0x00,
  0x00,0x03,0xf8,0x00,0x00,0x07,0xf0,0x00,0x00,0x07,0xf0,0x00,0x00,0x0f,0xe0,0x00,0x00,0x0f,0xe0,0x00,0x00,0x0f,0xe0,0x00,
  0x00,0x1f,0xc0,0x00,0x00,0x1f,0xc0,0x00,0x00,0x3f,0x80,0x00,0x00,0x3f,0x80,0x00,0x00,0x3f,0x80,0x00,0x00,0x7f,0x80,0x00,
  0x00,0x7f,0x00,0x00,0x00,0x7f,0x00,0x00,0x00,0x7f,0x00,0x00,0x00,0x7f,0x00,0x00,0x00,0xfe,0x00,0x00,0x00,0xfe,0x00,0x00,
  0x00,0xfe,0x00,0x00,0x00,0xfe,0x00,0x00,0x00,0xfe,0x00,0x00,0x00,0xfe,0x00,0x00,0x00,0xfe,0x00,0x00,0x00,0x00,0x00,0x00,
  0x00,0x00,0x00,0x00,0x00,0x00,0x00,0x00,0x00,0x00,0x00,0x00,0x00,0x00,0x00,0x00,0x00,0x00,0x00,0x00,0x00,0x00,0x00,0x00,
  0x00,0x00,0x00,0x00,0x00,0x00,0x00,0x00,0x00,0x00,0x00,0x00,0x00,0x00,0x00,0x00,0x00,0x00,0x00,0x00,0x00,0x00,0x00,0x00,
  0x00,0x00,0x00,0x00,0x00,0x00,0x00,0x00,0x00,0x00,0x00,0x00,0x00,0x00,0x00,0x00,0x00,0x00,0x00,0x00,0x00,0x00,0x00,0x00,
  0x00,0x00,0x00,0x00,0x00,0x00,0x00,0x00,0x00,0x00,0x00,0x00,0x00,0x00,0x00,0x00,0x00,0x00,0x00,0x00,0x00,0x1f,0xe0,0x00,
  0x00,0x7f,0xfc,0x00,0x01,0xff,0xfe,0x00,0x03,0xff,0xff,0x80,0x07,0xff,0xff,0x80,0x0f,0xff,0xff,0xc0,0x0f,0xf8,0x3f,0xc0,
  0x0f,0xf0,0x1f,0xe0,0x0f,0xe0,0x0f,0xe0,0x1f,0xe0,0x0f,0xe0,0x1f,0xc0,0x0f,0xe0,0x1f,0xc0,0x0f,0xe0,0x0f,0xe0,0x0f,0xe0,
  0x0f,0xe0,0x1f,0xe0,0x0f,0xf0,0x1f,0xc0,0x07,0xf8,0x3f,0xc0,0x03,0xff,0xff,0x80,0x01,0xff,0xff,0x00,0x00,0xff,0xfc,0x00,
  0x00,0xff,0xfe,0x00,0x03,0xff,0xff,0x80,0x07,0xff,0xff,0xc0,0x0f,0xf8,0x3f,0xe0,0x0f,0xf0,0x1f,0xe0,0x1f,0xe0,0x0f,0xf0,
  0x1f,0xc0,0x0f,0xf0,0x1f,0xc0,0x07,0xf0,0x3f,0xc0,0x07,0xf0,0x3f,0xc0,0x07,0xf0,0x3f,0xc0,0x07,0xf0,0x3f,0xc0,0x07,0xf0,
  0x1f,0xc0,0x0f,0xf0,0x1f,0xe0,0x0f,0xf0,0x1f,0xf0,0x1f,0xf0,0x0f,0xf8,0x3f,0xe0,0x0f,0xff,0xff,0xe0,0x07,0xff,0xff,0xc0,
  0x03,0xff,0xff,0x80,0x01,0xff,0xff,0x00,0x00,0x7f,0xfc,0x00,0x00,0x0f,0xe0,0x00,0x00,0x00,0x00,0x00,0x00,0x00,0x00,0x00,
  0x00,0x00,0x00,0x00,0x00,0x00,0x00,0x00,0x00,0x00,0x00,0x00,0x00,0x00,0x00,0x00,0x00,0x00,0x00,0x00,0x00,0x00,0x00,0x00,
  0x00,0x00,0x00,0x00,0x00,0x00,0x00,0x00,0x00,0x00,0x00,0x00,0x00,0x00,0x00,0x00,0x00,0x00,0x00,0x00,0x00,0x00,0x00,0x00,
  0x00,0x00,0x00,0x00,0x00,0x00,0x00,0x00,0x00,0x00,0x00,0x00,0x00,0x00,0x00,0x00,0x00,0x00,0x00,0x00,0x00,0x00,0x00,0x00,
  0x00,0x00,0x00,0x00,0x00,0x00,0x00,0x00,0x00,0x00,0x00,0x00,0x00,0x1f,0xc0,0x00,0x00,0xff,0xf8,0x00,0x01,0xff,0xfc,0x00,
  0x03,0xff,0xfe,0x00,0x07,0xff,0xff,0x00,0x0f,0xff,0xff,0x80,0x1f,0xff,0xff,0xc0,0x1f,0xf0,0x7f,0xc0,0x1f,0xe0,0x3f,0xe0,
  0x3f,0xc0,0x1f,0xe0,0x3f,0xc0,0x1f,0xe0,0x3f,0x80,0x0f,0xf0,0x3f,0x80,0x0f,0xf0,0x3f,0x80,0x0f,0xf0,0x3f,0x80,0x0f,0xf0,
  0x3f,0xc0,0x0f,0xf0,0x3f,0xc0,0x1f,0xf0,0x3f,0xe0,0x3f,0xf0,0x1f,0xf0,0x7f,0xf0,0x1f,0xff,0xff,0xf0,0x0f,0xff,0xff,0xf0,
  0x07,0xff,0xff,0xf0,0x07,0xff,0xff,0xf0,0x03,0xff,0xf7,0xf0,0x00,0xff,0xc7,0xf0,0x00,0x3f,0x0f,0xf0,0x00,0x00,0x0f,0xf0,
  0x00,0x00,0x0f,0xf0,0x00,0x00,0x0f,0xf0,0x00,0x00,0x0f,0xe0,0x03,0xc0,0x1f,0xe0,0x1f,0xc0,0x1f,0xe0,0x1f,0xe0,0x3f,0xc0,
  0x1f,0xf0,0x7f,0xc0,0x0f,0xff,0xff,0x80,0x0f,0xff,0xff,0x80,0x07,0xff,0xff,0x00,0x07,0xff,0xfe,0x00,0x03,0xff,0xfc,0x00,
  0x00,0xff,0xf0,0x00,0x00,0x3f,0x80,0x00,0x00,0x00,0x00,0x00,0x00,0x00,0x00,0x00,0x00,0x00,0x00,0x00,0x00,0x00,0x00,0x00,
  0x00,0x00,0x00,0x00,0x00,0x00,0x00,0x00,0x00,0x00,0x00,0x00,0x00,0x00,0x00,0x00,0x00,0x00,0x00,0x00,0x00,0x00,0x00,0x00,
  0x00,0x00,0x00,0x00,0x00,0x00,0x00,0x00,0x00,0x00,0x00,0x00,0x00,0x00,0x00,0x00,0x00,0x00,0x00,0x00,0x00,0x00,0x00,0x00,
  0x00,0x00,0x00,0x00,0x00,0x00,0x00,0x00,0x00,0x00,0x00,0x00,0x00,0x00,0x00,0x00,0x00,0x00,0x00,0x00,0x00,0x00,0x00,0x00,
  0x00,0x00,0x00,0x00,0x00,0x00,0x00,0x00,0x00,0x00,0x00,0x00,0x00,0x00,0x00,0x00,0x00,0x00,0x00,0x00,0x00,0x00,0x00,0x00,
  0x00,0x00,0x03,0xf8,0x00,0x03,0xf8,0x00,0x03,0xf8,0x00,0x03,0xf8,0x00,0x03,0xf8,0x00,0x03,0xf8,0x00,0x03,0xf8,0x00,0x03,
  0xf8,0x00,0x00,0x00,0x00,0x00,0x00,0x00,0x00,0x00,0x00,0x00,0x00,0x00,0x00,0x00,0x00,0x00,0x00,0x00,0x00,0x00,0x00,0x00,
  0x00,0x00,0x00,0x00,0x00,0x00,0x00,0x00,0x00,0x00,0x00,0x00,0x00,0x00,0x00,0x00,0x00,0x03,0xf8,0x00,0x03,0xf8,0x00,0x03,
  0xf8,0x00,0x03,0xf8,0x00,0x03,0xf8,0x00,0x03,0xf8,0x00,0x03,0xf8,0x00,0x03,0xf8,0x00,0x00,0x00,0x00,0x00,0x00,0x00,0x00,
  0x00,0x00,0x00,0x00,0x00,0x00,0x00,0x00,0x00,0x00,0x00,0x00,0x00,0x00,0x00,0x00,0x00,0x00,0x00,0x00,0x00,0x00,0x00,0x00,
  0x00,0x00,0x00,0x00,0x00,0x00,0x00,0x00,0x00,0x00,0x00,0x00,0x00,0x00,0x00,0x00,0x00,0x00,0x00,0x00,0x00,0x00,0x00,0x00,
  0x00,0x00,0x00,0x00,0x00,0x00,0x00,0x00,0x00,0x00,0x00,0x00,0x00,0x00,0x00,0x00,0x00,0x00,0x00,0x00,0x00,0x00,0x00,0x00,
  0x00,0x00,0x00,0x00,0x00,0x00,0x00,0x00,0x00,0x00,0x00,0x00,0x00,0x00,0x00,0x00,0x00,0x00,0x00,0x00,0x00,0x00,0x00,0x00,
  0x00,0x00,0x07,0xf8,0x00,0x07,0xf8,0x00,0x07,0xf8,0x00,0x07,0xf8,0x00,0x07,0xf8,0x00,0x07,0xf8,0x00,0x07,0xf8,0x00,0x07,
  0xf8,0x00,0x00,0x00,0x00,0x00,0x00,0x00,0x00,0x00,0x00,0x00,0x00,0x00,0x00,0x00,0x00,0x00,0x00,0x00,0x00,0x00,0x00,0x00,
  0x00,0x00,0x00,0x00,0x00,0x00,0x00,0x00,0x00,0x00,0x00,0x00,0x00,0x00,0x00,0x00,0x00,0x07,0xf8,0x00,0x07,0xf8,0x00,0x07,
  0xf8,0x00,0x07,0xf8,0x00,0x07,0xf8,0x00,0x07,0xf8,0x00,0x07,0xf8,0x00,0x07,0xf8,0x00,0x00,0x78,0x00,0x00,0x78,0x00,0x00,
  0x78,0x00,0x00,0xf0,0x00,0x01,0xf0,0x00,0x03,0xe0,0x00,0x07,0xc0,0x00,0x03,0x80,0x00,0x02,0x00,0x00,0x00,0x00,0x00,0x00,
  0x00,0x00,0x00,0x00,0x00,0x00,0x00,0x00,0x00,0x00,0x00,0x00,0x00,0x00,0x00,0x00,0x00,0x00,0x00,0x00,0x00,0x00,0x00,0x00,
  0x00,0x00,0x00,0x00,0x00,0x00,0x00,0x00,0x00,0x00,0x00,0x00,0x00,0x00,0x00,0x00,0x00,0x00,0x00,0x00,0x00,0x00,0x00,0x00,
  0x00,0x00,0x00,0x00,0x00,0x00,0x00,0x00,0x00,0x00,0x00,0x00,0x00,0x00,0x00,0x00,0x00,0x00,0x00,0x00,0x00,0x00,0x00,0x00,
  0x00,0x00,0x00,0x00,0x00,0x00,0x00,0x00,0x00,0x00,0x00,0x00,0x00,0x00,0x00,0x00,0x00,0x00,0x00,0x04,0x00,0x00,0x00,0x00,
  0x1c,0x00,0x00,0x00,0x00,0xfc,0x00,0x00,0x00,0x03,0xfc,0x00,0x00,0x00,0x0f,0xfc,0x00,0x00,0x00,0x7f,0xfc,0x00,0x00,0x01,
  0xff,0xfc,0x00,0x00,0x07,0xff,0xf8,0x00,0x00,0x3f,0xff,0xc0,0x00,0x00,0xff,0xff,0x00,0x00,0x03,0xff,0xf8,0x00,0x00,0x1f,
  0xff,0xe0,0x00,0x00,0x1f,0xff,0x80,0x00,0x00,0x1f,0xfc,0x00,0x00,0x00,0x1f,0xf0,0x00,0x00,0x00,0x1f,0xf0,0x00,0x00,0x00,
  0x1f,0xfe,0x00,0x00,0x00,0x1f,0xff,0x80,0x00,0x00,0x1f,0xff,0xe0,0x00,0x00,0x03,0xff,0xfc,0x00,0x00,0x00,0xff,0xff,0x00,
  0x00,0x00,0x3f,0xff,0xc0,0x00,0x00,0x07,0xff,0xf8,0x00,0x00,0x01,0xff,0xfc,0x00,0x00,0x00,0x7f,0xfc,0x00,0x00,0x00,0x0f,
  0xfc,0x00,0x00,0x00,0x03,0xfc,0x00,0x00,0x00,0x00,0xfc,0x00,0x00,0x00,0x00,0x1c,0x00,0x00,0x00,0x00,0x04,0x00,0x00,0x00,
  0x00,0x00,0x00,0x00,0x00,0x00,0x00,0x00,0x00,0x00,0x00,0x00,0x00,0x00,0x00,0x00,0x00,0x00,0x00,0x00,0x00,0x00,0x00,0x00,
  0x00,0x00,0x00,0x00,0x00,0x00,0x00,0x00,0x00,0x00,0x00,0x00,0x00,0x00,0x00,0x00,0x00,0x00,0x00,0x00,0x00,0x00,0x00,0x00,
  0x00,0x00,0x00,0x00,0x00,0x00,0x00,0x00,0x00,0x00,0x00,0x00,0x00,0x00,0x00,0x00,0x00,0x00,0x00,0x00,0x00,0x00,0x00,0x00,
  0x00,0x00,0x00,0x00,0x00,0x00,0x00,0x00,0x00,0x00,0x00,0x00,0x00,0x00,0x00,0x00,0x00,0x00,0x00,0x00,0x00,0x00,0x00,0x00,
  0x00,0x00,0x00,0x00,0x00,0x00,0x00,0x00,0x00,0x00,0x00,0x00,0x00,0x00,0x00,0x00,0x00,0x00,0x00,0x00,0x00,0x00,0x00,0x00,
  0x00,0x00,0x00,0x00,0x00,0x00,0x00,0x00,0x00,0x00,0x00,0x00,0x00,0x00,0x00,0x00,0x00,0x00,0x00,0x00,0x00,0x00,0x00,0x00,
  0x00,0x00,0x00,0x00,0x00,0x00,0x00,0x00,0x00,0x00,0x00,0x00,0x00,0x00,0x00,0x00,0x00,0x00,0x00,0x00,0x00,0x00,0x00,0x00,
  0x00,0x00,0x00,0x00,0x00,0x00,0x00,0x00,0x00,0x00,0x00,0x00,0x00,0x00,0x00,0x00,0x00,0x00,0x00,0x00,0x00,0x00,0x00,0x00,
  0x00,0x00,0x00,0x00,0x00,0x00,0x3f,0xff,0xff,0xfc,0x00,0x3f,0xff,0xff,0xfc,0x00,0x3f,0xff,0xff,0xfc,0x00,0x3f,0xff,0xff,
  0xfc,0x00,0x3f,0xff,0xff,0xfc,0x00,0x3f,0xff,0xff,0xfc,0x00,0x3f,0xff,0xff,0xfc,0x00,0x00,0x00,0x00,0x00,0x00,0x00,0x00,
  0x00,0x00,0x00,0x00,0x00,0x00,0x00,0x00,0x00,0x00,0x00,0x00,0x00,0x00,0x00,0x00,0x00,0x00,0x3f,0xff,0xff,0xfc,0x00,0x3f,
  0xff,0xff,0xfc,0x00,0x3f,0xff,0xff,0xfc,0x00,0x3f,0xff,0xff,0xfc,0x00,0x3f,0xff,0xff,0xfc,0x00,0x3f,0xff,0xff,0xfc,0x00,
  0x3f,0xff,0xff,0xfc,0x00,0x00,0x00,0x00,0x00,0x00,0x00,0x00,0x00,0x00,0x00,0x00,0x00,0x00,0x00,0x00,0x00,0x00,0x00,0x00,
  0x00,0x00,0x00,0x00,0x00,0x00,0x00,0x00,0x00,0x00,0x00,0x00,0x00,0x00,0x00,0x00,0x00,0x00,0x00,0x00,0x00,0x00,0x00,0x00,
  0x00,0x00,0x00,0x00,0x00,0x00,0x00,0x00,0x00,0x00,0x00,0x00,0x00,0x00,0x00,0x00,0x00,0x00,0x00,0x00,0x00,0x00,0x00,0x00,
  0x00,0x00,0x00,0x00,0x00,0x00,0x00,0x00,0x00,0x00,0x00,0x00,0x00,0x00,0x00,0x00,0x00,0x00,0x00,0x00,0x00,0x00,0x00,0x00,
  0x00,0x00,0x00,0x00,0x00,0x00,0x00,0x00,0x00,0x00,0x00,0x00,0x00,0x00,0x00,0x00,0x00,0x00,0x00,0x00,0x00,0x00,0x00,0x00,
  0x00,0x00,0x00,0x00,0x00,0x00,0x00,0x00,0x00,0x00,0x00,0x00,0x00,0x00,0x00,0x00,0x00,0x00,0x00,0x00,0x00,0x00,0x00,0x00,
  0x00,0x00,0x00,0x00,0x00,0x00,0x00,0x00,0x00,0x00,0x00,0x00,0x00,0x00,0x00,0x00,0x00,0x00,0x00,0x00,0x00,0x00,0x00,0x00,
  0x00,0x00,0x00,0x00,0x00,0x00,0x00,0x00,0x00,0x00,0x00,0x00,0x00,0x00,0x00,0x00,0x00,0x00,0x00,0x00,0x00,0x00,0x00,0x00,
  0x00,0x00,0x00,0x00,0x00,0x00,0x00,0x00,0x10,0x00,0x00,0x00,0x00,0x1c,0x00,0x00,0x00,0x00,0x1f,0x00,0x00,0x00,0x00,0x1f,
  0xe0,0x00,0x00,0x00,0x1f,0xf8,0x00,0x00,0x00,0x1f,0xfe,0x00,0x00,0x00,0x1f,0xff,0xc0,0x00,0x00,0x0f,0xff,0xf0,0x00,0x00,
  0x03,0xff,0xfc,0x00,0x00,0x00,0x7f,0xff,0x80,0x00,0x00,0x1f,0xff,0xe0,0x00,0x00,0x03,0xff,0xf8,0x00,0x00,0x00,0xff,0xfc,
  0x00,0x00,0x00,0x3f,0xfc,0x00,0x00,0x00,0x07,0xfc,0x00,0x00,0x00,0x07,0xfc,0x00,0x00,0x00,0x3f,0xfc,0x00,0x00,0x00,0xff,
  0xfc,0x00,0x00,0x03,0xff,0xf8,0x00,0x00,0x1f,0xff,0xe0,0x00,0x00,0x7f,0xff,0x80,0x00,0x03,0xff,0xfc,0x00,0x00,0x0f,0xff,
  0xf0,0x00,0x00,0x1f,0xff,0xc0,0x00,0x00,0x1f,0xfe,0x00,0x00,0x00,0x1f,0xf8,0x00,0x00,0x00,0x1f,0xe0,0x00,0x00,0x00,0x1f,
  0x00,0x00,0x00,0x00,0x1c,0x00,0x00,0x00,0x00,0x10,0x00,0x00,0x00,0x00,0x00,0x00,0x00,0x00,0x00,0x00,0x00,0x00,0x00,0x00,
  0x00,0x00,0x00,0x00,0x00,0x00,0x00,0x00,0x00,0x00,0x00,0x00,0x00,0x00,0x00,0x00,0x00,0x00,0x00,0x00,0x00,0x00,0x00,0x00,
  0x00,0x00,0x00,0x00,0x00,0x00,0x00,0x00,0x00,0x00,0x00,0x00,0x00,0x00,0x00,0x00,0x00,0x00,0x00,0x00,0x00,0x00,0x00,0x00,
  0x00,0x00,0x00,0x00,0x00,0x00,0x00,0x00,0x00,0x00,0x00,0x00,0x00,0x00,0x00,0x00,0x00,0x00,0x00,0x00,0x00,0x00,0x00,0x00,
  0x00,0x00,0x00,0x00,0x00,0x00,0x00,0x00,0x00,0x00,0x00,0x00,0x00,0x00,0x00,0x00,0x00,0x00,0x00,0x00,0x00,0x00,0x00,0x00,
  0x00,0x00,0x00,0x00,0x00,0x00,0x00,0x00,0x00,0x00,0x00,0x00,0x00,0x00,0x00,0x00,0x00,0x00,0x00,0x00,0x00,0x00,0x00,0x00,
  0x00,0x00,0x00,0x00,0x00,0x00,0x00,0x00,0x00,0x00,0x00,0x07,0xf8,0x00,0x00,0x00,0x3f,0xff,0x80,0x00,0x00,0xff,0xff,0xc0,
  0x00,0x01,0xff,0xff,0xf0,0x00,0x03,0xff,0xff,0xf8,0x00,0x07,0xff,0xff,0xf8,0x00,0x07,0xfc,0x07,0xfc,0x00,0x0f,0xf8,0x03,
  0xfe,0x00,0x0f,0xf0,0x01,0xfe,0x00,0x1f,0xe0,0x00,0xfe,0x00,0x1f,0xe0,0x00,0xfe,0x00,0x1f,0xc0,0x00,0xfe,0x00,0x01,0xc0,
  0x00,0xfe,0x00,0x00,0x00,0x00,0xfe,0x00,0x00,0x00,0x01,0xfe,0x00,0x00,0x00,0x03,0xfe,0x00,0x00,0x00,0x07,0xfc,0x00,0x00,
  0x00,0x0f,0xf8,0x00,0x00,0x00,0x3f,0xf0,0x00,0x00,0x00,0x7f,0xe0,0x00,0x00,0x00,0xff,0xc0,0x00,0x00,0x01,0xff,0x80,0x00,
  0x00,0x01,0xff,0x00,0x00,0x00,0x03,0xfe,0x00,0x00,0x00,0x03,0xfc,0x00,0x00,0x00,0x03,0xf8,0x00,0x00,0x00,0x03,0xf8,0x00,
  0x00,0x00,0x03,0xf0,0x00,0x00,0x00,0x03,0xf0,0x00,0x00,0x00,0x03,0xf0,0x00,0x00,0x00,0x00,0x00,0x00,0x00,0x00,0x00,0x00,
  0x00,0x00,0x00,0x00,0x00,0x00,0x00,0x00,0x03,0xf0,0x00,0x00,0x00,0x03,0xf0,0x00,0x00,0x00,0x03,0xf0,0x00,0x00,0x00,0x03,
  0xf0,0x00,0x00,0x00,0x03,0xf0,0x00,0x00,0x00,0x03,0xf0,0x00,0x00,0x00,0x03,0xf0,0x00,0x00,0x00,0x03,0xf0,0x00,0x00,0x00,
  0x00,0x00,0x00,0x00,0x00,0x00,0x00,0x00,0x00,0x00,0x00,0x00,0x00,0x00,0x00,0x00,0x00,0x00,0x00,0x00,0x00,0x00,0x00,0x00,
  0x00,0x00,0x00,0x00,0x00,0x00,0x00,0x00,0x00,0x00,0x00,0x00,0x00,0x00,0x00,0x00,0x00,0x00,0x00,0x00,0x00,0x00,0x00,0x00,
  0x00,0x00,0x00,0x00,0x00,0x00,0x00,0x00,0x00,0x00,0x00,0x00,0x00,0x00,0x00,0x00,0x00,0x00,0x00,0x00,0x00,0x00,0x00,0x00,
  0x00,0x00,0x00,0x00,0x00,0x00,0x00,0x00,0x00,0x00,0x00,0x00,0x00,0x00,0x00,0x00,0x00,0x00,0x00,0x00,0x00,0x00,0x00,0x00,
  0x00,0x00,0x00,0x00,0x00,0x00,0x00,0x00,0x00,0x00,0x00,0x00,0x00,0x00,0x00,0x00,0x00,0x00,0x00,0x00,0x00,0x00,0x00,0x00,
  0x00,0x00,0x00,0x00,0x00,0x00,0x00,0x00,0x00,0x00,0x00,0x00,0x00,0x00,0x00,0x00,0x00,0xff,0xe0,0x00,0x00,0x00,0x00,0x0f,
  0xff,0xfe,0x00,0x00,0x00,0x00,0x7f,0xff,0xff,0x80,0x00,0x00,0x01,0xff,0xff,0xff,0xe0,0x00,0x00,0x03,0xff,0xff,0xff,0xf8,
  0x00,0x00,0x0f,0xff,0xff,0xff,0xfc,0x00,0x00,0x1f,0xfe,0x00,0x0f,0xfe,0x00,0x00,0x3f,0xf0,0x00,0x01,0xff,0x00,0x00,0x7f,
  0xc0,0x00,0x00,0x7f,0x80,0x00,0xff,0x00,0x00,0x00,0x3f,0xc0,0x01,0xfe,0x00,0x00,0x00,0x1f,0xc0,0x01,0xfc,0x00,0xf8,0x00,
  0x0f,0xe0,0x03,0xf8,0x07,0xfe,0x1f,0xc7,0xe0,0x07,0xf0,0x1f,0xff,0x1f,0xc3,0xf0,0x07,0xe0,0x3f,0xff,0xbf,0x81,0xf0,0x0f,
  0xc0,0x7f,0xff,0xff,0x81,0xf0,0x0f,0xc0,0xff,0xff,0xff,0x81,0xf0,0x0f,0x80,0xff,0xff,0xff,0x80,0xf8,0x1f,0x81,0xff,0x83,
  0xff,0x00,0xf8,0x1f,0x01,0xfe,0x01,0xff,0x00,0xf8,0x1f,0x03,0xfc,0x00,0xff,0x00,0xf8,0x1f,0x03,0xf8,0x00,0xff,0x00,0xf8,
  0x3e,0x07,0xf8,0x00,0x7f,0x00,0xf8,0x3e,0x07,0xf0,0x00,0x7e,0x00,0xf8,0x3e,0x07,0xf0,0x00,0x7e,0x00,0xf8,0x3e,0x07,0xf0,
  0x00,0xfe,0x00,0xf8,0x3e,0x0f,0xe0,0x00,0xfe,0x01,0xf0,0x3e,0x0f,0xe0,0x00,0xfe,0x01,0xf0,0x3e,0x0f,0xe0,0x01,0xfc,0x03,
  0xf0,0x3e,0x0f,0xe0,0x01,0xfc,0x03,0xe0,0x3e,0x0f,0xe0,0x03,0xfc,0x07,0xe0,0x3e,0x0f,0xf0,0x07,0xfc,0x0f,0xc0,0x3e,0x0f,
  0xf0,0x0f,0xf8,0x1f,0xc0,0x3e,0x07,0xfc,0x1f,0xf8,0x3f,0x80,0x3e,0x07,0xff,0xff,0xfc,0xff,0x00,0x1f,0x07,0xff,0xff,0xff,
  0xfe,0x00,0x1f,0x03,0xff,0xff,0xff,0xfc,0x00,0x1f,0x81,0xff,0xfb,0xff,0xf8,0x00,0x0f,0x80,0xff,0xf9,0xff,0xf0,0x00,0x0f,
  0xc0,0x7f,0xe1,0xff,0xc0,0x00,0x0f,0xe0,0x0f,0x80,0xfe,0x00,0x00,0x07,0xe0,0x00,0x00,0x00,0x00,0xfc,0x07,0xf0,0x00,0x00,
  0x00,0x01,0xfc,0x03,0xfc,0x00,0x00,0x00,0x03,0xf8,0x01,0xfe,0x00,0x00,0x00,0x07,0xf0,0x00,0xff,0x80,0x00,0x00,0x1f,0xf0,
  0x00,0xff,0xe0,0x00,0x00,0x7f,0xe0,0x00,0x3f,0xfe,0x00,0x07,0xff,0xc0,0x00,0x1f,0xff,0xff,0xff,0xff,0x00,0x00,0x0f,0xff,
  0xff,0xff,0xfe,0x00,0x00,0x03,0xff,0xff,0xff,0xf8,0x00,0x00,0x00,0xff,0xff,0xff,0xe0,0x00,0x00,0x00,0x1f,0xff,0xff,0x80,
  0x00,0x00,0x00,0x00,0xff,0xf0,0x00,0x00,0x00,0x00,0x00,0x00,0x00,0x00,0x00,0x00,0x00,0x00,0x00,0x00,0x00,0x00,0x00,0x00,
  0x00,0x00,0x00,0x00,0x00,0x00,0x00,0x00,0x00,0x00,0x00,0x00,0x00,0x00,0x00,0x00,0x00,0x00,0x00,0x00,0x00,0x00,0x00,0x00,
  0x00,0x00,0x00,0x00,0x00,0x00,0x00,0x00,0x00,0x00,0x00,0x00,0x00,0x00,0x00,0x00,0x00,0x00,0x00,0x00,0x00,0x00,0x00,0x00,
  0x00,0x00,0x00,0x00,0xff,0x00,0x00,0x00,0x00,0x01,0xff,0x00,0x00,0x00,0x00,0x01,0xff,0x80,0x00,0x00,0x00,0x01,0xff,0x80,
  0x00,0x00,0x00,0x03,0xff,0xc0,0x00,0x00,0x00,0x03,0xff,0xc0,0x00,0x00,0x00,0x07,0xff,0xc0,0x00,0x00,0x00,0x07,0xff,0xe0,
  0x00,0x00,0x00,0x07,0xff,0xe0,0x00,0x00,0x00,0x0f,0xff,0xf0,0x00,0x00,0x00,0x0f,0xff,0xf0,0x00,0x00,0x00,0x1f,0xef,0xf8,
  0x00,0x00,0x00,0x1f,0xe7,0xf8,0x00,0x00,0x00,0x1f,0xc7,0xf8,0x00,0x00,0x00,0x3f,0xc3,0xfc,0x00,0x00,0x00,0x3f,0xc3,0xfc,
  0x00,0x00,0x00,0x7f,0x83,0xfe,0x00,0x00,0x00,0x7f,0x81,0xfe,0x00,0x00,0x00,0x7f,0x81,0xfe,0x00,0x00,0x00,0xff,0x00,0xff,
  0x00,0x00,0x00,0xff,0x00,0xff,0x00,0x00,0x01,0xfe,0x00,0xff,0x80,0x00,0x01,0xfe,0x00,0x7f,0x80,0x00,0x01,0xfe,0x00,0x7f,
  0x80,0x00,0x03,0xff,0xff,0xff,0xc0,0x00,0x03,0xff,0xff,0xff,0xc0,0x00,0x07,0xff,0xff,0xff,0xe0,0x00,0x07,0xff,0xff,0xff,
  0xe0,0x00,0x07,0xff,0xff,0xff,0xf0,0x00,0x0f,0xff,0xff,0xff,0xf0,0x00,0x0f,0xff,0xff,0xff,0xf0,0x00,0x1f,0xf0,0x00,0x0f,
  0xf8,0x00,0x1f,0xe0,0x00,0x07,0xf8,0x00,0x1f,0xe0,0x00,0x07,0xfc,0x00,0x3f,0xe0,0x00,0x07,0xfc,0x00,0x3f,0xc0,0x00,0x03,
  0xfc,0x00,0x7f,0xc0,0x00,0x03,0xfe,0x00,0x7f,0x80,0x00,0x01,0xfe,0x00,0x7f,0x80,0x00,0x01,0xff,0x00,0xff,0x80,0x00,0x01,
  0xff,0x00,0x00,0x00,0x00,0x00,0x00,0x00,0x00,0x00,0x00,0x00,0x00,0x00,0x00,0x00,0x00,0x00,0x00,0x00,0x00,0x00,0x00,0x00,
  0x00,0x00,0x00,0x00,0x00,0x00,0x00,0x00,0x00,0x00,0x00,0x00,0x00,0x00,0x00,0x00,0x00,0x00,0x00,0x00,0x00,0x00,0x00,0x00,
  0x00,0x00,0x00,0x00,0x00,0x00,0x00,0x00,0x00,0x00,0x00,0x00,0x00,0x00,0x00,0x00,0x00,0x00,0x00,0x00,0x00,0x00,0x00,0x00,
  0x00,0x00,0x00,0x00,0x00,0x00,0x00,0x00,0x00,0x00,0x00,0x00,0x00,0x00,0x00,0x00,0x00,0x00,0x00,0x00,0x00,0x00,0x00,0x00,
  0x00,0x00,0x00,0x00,0x00,0x00,0x00,0x00,0x00,0x00,0x00,0x00,0x00,0x00,0x00,0x00,0x00,0x00,0x00,0x00,0x00,0x00,0x00,0x00,
  0x00,0x00,0x00,0x00,0x00,0x00,0x00,0x00,0x00,0x00,0x00,0x00,0x00,0x00,0x00,0x00,0x00,0x00,0x00,0x00,0x00,0x00,0x00,0x00,
  0x00,0x00,0x0f,0xff,0xff,0xe0,0x00,0x00,0x0f,0xff,0xff,0xfc,0x00,0x00,0x0f,0xff,0xff,0xff,0x00,0x00,0x0f,0xff,0xff,0xff,
  0x80,0x00,0x0f,0xff,0xff,0xff,0xc0,0x00,0x0f,0xff,0xff,0xff,0xc0,0x00,0x0f,0xff,0xff,0xff,0xe0,0x00,0x0f,0xf0,0x00,0x3f,
  0xe0,0x00,0x0f,0xf0,0x00,0x1f,0xe0,0x00,0x0f,0xf0,0x00,0x0f,0xf0,0x00,0x0f,0xf0,0x00,0x0f,0xf0,0x00,0x0f,0xf0,0x00,0x0f,
  0xe0,0x00,0x0f,0xf0,0x00,0x0f,0xe0,0x00,0x0f,0xf0,0x00,0x0f,0xe0,0x00,0x0f,0xf0,0x00,0x1f,0xe0,0x00,0x0f,0xf0,0x00,0x7f,
  0xc0,0x00,0x0f,0xff,0xff,0xff,0x80,0x00,0x0f,0xff,0xff,0xff,0x00,0x00,0x0f,0xff,0xff,0xfe,0x00,0x00,0x0f,0xff,0xff,0xfe,
  0x00,0x00,0x0f,0xff,0xff,0xff,0x80,0x00,0x0f,0xff,0xff,0xff,0xe0,0x00,0x0f,0xff,0xff,0xff,0xf0,0x00,0x0f,0xf0,0x00,0x3f,
  0xf0,0x00,0x0f,0xf0,0x00,0x0f,0xf8,0x00,0x0f,0xf0,0x00,0x07,0xf8,0x00,0x0f,0xf0,0x00,0x07,0xf8,0x00,0x0f,0xf0,0x00,0x07,
  0xfc,0x00,0x0f,0xf0,0x00,0x07,0xfc,0x00,0x0f,0xf0,0x00,0x07,0xfc,0x00,0x0f,0xf0,0x00,0x07,0xf8,0x00,0x0f,0xf0,0x00,0x0f,
  0xf8,0x00,0x0f,0xf0,0x00,0x3f,0xf8,0x00,0x0f,0xff,0xff,0xff,0xf0,0x00,0x0f,0xff,0xff,0xff,0xf0,0x00,0x0f,0xff,0xff,0xff,
  0xe0,0x00,0x0f,0xff,0xff,0xff,0xc0,0x00,0x0f,0xff,0xff,0xff,0x80,0x00,0x0f,0xff,0xff,0xff,0x00,0x00,0x0f,0xff,0xff,0xf0,
  0x00,0x00,0x00,0x00,0x00,0x00,0x00,0x00,0x00,0x00,0x00,0x00,0x00,0x00,0x00,0x00,0x00,0x00,0x00,0x00,0x00,0x00,0x00,0x00,
  0x00,0x00,0x00,0x00,0x00,0x00,0x00,0x00,0x00,0x00,0x00,0x00,0x00,0x00,0x00,0x00,0x00,0x00,0x00,0x00,0x00,0x00,0x00,0x00,
  0x00,0x00,0x00,0x00,0x00,0x00,0x00,0x00,0x00,0x00,0x00,0x00,0x00,0x00,0x00,0x00,0x00,0x00,0x00,0x00,0x00,0x00,0x00,0x00,
  0x00,0x00,0x00,0x00,0x00,0x00,0x00,0x00,0x00,0x00,0x00,0x00,0x00,0x00,0x00,0x00,0x00,0x00,0x00,0x00,0x00,0x00,0x00,0x00,
  0x00,0x00,0x00,0x00,0x00,0x00,0x00,0x00,0x00,0x00,0x00,0x00,0x00,0x00,0x00,0x00,0x00,0x00,0x00,0x00,0x00,0x00,0x00,0x00,
  0x00,0x00,0x00,0x00,0x00,0x00,0x00,0x00,0x00,0x00,0x00,0x00,0x00,0x00,0x00,0x00,0x00,0x00,0x00,0x00,0x00,0x00,0x7f,0xc0,
  0x00,0x00,0x00,0x03,0xff,0xf8,0x00,0x00,0x00,0x0f,0xff,0xfe,0x00,0x00,0x00,0x3f,0xff,0xff,0x00,0x00,0x00,0x7f,0xff,0xff,
  0x80,0x00,0x00,0xff,0xff,0xff,0xc0,0x00,0x01,0xff,0xff,0xff,0xe0,0x00,0x03,0xff,0xc0,0xff,0xf0,0x00,0x03,0xff,0x00,0x3f,
  0xf0,0x00,0x07,0xfc,0x00,0x1f,0xf8,0x00,0x07,0xf8,0x00,0x0f,0xf8,0x00,0x0f,0xf8,0x00,0x07,0xf8,0x00,0x0f,0xf0,0x00,0x07,
  0xe0,0x00,0x0f,0xf0,0x00,0x06,0x00,0x00,0x1f,0xf0,0x00,0x00,0x00,0x00,0x1f,0xe0,0x00,0x00,0x00,0x00,0x1f,0xe0,0x00,0x00,
  0x00,0x00,0x1f,0xe0,0x00,0x00,0x00,0x00,0x1f,0xe0,0x00,0x00,0x00,0x00,0x1f,0xe0,0x00,0x00,0x00,0x00,0x1f,0xe0,0x00,0x00,
  0x00,0x00,0x1f,0xe0,0x00,0x00,0x00,0x00,0x1f,0xe0,0x00,0x00,0x00,0x00,0x1f,0xe0,0x00,0x00,0x00,0x00,0x1f,0xe0,0x00,0x00,
  0x00,0x00,0x1f,0xe0,0x00,0x02,0x00,0x00,0x1f,0xf0,0x00,0x03,0xe0,0x00,0x0f,0xf0,0x00,0x07,0xf8,0x00,0x0f,0xf0,0x00,0x07,
  0xf8,0x00,0x0f,0xf8,0x00,0x0f,0xf8,0x00,0x07,0xf8,0x00,0x0f,0xf0,0x00,0x07,0xfc,0x00,0x1f,0xf0,0x00,0x03,0xff,0x00,0x3f,
  0xf0,0x00,0x03,0xff,0x80,0xff,0xe0,0x00,0x01,0xff,0xff,0xff,0xc0,0x00,0x00,0xff,0xff,0xff,0xc0,0x00,0x00,0x7f,0xff,0xff,
  0x80,0x00,0x00,0x3f,0xff,0xff,0x00,0x00,0x00,0x0f,0xff,0xfc,0x00,0x00,0x00,0x07,0xff,0xf0,0x00,0x00,0x00,0x00,0x7f,0x80,
  0x00,0x00,0x00,0x00,0x00,0x00,0x00,0x00,0x00,0x00,0x00,0x00,0x00,0x00,0x00,0x00,0x00,0x00,0x00,0x00,0x00,0x00,0x00,0x00,
  0x00,0x00,0x00,0x00,0x00,0x00,0x00,0x00,0x00,0x00,0x00,0x00,0x00,0x00,0x00,0x00,0x00,0x00,0x00,0x00,0x00,0x00,0x00,0x00,
  0x00,0x00,0x00,0x00,0x00,0x00,0x00,0x00,0x00,0x00,0x00,0x00,0x00,0x00,0x00,0x00,0x00,0x00,0x00,0x00,0x00,0x00,0x00,0x00,
  0x00,0x00,0x00,0x00,0x00,0x00,0x00,0x00,0x00,0x00,0x00,0x00,0x00,0x00,0x00,0x00,0x00,0x00,0x00,0x00,0x00,0x00,0x00,0x00,
  0x00,0x00,0x00,0x00,0x00,0x00,0x00,0x00,0x00,0x00,0x00,0x00,0x00,0x00,0x00,0x00,0x00,0x00,0x00,0x00,0x00,0x00,0x00,0x00,
  0x00,0x00,0x00,0x00,0x00,0x00,0x00,0x00,0x00,0x00,0x00,0x00,0x00,0x00,0x00,0x00,0x00,0x00,0x00,0x00,0x00,0x00,0x00,0x00,
  0x00,0x00,0x0f,0xff,0xff,0x80,0x00,0x00,0x0f,0xff,0xff,0xf0,0x00,0x00,0x0f,0xff,0xff,0xfc,0x00,0x00,0x0f,0xff,0xff,0xfe,
  0x00,0x00,0x0f,0xff,0xff,0xff,0x80,0x00,0x0f,0xff,0xff,0xff,0x80,0x00,0x0f,0xff,0xff,0xff,0xc0,0x00,0x0f,0xf0,0x01,0xff,
  0xe0,0x00,0x0f,0xf0,0x00,0x7f,0xe0,0x00,0x0f,0xf0,0x00,0x3f,0xf0,0x00,0x0f,0xf0,0x00,0x1f,0xf0,0x00,0x0f,0xf0,0x00,0x0f,
  0xf0,0x00,0x0f,0xf0,0x00,0x0f,0xf8,0x00,0x0f,0xf0,0x00,0x07,0xf8,0x00,0x0f,0xf0,0x00,0x07,0xf8,0x00,0x0f,0xf0,0x00,0x07,
  0xf8,0x00,0x0f,0xf0,0x00,0x07,0xf8,0x00,0x0f,0xf0,0x00,0x07,0xf8,0x00,0x0f,0xf0,0x00,0x07,0xf8,0x00,0x0f,0xf0,0x00,0x07,
  0xf8,0x00,0x0f,0xf0,0x00,0x07,0xf8,0x00,0x0f,0xf0,0x00,0x07,0xf8,0x00,0x0f,0xf0,0x00,0x07,0xf8,0x00,0x0f,0xf0,0x00,0x07,
  0xf8,0x00,0x0f,0xf0,0x00,0x07,0xf8,0x00,0x0f,0xf0,0x00,0x07,0xf8,0x00,0x0f,0xf0,0x00,0x07,0xf8,0x00,0x0f,0xf0,0x00,0x0f,
  0xf8,0x00,0x0f,0xf0,0x00,0x0f,0xf0,0x00,0x0f,0xf0,0x00,0x0f,0xf0,0x00,0x0f,0xf0,0x00,0x1f,0xf0,0x00,0x0f,0xf0,0x00,0x3f,
  0xe0,0x00,0x0f,0xf0,0x00,0xff,0xe0,0x00,0x0f,0xff,0xff,0xff,0xc0,0x00,0x0f,0xff,0xff,0xff,0x80,0x00,0x0f,0xff,0xff,0xff,
  0x80,0x00,0x0f,0xff,0xff,0xfe,0x00,0x00,0x0f,0xff,0xff,0xfc,0x00,0x00,0x0f,0xff,0xff,0xf0,0x00,0x00,0x0f,0xff,0xff,0x80,
  0x00,0x00,0x00,0x00,0x00,0x00,0x00,0x00,0x00,0x00,0x00,0x00,0x00,0x00,0x00,0x00,0x00,0x00,0x00,0x00,0x00,0x00,0x00,0x00,
  0x00,0x00,0x00,0x00,0x00,0x00,0x00,0x00,0x00,0x00,0x00,0x00,0x00,0x00,0x00,0x00,0x00,0x00,0x00,0x00,0x00,0x00,0x00,0x00,
  0x00,0x00,0x00,0x00,0x00,0x00,0x00,0x00,0x00,0x00,0x00,0x00,0x00,0x00,0x00,0x00,0x00,0x00,0x00,0x00,0x00,0x00,0x00,0x00,
  0x00,0x00,0x00,0x00,0x00,0x00,0x00,0x00,0x00,0x00,0x00,0x00,0x00,0x00,0x00,0x00,0x00,0x00,0x00,0x00,0x00,0x00,0x00,0x00,
  0x00,0x00,0x00,0x00,0x00,0x00,0x00,0x00,0x00,0x00,0x00,0x00,0x00,0x00,0x00,0x00,0x00,0x00,0x00,0x00,0x00,0x00,0x00,0x00,
  0x00,0x00,0x00,0x00,0x00,0x00,0x00,0x00,0x00,0x00,0x00,0x00,0x00,0x00,0x00,0x0f,0xff,0xff,0xff,0xc0,0x0f,0xff,0xff,0xff,
  0xc0,0x0f,0xff,0xff,0xff,0xc0,0x0f,0xff,0xff,0xff,0xc0,0x0f,0xff,0xff,0xff,0xc0,0x0f,0xff,0xff,0xff,0xc0,0x0f,0xff,0xff,
  0xff,0xc0,0x0f,0xf0,0x00,0x00,0x00,0x0f,0xf0,0x00,0x00,0x00,0x0f,0xf0,0x00,0x00,0x00,0x0f,0xf0,0x00,0x00,0x00,0x0f,0xf0,
  0x00,0x00,0x00,0x0f,0xf0,0x00,0x00,0x00,0x0f,0xf0,0x00,0x00,0x00,0x0f,0xf0,0x00,0x00,0x00,0x0f,0xf0,0x00,0x00,0x00,0x0f,
  0xff,0xff,0xff,0x00,0x0f,0xff,0xff,0xff,0x00,0x0f,0xff,0xff,0xff,0x00,0x0f,0xff,0xff,0xff,0x00,0x0f,0xff,0xff,0xff,0x00,
  0x0f,0xff,0xff,0xff,0x00,0x0f,0xff,0xff,0xff,0x00,0x0f,0xf0,0x00,0x00,0x00,0x0f,0xf0,0x00,0x00,0x00,0x0f,0xf0,0x00,0x00,
  0x00,0x0f,0xf0,0x00,0x00,0x00,0x0f,0xf0,0x00,0x00,0x00,0x0f,0xf0,0x00,0x00,0x00,0x0f,0xf0,0x00,0x00,0x00,0x0f,0xf0,0x00,
  0x00,0x00,0x0f,0xf0,0x00,0x00,0x00,0x0f,0xf0,0x00,0x00,0x00,0x0f,0xff,0xff,0xff,0xc0,0x0f,0xff,0xff,0xff,0xc0,0x0f,0xff,
  0xff,0xff,0xc0,0x0f,0xff,0xff,0xff,0xc0,0x0f,0xff,0xff,0xff,0xc0,0x0f,0xff,0xff,0xff,0xc0,0x0f,0xff,0xff,0xff,0xc0,0x00,
  0x00,0x00,0x00,0x00,0x00,0x00,0x00,0x00,0x00,0x00,0x00,0x00,0x00,0x00,0x00,0x00,0x00,0x00,0x00,0x00,0x00,0x00,0x00,0x00,
  0x00,0x00,0x00,0x00,0x00,0x00,0x00,0x00,0x00,0x00,0x00,0x00,0x00,0x00,0x00,0x00,0x00,0x00,0x00,0x00,0x00,0x00,0x00,0x00,
  0x00,0x00,0x00,0x00,0x00,0x00,0x00,0x00,0x00,0x00,0x00,0x00,0x00,0x00,0x00,0x00,0x00,0x00,0x00,0x00,0x00,0x00,0x00,0x00,
  0x00,0x00,0x00,0x00,0x00,0x00,0x00,0x00,0x00,0x00,0x00,0x00,0x00,0x00,0x00,0x00,0x00,0x00,0x00,0x00,0x00,0x00,0x00,0x00,
  0x00,0x00,0x00,0x00,0x00,0x00,0x00,0x00,0x00,0x00,0x00,0x00,0x00,0x00,0x00,0x00,0x00,0x00,0x00,0x00,0x00,0x00,0x00,0x0f,
  0xff,0xff,0xfe,0x00,0x0f,0xff,0xff,0xfe,0x00,0x0f,0xff,0xff,0xfe,0x00,0x0f,0xff,0xff,0xfe,0x00,0x0f,0xff,0xff,0xfe,0x00,
  0x0f,0xff,0xff,0xfe,0x00,0x0f,0xff,0xff,0xfe,0x00,0x0f,0xf0,0x00,0x00,0x00,0x0f,0xf0,0x00,0x00,0x00,0x0f,0xf0,0x00,0x00,
  0x00,0x0f,0xf0,0x00,0x00,0x00,0x0f,0xf0,0x00,0x00,0x00,0x0f,0xf0,0x00,0x00,0x00,0x0f,0xf0,0x00,0x00,0x00,0x0f,0xf0,0x00,
  0x00,0x00,0x0f,0xf0,0x00,0x00,0x00,0x0f,0xff,0xff,0xf8,0x00,0x0f,0xff,0xff,0xf8,0x00,0x0f,0xff,0xff,0xf8,0x00,0x0f,0xff,
  0xff,0xf8,0x00,0x0f,0xff,0xff,0xf8,0x00,0x0f,0xff,0xff,0xf8,0x00,0x0f,0xff,0xff,0xf8,0x00,0x0f,0xf0,0x00,0x00,0x00,0x0f,
  0xf0,0x00,0x00,0x00,0x0f,0xf0,0x00,0x00,0x00,0x0f,0xf0,0x00,0x00,0x00,0x0f,0xf0,0x00,0x00,0x00,0x0f,0xf0,0x00,0x00,0x00,
  0x0f,0xf0,0x00,0x00,0x00,0x0f,0xf0,0x00,0x00,0x00,0x0f,0xf0,0x00,0x00,0x00,0x0f,0xf0,0x00,0x00,0x00,0x0f,0xf0,0x00,0x00,
  0x00,0x0f,0xf0,0x00,0x00,0x00,0x0f,0xf0,0x00,0x00,0x00,0x0f,0xf0,0x00,0x00,0x00,0x0f,0xf0,0x00,0x00,0x00,0x0f,0xf0,0x00,
  0x00,0x00,0x0f,0xf0,0x00,0x00,0x00,0x00,0x00,0x00,0x00,0x00,0x00,0x00,0x00,0x00,0x00,0x00,0x00,0x00,0x00,0x00,0x00,0x00,
  0x00,0x00,0x00,0x00,0x00,0x00,0x00,0x00,0x00,0x00,0x00,0x00,0x00,0x00,0x00,0x00,0x00,0x00,0x00,0x00,0x00,0x00,0x00,0x00,
  0x00,0x00,0x00,0x00,0x00,0x00,0x00,0x00,0x00,0x00,0x00,0x00,0x00,0x00,0x00,0x00,0x00,0x00,0x00,0x00,0x00,0x00,0x00,0x00,
  0x00,0x00,0x00,0x00,0x00,0x00,0x00,0x00,0x00,0x00,0x00,0x00,0x00,0x00,0x00,0x00,0x00,0x00,0x00,0x00,0x00,0x00,0x00,0x00,
  0x00,0x00,0x00,0x00,0x00,0x00,0x00,0x00,0x00,0x00,0x00,0x00,0x00,0x00,0x00,0x00,0x00,0x00,0x00,0x00,0x00,0x00,0x00,0x00,
  0x00,0x00,0x00,0x00,0x00,0x00,0x00,0x00,0x00,0x00,0x00,0x00,0x00,0x00,0x3f,0xe0,0x00,0x00,0x00,0x03,0xff,0xfe,0x00,0x00,
  0x00,0x0f,0xff,0xff,0x80,0x00,0x00,0x1f,0xff,0xff,0xe0,0x00,0x00,0x7f,0xff,0xff,0xf0,0x00,0x00,0xff,0xff,0xff,0xf8,0x00,
  0x01,0xff,0xff,0xff,0xf8,0x00,0x01,0xff,0xe0,0x3f,0xfc,0x00,0x03,0xff,0x00,0x0f,0xfc,0x00,0x07,0xfe,0x00,0x07,0xfe,0x00,
  0x07,0xfc,0x00,0x03,0xfe,0x00,0x0f,0xf8,0x00,0x01,0xfe,0x00,0x0f,0xf8,0x00,0x01,0xf8,0x00,0x0f,0xf0,0x00,0x00,0x80,0x00,
  0x0f,0xf0,0x00,0x00,0x00,0x00,0x1f,0xe0,0x00,0x00,0x00,0x00,0x1f,0xe0,0x00,0x00,0x00,0x00,0x1f,0xe0,0x00,0x00,0x00,0x00,
  0x1f,0xe0,0x00,0x00,0x00,0x00,0x1f,0xe0,0x00,0x00,0x00,0x00,0x1f,0xe0,0x01,0xff,0xff,0x00,0x1f,0xe0,0x01,0xff,0xff,0x00,
  0x1f,0xe0,0x01,0xff,0xff,0x00,0x1f,0xe0,0x01,0xff,0xff,0x00,0x1f,0xe0,0x01,0xff,0xff,0x00,0x1f,0xe0,0x01,0xff,0xff,0x00,
  0x1f,0xf0,0x01,0xff,0xff,0x00,0x0f,0xf0,0x00,0x00,0xff,0x00,0x0f,0xf0,0x00,0x00,0xff,0x00,0x0f,0xf8,0x00,0x00,0xff,0x00,
  0x07,0xf8,0x00,0x00,0xff,0x00,0x07,0xfc,0x00,0x00,0xff,0x00,0x03,0xfe,0x00,0x01,0xff,0x00,0x03,0xff,0x80,0x07,0xff,0x00,
  0x01,0xff,0xe0,0x1f,0xff,0x00,0x00,0xff,0xff,0xff,0xff,0x00,0x00,0xff,0xff,0xff,0xfe,0x00,0x00,0x3f,0xff,0xff,0xfc,0x00,
  0x00,0x1f,0xff,0xff,0xf0,0x00,0x00,0x07,0xff,0xff,0xc0,0x00,0x00,0x01,0xff,0xfe,0x00,0x00,0x00,0x00,0x3f,0xf0,0x00,0x00,
  0x00,0x00,0x00,0x00,0x00,0x00,0x00,0x00,0x00,0x00,0x00,0x00,0x00,0x00,0x00,0x00,0x00,0x00,0x00,0x00,0x00,0x00,0x00,0x00,
  0x00,0x00,0x00,0x00,0x00,0x00,0x00,0x00,0x00,0x00,0x00,0x00,0x00,0x00,0x00,0x00,0x00,0x00,0x00,0x00,0x00,0x00,0x00,0x00,
  0x00,0x00,0x00,0x00,0x00,0x00,0x00,0x00,0x00,0x00,0x00,0x00,0x00,0x00,0x00,0x00,0x00,0x00,0x00,0x00,0x00,0x00,0x00,0x00,
  0x00,0x00,0x00,0x00,0x00,0x00,0x00,0x00,0x00,0x00,0x00,0x00,0x00,0x00,0x00,0x00,0x00,0x00,0x00,0x00,0x00,0x00,0x00,0x00,
  0x00,0x00,0x00,0x00,0x00,0x00,0x00,0x00,0x00,0x00,0x00,0x00,0x00,0x00,0x00,0x00,0x00,0x00,0x00,0x00,0x00,0x00,0x00,0x00,
  0x00,0x00,0x00,0x00,0x00,0x00,0x00,0x00,0x00,0x00,0x00,0x00,0x00,0x00,0x00,0x00,0x00,0x00,0x0f,0xf0,0x00,0x0f,0xf0,0x00,
  0x0f,0xf0,0x00,0x0f,0xf0,0x00,0x0f,0xf0,0x00,0x0f,0xf0,0x00,0x0f,0xf0,0x00,0x0f,0xf0,0x00,0x0f,0xf0,0x00,0x0f,0xf0,0x00,
  0x0f,0xf0,0x00,0x0f,0xf0,0x00,0x0f,0xf0,0x00,0x0f,0xf0,0x00,0x0f,0xf0,0x00,0x0f,0xf0,0x00,0x0f,0xf0,0x00,0x0f,0xf0,0x00,
  0x0f,0xf0,0x00,0x0f,0xf0,0x00,0x0f,0xf0,0x00,0x0f,0xf0,0x00,0x0f,0xf0,0x00,0x0f,0xf0,0x00,0x0f,0xf0,0x00,0x0f,0xf0,0x00,
  0x0f,0xf0,0x00,0x0f,0xf0,0x00,0x0f,0xf0,0x00,0x0f,0xf0,0x00,0x0f,0xf0,0x00,0x0f,0xf0,0x00,0x0f,0xff,0xff,0xff,0xf0,0x00,
  0x0f,0xff,0xff,0xff,0xf0,0x00,0x0f,0xff,0xff,0xff,0xf0,0x00,0x0f,0xff,0xff,0xff,0xf0,0x00,0x0f,0xff,0xff,0xff,0xf0,0x00,
  0x0f,0xff,0xff,0xff,0xf0,0x00,0x0f,0xff,0xff,0xff,0xf0,0x00,0x0f,0xf0,0x00,0x0f,0xf0,0x00,0x0f,0xf0,0x00,0x0f,0xf0,0x00,
  0x0f,0xf0,0x00,0x0f,0xf0,0x00,0x0f,0xf0,0x00,0x0f,0xf0,0x00,0x0f,0xf0,0x00,0x0f,0xf0,0x00,0x0f,0xf0,0x00,0x0f,0xf0,0x00,
  0x0f,0xf0,0x00,0x0f,0xf0,0x00,0x0f,0xf0,0x00,0x0f,0xf0,0x00,0x0f,0xf0,0x00,0x0f,0xf0,0x00,0x0f,0xf0,0x00,0x0f,0xf0,0x00,
  0x0f,0xf0,0x00,0x0f,0xf0,0x00,0x0f,0xf0,0x00,0x0f,0xf0,0x00,0x0f,0xf0,0x00,0x0f,0xf0,0x00,0x0f,0xf0,0x00,0x0f,0xf0,0x00,
  0x0f,0xf0,0x00,0x0f,0xf0,0x00,0x0f,0xf0,0x00,0x0f,0xf0,0x00,0x0f,0xf0,0x00,0x0f,0xf0,0x00,0x00,0x00,0x00,0x00,0x00,0x00,
  0x00,0x00,0x00,0x00,0x00,0x00,0x00,0x00,0x00,0x00,0x00,0x00,0x00,0x00,0x00,0x00,0x00,0x00,0x00,0x00,0x00,0x00,0x00,0x00,
  0x00,0x00,0x00,0x00,0x00,0x00,0x00,0x00,0x00,0x00,0x00,0x00,0x00,0x00,0x00,0x00,0x00,0x00,0x00,0x00,0x00,0x00,0x00,0x00,
  0x00,0x00,0x00,0x00,0x00,0x00,0x00,0x00,0x00,0x00,0x00,0x00,0x00,0x00,0x00,0x00,0x00,0x00,0x00,0x00,0x00,0x00,0x00,0x00,
  0x00,0x00,0x00,0x00,0x00,0x00,0x00,0x00,0x00,0x00,0x00,0x00,0x00,0x00,0x00,0x00,0x00,0x00,0x00,0x00,0x00,0x00,0x0f,0xf0,
  0x0f,0xf0,0x0f,0xf0,0x0f,0xf0,0x0f,0xf0,0x0f,0xf0,0x0f,0xf0,0x0f,0xf0,0x0f,0xf0,0x0f,0xf0,0x0f,0xf0,0x0f,0xf0,0x0f,0xf0,
  0x0f,0xf0,0x0f,0xf0,0x0f,0xf0,0x0f,0xf0,0x0f,0xf0,0x0f,0xf0,0x0f,0xf0,0x0f,0xf0,0x0f,0xf0,0x0f,0xf0,0x0f,0xf0,0x0f,0xf0,
  0x0f,0xf0,0x0f,0xf0,0x0f,0xf0,0x0f,0xf0,0x0f,0xf0,0x0f,0xf0,0x0f,0xf0,0x0f,0xf0,0x0f,0xf0,0x0f,0xf0,0x0f,0xf0,0x0f,0xf0,
  0x0f,0xf0,0x0f,0xf0,0x0f,0xf0,0x00,0x00,0x00,0x00,0x00,0x00,0x00,0x00,0x00,0x00,0x00,0x00,0x00,0x00,0x00,0x00,0x00,0x00,
  0x00,0x00,0x00,0x00,0x00,0x00,0x00,0x00,0x00,0x00,0x00,0x00,0x00,0x00,0x00,0x00,0x00,0x00,0x00,0x00,0x00,0x00,0x00,0x00,
  0x00,0x00,0x00,0x00,0x00,0x00,0x00,0x00,0x00,0x00,0x00,0x00,0x00,0x00,0x00,0x00,0x00,0x00,0x00,0x00,0x00,0x00,0x00,0x00,
  0x00,0x00,0x00,0x00,0x00,0x00,0x1f,0xc0,0x00,0x00,0x1f,0xc0,0x00,0x00,0x1f,0xc0,0x00,0x00,0x1f,0xc0,0x00,0x00,0x1f,0xc0,
  0x00,0x00,0x1f,0xc0,0x00,0x00,0x1f,0xc0,0x00,0x00,0x1f,0xc0,0x00,0x00,0x1f,0xc0,0x00,0x00,0x1f,0xc0,0x00,0x00,0x1f,0xc0,
  0x00,0x00,0x1f,0xc0,0x00,0x00,0x1f,0xc0,0x00,0x00,0x1f,0xc0,0x00,0x00,0x1f,0xc0,0x00,0x00,0x1f,0xc0,0x00,0x00,0x1f,0xc0,
  0x00,0x00,0x1f,0xc0,0x00,0x00,0x1f,0xc0,0x00,0x00,0x1f,0xc0,0x00,0x00,0x1f,0xc0,0x00,0x00,0x1f,0xc0,0x00,0x00,0x1f,0xc0,
  0x00,0x00,0x1f,0xc0,0x00,0x00,0x1f,0xc0,0x00,0x00,0x1f,0xc0,0x00,0x00,0x1f,0xc0,0x03,0x80,0x1f,0xc0,0x7f,0x80,0x1f,0xc0,
  0x7f,0x80,0x3f,0xc0,0x7f,0x80,0x3f,0xc0,0x7f,0x80,0x3f,0xc0,0x3f,0xc0,0x7f,0xc0,0x3f,0xe0,0xff,0xc0,0x3f,0xff,0xff,0x80,
  0x1f,0xff,0xff,0x80,0x1f,0xff,0xff,0x00,0x0f,0xff,0xfe,0x00,0x07,0xff,0xfc,0x00,0x01,0xff,0xf0,0x00,0x00,0x7f,0x80,0x00,
  0x00,0x00,0x00,0x00,0x00,0x00,0x00,0x00,0x00,0x00,0x00,0x00,0x00,0x00,0x00,0x00,0x00,0x00,0x00,0x00,0x00,0x00,0x00,0x00,
  0x00,0x00,0x00,0x00,0x00,0x00,0x00,0x00,0x00,0x00,0x00,0x00,0x00,0x00,0x00,0x00,0x00,0x00,0x00,0x00,0x00,0x00,0x00,0x00,
  0x00,0x00,0x00,0x00,0x00,0x00,0x00,0x00,0x00,0x00,0x00,0x00,0x00,0x00,0x00,0x00,0x00,0x00,0x00,0x00,0x00,0x00,0x00,0x00,
  0x00,0x00,0x00,0x00,0x00,0x00,0x00,0x00,0x00,0x00,0x00,0x00,0x00,0x00,0x00,0x00,0x00,0x00,0x00,0x00,0x00,0x00,0x00,0x00,
  0x00,0x00,0x00,0x00,0x00,0x00,0x00,0x00,0x00,0x00,0x00,0x00,0x00,0x00,0x00,0x00,0x00,0x00,0x0f,0xf0,0x00,0x0f,0xfe,0x00,
  0x0f,0xf0,0x00,0x1f,0xfc,0x00,0x0f,0xf0,0x00,0x3f,0xf8,0x00,0x0f,0xf0,0x00,0x7f,0xf0,0x00,0x0f,0xf0,0x00,0xff,0xe0,0x00,
  0x0f,0xf0,0x00,0xff,0xc0,0x00,0x0f,0xf0,0x01,0xff,0x80,0x00,0x0f,0xf0,0x03,0xff,0x00,0x00,0x0f,0xf0,0x07,0xfe,0x00,0x00,
  0x0f,0xf0,0x0f,0xfc,0x00,0x00,0x0f,0xf0,0x1f,0xf8,0x00,0x00,0x0f,0xf0,0x3f,0xf0,0x00,0x00,0x0f,0xf0,0x7f,0xe0,0x00,0x00,
  0x0f,0xf0,0xff,0xc0,0x00,0x00,0x0f,0xf1,0xff,0x80,0x00,0x00,0x0f,0xf3,0xff,0x80,0x00,0x00,0x0f,0xf7,0xff,0x80,0x00,0x00,
  0x0f,0xff,0xff,0xc0,0x00,0x00,0x0f,0xff,0xff,0xc0,0x00,0x00,0x0f,0xff,0xff,0xe0,0x00,0x00,0x0f,0xff,0xff,0xf0,0x00,0x00,
  0x0f,0xff,0xff,0xf0,0x00,0x00,0x0f,0xff,0xcf,0xf8,0x00,0x00,0x0f,0xff,0x8f,0xf8,0x00,0x00,0x0f,0xff,0x07,0xfc,0x00,0x00,
  0x0f,0xfe,0x07,0xfe,0x00,0x00,0x0f,0xfc,0x03,0xfe,0x00,0x00,0x0f,0xf8,0x01,0xff,0x00,0x00,0x0f,0xf0,0x01,0xff,0x80,0x00,
  0x0f,0xf0,0x00,0xff,0x80,0x00,0x0f,0xf0,0x00,0xff,0xc0,0x00,0x0f,0xf0,0x00,0x7f,0xe0,0x00,0x0f,0xf0,0x00,0x3f,0xe0,0x00,
  0x0f,0xf0,0x00,0x3f,0xf0,0x00,0x0f,0xf0,0x00,0x1f,0xf8,0x00,0x0f,0xf0,0x00,0x1f,0xf8,0x00,0x0f,0xf0,0x00,0x0f,0xfc,0x00,
  0x0f,0xf0,0x00,0x0f,0xfc,0x00,0x0f,0xf0,0x00,0x07,0xfe,0x00,0x0f,0xf0,0x00,0x03,0xff,0x00,0x00,0x00,0x00,0x00,0x00,0x00,
  0x00,0x00,0x00,0x00,0x00,0x00,0x00,0x00,0x00,0x00,0x00,0x00,0x00,0x00,0x00,0x00,0x00,0x00,0x00,0x00,0x00,0x00,0x00,0x00,
  0x00,0x00,0x00,0x00,0x00,0x00,0x00,0x00,0x00,0x00,0x00,0x00,0x00,0x00,0x00,0x00,0x00,0x00,0x00,0x00,0x00,0x00,0x00,0x00,
  0x00,0x00,0x00,0x00,0x00,0x00,0x00,0x00,0x00,0x00,0x00,0x00,0x00,0x00,0x00,0x00,0x00,0x00,0x00,0x00,0x00,0x00,0x00,0x00,
  0x00,0x00,0x00,0x00,0x00,0x00,0x00,0x00,0x00,0x00,0x00,0x00,0x00,0x00,0x00,0x00,0x00,0x00,0x00,0x00,0x00,0x00,0x00,0x00,
  0x00,0x00,0x00,0x00,0x00,0x00,0x00,0x00,0x00,0x00,0x00,0x00,0x00,0x00,0x00,0x00,0x00,0x00,0x00,0x00,0x00,0x00,0x00,0x00,
  0x00,0x00,0x00,0x00,0x00,0x00,0x00,0x0f,0xf0,0x00,0x00,0x00,0x0f,0xf0,0x00,0x00,0x00,0x0f,0xf0,0x00,0x00,0x00,0x0f,0xf0,
  0x00,0x00,0x00,0x0f,0xf0,0x00,0x00,0x00,0x0f,0xf0,0x00,0x00,0x00,0x0f,0xf0,0x00,0x00,0x00,0x0f,0xf0,0x00,0x00,0x00,0x0f,
  0xf0,0x00,0x00,0x00,0x0f,0xf0,0x00,0x00,0x00,0x0f,0xf0,0x00,0x00,0x00,0x0f,0xf0,0x00,0x00,0x00,0x0f,0xf0,0x00,0x00,0x00,
  0x0f,0xf0,0x00,0x00,0x00,0x0f,0xf0,0x00,0x00,0x00,0x0f,0xf0,0x00,0x00,0x00,0x0f,0xf0,0x00,0x00,0x00,0x0f,0xf0,0x00,0x00,
  0x00,0x0f,0xf0,0x00,0x00,0x00,0x0f,0xf0,0x00,0x00,0x00,0x0f,0xf0,0x00,0x00,0x00,0x0f,0xf0,0x00,0x00,0x00,0x0f,0xf0,0x00,
  0x00,0x00,0x0f,0xf0,0x00,0x00,0x00,0x0f,0xf0,0x00,0x00,0x00,0x0f,0xf0,0x00,0x00,0x00,0x0f,0xf0,0x00,0x00,0x00,0x0f,0xf0,
  0x00,0x00,0x00,0x0f,0xf0,0x00,0x00,0x00,0x0f,0xf0,0x00,0x00,0x00,0x0f,0xf0,0x00,0x00,0x00,0x0f,0xf0,0x00,0x00,0x00,0x0f,
  0xf0,0x00,0x00,0x00,0x0f,0xff,0xff,0xff,0x00,0x0f,0xff,0xff,0xff,0x00,0x0f,0xff,0xff,0xff,0x00,0x0f,0xff,0xff,0xff,0x00,
  0x0f,0xff,0xff,0xff,0x00,0x0f,0xff,0xff,0xff,0x00,0x0f,0xff,0xff,0xff,0x00,0x00,0x00,0x00,0x00,0x00,0x00,0x00,0x00,0x00,
  0x00,0x00,0x00,0x00,0x00,0x00,0x00,0x00,0x00,0x00,0x00,0x00,0x00,0x00,0x00,0x00,0x00,0x00,0x00,0x00,0x00,0x00,0x00,0x00,
  0x00,0x00,0x00,0x00,0x00,0x00,0x00,0x00,0x00,0x00,0x00,0x00,0x00,0x00,0x00,0x00,0x00,0x00,0x00,0x00,0x00,0x00,0x00,0x00,
  0x00,0x00,0x00,0x00,0x00,0x00,0x00,0x00,0x00,0x00,0x00,0x00,0x00,0x00,0x00,0x00,0x00,0x00,0x00,0x00,0x00,0x00,0x00,0x00,
  0x00,0x00,0x00,0x00,0x00,0x00,0x00,0x00,0x00,0x00,0x00,0x00,0x00,0x00,0x00,0x00,0x00,0x00,0x00,0x00,0x00,0x00,0x00,0x00,
  0x00,0x00,0x00,0x00,0x00,0x00,0x00,0x00,0x00,0x00,0x00,0x00,0x00,0x00,0x00,0x00,0x00,0x00,0x00,0x00,0x00,0x00,0x00,0x00,
  0x00,0x00,0x0f,0xff,0x00,0x01,0xff,0xe0,0x0f,0xff,0x00,0x03,0xff,0xe0,0x0f,0xff,0x80,0x03,0xff,0xe0,0x0f,0xff,0x80,0x03,
  0xff,0xe0,0x0f,0xff,0x80,0x03,0xff,0xe0,0x0f,0xff,0xc0,0x07,0xff,0xe0,0x0f,0xff,0xc0,0x07,0xff,0xe0,0x0f,0xff,0xc0,0x07,
  0xff,0xe0,0x0f,0xff,0xc0,0x0f,0xff,0xe0,0x0f,0xff,0xe0,0x0f,0xff,0xe0,0x0f,0xf7,0xe0,0x0f,0xdf,0xe0,0x0f,0xf7,0xe0,0x0f,
  0xdf,0xe0,0x0f,0xf7,0xe0,0x1f,0xdf,0xe0,0x0f,0xf7,0xf0,0x1f,0x9f,0xe0,0x0f,0xf3,0xf0,0x1f,0x9f,0xe0,0x0f,0xf3,0xf0,0x1f,
  0x9f,0xe0,0x0f,0xf3,0xf0,0x3f,0x9f,0xe0,0x0f,0xf3,0xf8,0x3f,0x9f,0xe0,0x0f,0xf3,0xf8,0x3f,0x1f,0xe0,0x0f,0xf1,0xf8,0x3f,
  0x1f,0xe0,0x0f,0xf1,0xfc,0x7f,0x1f,0xe0,0x0f,0xf1,0xfc,0x7f,0x1f,0xe0,0x0f,0xf1,0xfc,0x7e,0x1f,0xe0,0x0f,0xf0,0xfc,0xfe,
  0x1f,0xe0,0x0f,0xf0,0xfe,0xfe,0x1f,0xe0,0x0f,0xf0,0xfe,0xfe,0x1f,0xe0,0x0f,0xf0,0xfe,0xfc,0x1f,0xe0,0x0f,0xf0,0x7f,0xfc,
  0x1f,0xe0,0x0f,0xf0,0x7f,0xfc,0x1f,0xe0,0x0f,0xf0,0x7f,0xfc,0x1f,0xe0,0x0f,0xf0,0x7f,0xf8,0x1f,0xe0,0x0f,0xf0,0x3f,0xf8,
  0x1f,0xe0,0x0f,0xe0,0x3f,0xf8,0x1f,0xe0,0x0f,0xe0,0x3f,0xf8,0x1f,0xe0,0x0f,0xe0,0x3f,0xf0,0x1f,0xe0,0x0f,0xe0,0x3f,0xf0,
  0x1f,0xe0,0x0f,0xe0,0x1f,0xf0,0x1f,0xe0,0x0f,0xe0,0x1f,0xf0,0x1f,0xe0,0x0f,0xe0,0x1f,0xe0,0x1f,0xe0,0x0f,0xe0,0x1f,0xe0,
  0x1f,0xe0,0x00,0x00,0x00,0x00,0x00,0x00,0x00,0x00,0x00,0x00,0x00,0x00,0x00,0x00,0x00,0x00,0x00,0x00,0x00,0x00,0x00,0x00,
  0x00,0x00,0x00,0x00,0x00,0x00,0x00,0x00,0x00,0x00,0x00,0x00,0x00,0x00,0x00,0x00,0x00,0x00,0x00,0x00,0x00,0x00,0x00,0x00,
  0x00,0x00,0x00,0x00,0x00,0x00,0x00,0x00,0x00,0x00,0x00,0x00,0x00,0x00,0x00,0x00,0x00,0x00,0x00,0x00,0x00,0x00,0x00,0x00,
  0x00,0x00,0x00,0x00,0x00,0x00,0x00,0x00,0x00,0x00,0x00,0x00,0x00,0x00,0x00,0x00,0x00,0x00,0x00,0x00,0x00,0x00,0x00,0x00,
  0x00,0x00,0x00,0x00,0x00,0x00,0x00,0x00,0x00,0x00,0x00,0x00,0x00,0x00,0x00,0x00,0x00,0x00,0x00,0x00,0x00,0x00,0x00,0x00,
  0x00,0x00,0x00,0x00,0x00,0x00,0x00,0x00,0x00,0x00,0x00,0x00,0x00,0x00,0x00,0x00,0x00,0x00,0x00,0x00,0x00,0x00,0x00,0x00,
  0x00,0x00,0x0f,0xf0,0x00,0x07,0xf0,0x00,0x0f,0xf8,0x00,0x07,0xf0,0x00,0x0f,0xf8,0x00,0x07,0xf0,0x00,0x0f,0xfc,0x00,0x07,
  0xf0,0x00,0x0f,0xfe,0x00,0x07,0xf0,0x00,0x0f,0xfe,0x00,0x07,0xf0,0x00,0x0f,0xff,0x00,0x07,0xf0,0x00,0x0f,0xff,0x00,0x07,
  0xf0,0x00,0x0f,0xff,0x80,0x07,0xf0,0x00,0x0f,0xff,0xc0,0x07,0xf0,0x00,0x0f,0xff,0xc0,0x07,0xf0,0x00,0x0f,0xff,0xe0,0x07,
  0xf0,0x00,0x0f,0xff,0xf0,0x07,0xf0,0x00,0x0f,0xff,0xf0,0x07,0xf0,0x00,0x0f,0xff,0xf8,0x07,0xf0,0x00,0x0f,0xe7,0xf8,0x07,
  0xf0,0x00,0x0f,0xe7,0xfc,0x07,0xf0,0x00,0x0f,0xe3,0xfe,0x07,0xf0,0x00,0x0f,0xe3,0xfe,0x07,0xf0,0x00,0x0f,0xe1,0xff,0x07,
  0xf0,0x00,0x0f,0xe0,0xff,0x87,0xf0,0x00,0x0f,0xe0,0xff,0x87,0xf0,0x00,0x0f,0xe0,0x7f,0xc7,0xf0,0x00,0x0f,0xe0,0x3f,0xc7,
  0xf0,0x00,0x0f,0xe0,0x3f,0xe7,0xf0,0x00,0x0f,0xe0,0x1f,0xf7,0xf0,0x00,0x0f,0xe0,0x1f,0xff,0xf0,0x00,0x0f,0xe0,0x0f,0xff,
  0xf0,0x00,0x0f,0xe0,0x07,0xff,0xf0,0x00,0x0f,0xe0,0x07,0xff,0xf0,0x00,0x0f,0xe0,0x03,0xff,0xf0,0x00,0x0f,0xe0,0x01,0xff,
  0xf0,0x00,0x0f,0xe0,0x01,0xff,0xf0,0x00,0x0f,0xe0,0x00,0xff,0xf0,0x00,0x0f,0xe0,0x00,0xff,0xf0,0x00,0x0f,0xe0,0x00,0x7f,
  0xf0,0x00,0x0f,0xe0,0x00,0x3f,0xf0,0x00,0x0f,0xe0,0x00,0x3f,0xf0,0x00,0x0f,0xe0,0x00,0x1f,0xf0,0x00,0x0f,0xe0,0x00,0x0f,
  0xf0,0x00,0x00,0x00,0x00,0x00,0x00,0x00,0x00,0x00,0x00,0x00,0x00,0x00,0x00,0x00,0x00,0x00,0x00,0x00,0x00,0x00,0x00,0x00,
  0x00,0x00,0x00,0x00,0x00,0x00,0x00,0x00,0x00,0x00,0x00,0x00,0x00,0x00,0x00,0x00,0x00,0x00,0x00,0x00,0x00,0x00,0x00,0x00,
  0x00,0x00,0x00,0x00,0x00,0x00,0x00,0x00,0x00,0x00,0x00,0x00,0x00,0x00,0x00,0x00,0x00,0x00,0x00,0x00,0x00,0x00,0x00,0x00,
  0x00,0x00,0x00,0x00,0x00,0x00,0x00,0x00,0x00,0x00,0x00,0x00,0x00,0x00,0x00,0x00,0x00,0x00,0x00,0x00,0x00,0x00,0x00,0x00,
  0x00,0x00,0x00,0x00,0x00,0x00,0x00,0x00,0x00,0x00,0x00,0x00,0x00,0x00,0x00,0x00,0x00,0x00,0x00,0x00,0x00,0x00,0x00,0x00,
  0x00,0x00,0x00,0x00,0x00,0x00,0x00,0x00,0x00,0x00,0x00,0x00,0x00,0x00,0x00,0x00,0x00,0x00,0x00,0x00,0x00,0x00,0x7f,0xc0,
  0x00,0x00,0x00,0x03,0xff,0xfc,0x00,0x00,0x00,0x0f,0xff,0xff,0x00,0x00,0x00,0x3f,0xff,0xff,0x80,0x00,0x00,0x7f,0xff,0xff,
  0xe0,0x00,0x00,0xff,0xff,0xff,0xf0,0x00,0x01,0xff,0xff,0xff,0xf8,0x00,0x03,0xff,0xc0,0x3f,0xf8,0x00,0x03,0xff,0x00,0x0f,
  0xfc,0x00,0x07,0xfe,0x00,0x07,0xfe,0x00,0x0f,0xfc,0x00,0x03,0xfe,0x00,0x0f,0xf8,0x00,0x01,0xff,0x00,0x0f,0xf0,0x00,0x01,
  0xff,0x00,0x1f,0xf0,0x00,0x00,0xff,0x00,0x1f,0xf0,0x00,0x00,0xff,0x80,0x1f,0xe0,0x00,0x00,0xff,0x80,0x1f,0xe0,0x00,0x00,
  0x7f,0x80,0x1f,0xe0,0x00,0x00,0x7f,0x80,0x1f,0xe0,0x00,0x00,0x7f,0x80,0x1f,0xe0,0x00,0x00,0x7f,0x80,0x1f,0xe0,0x00,0x00,
  0x7f,0x80,0x1f,0xe0,0x00,0x00,0x7f,0x80,0x1f,0xe0,0x00,0x00,0x7f,0x80,0x1f,0xe0,0x00,0x00,0x7f,0x80,0x1f,0xe0,0x00,0x00,
  0x7f,0x80,0x1f,0xe0,0x00,0x00,0x7f,0x80,0x1f,0xe0,0x00,0x00,0xff,0x80,0x1f,0xf0,0x00,0x00,0xff,0x80,0x1f,0xf0,0x00,0x00,
  0xff,0x00,0x0f,0xf8,0x00,0x01,0xff,0x00,0x0f,0xf8,0x00,0x01,0xff,0x00,0x0f,0xfc,0x00,0x03,0xfe,0x00,0x07,0xfe,0x00,0x07,
  0xfe,0x00,0x03,0xff,0x00,0x0f,0xfc,0x00,0x03,0xff,0xc0,0x3f,0xfc,0x00,0x01,0xff,0xff,0xff,0xf8,0x00,0x00,0xff,0xff,0xff,
  0xf0,0x00,0x00,0x7f,0xff,0xff,0xe0,0x00,0x00,0x3f,0xff,0xff,0xc0,0x00,0x00,0x0f,0xff,0xff,0x00,0x00,0x00,0x03,0xff,0xfc,
  0x00,0x00,0x00,0x00,0x7f,0xc0,0x00,0x00,0x00,0x00,0x00,0x00,0x00,0x00,0x00,0x00,0x00,0x00,0x00,0x00,0x00,0x00,0x00,0x00,
  0x00,0x00,0x00,0x00,0x00,0x00,0x00,0x00,0x00,0x00,0x00,0x00,0x00,0x00,0x00,0x00,0x00,0x00,0x00,0x00,0x00,0x00,0x00,0x00,
  0x00,0x00,0x00,0x00,0x00,0x00,0x00,0x00,0x00,0x00,0x00,0x00,0x00,0x00,0x00,0x00,0x00,0x00,0x00,0x00,0x00,0x00,0x00,0x00,
  0x00,0x00,0x00,0x00,0x00,0x00,0x00,0x00,0x00,0x00,0x00,0x00,0x00,0x00,0x00,0x00,0x00,0x00,0x00,0x00,0x00,0x00,0x00,0x00,
  0x00,0x00,0x00,0x00,0x00,0x00,0x00,0x00,0x00,0x00,0x00,0x00,0x00,0x00,0x00,0x00,0x00,0x00,0x00,0x00,0x00,0x00,0x00,0x00,
  0x00,0x00,0x00,0x00,0x00,0x00,0x00,0x00,0x00,0x00,0x00,0x00,0x00,0x00,0x00,0x0f,0xff,0xff,0xc0,0x00,0x0f,0xff,0xff,0xf8,
  0x00,0x0f,0xff,0xff,0xfc,0x00,0x0f,0xff,0xff,0xff,0x00,0x0f,0xff,0xff,0xff,0x00,0x0f,0xff,0xff,0xff,0x80,0x0f,0xff,0xff,
  0xff,0xc0,0x0f,0xf0,0x01,0xff,0xc0,0x0f,0xf0,0x00,0x7f,0xc0,0x0f,0xf0,0x00,0x3f,0xe0,0x0f,0xf0,0x00,0x3f,0xe0,0x0f,0xf0,
  0x00,0x1f,0xe0,0x0f,0xf0,0x00,0x1f,0xe0,0x0f,0xf0,0x00,0x1f,0xe0,0x0f,0xf0,0x00,0x3f,0xe0,0x0f,0xf0,0x00,0x3f,0xe0,0x0f,
  0xf0,0x00,0x7f,0xc0,0x0f,0xf0,0x01,0xff,0xc0,0x0f,0xff,0xff,0xff,0xc0,0x0f,0xff,0xff,0xff,0x80,0x0f,0xff,0xff,0xff,0x00,
  0x0f,0xff,0xff,0xfe,0x00,0x0f,0xff,0xff,0xfc,0x00,0x0f,0xff,0xff,0xf0,0x00,0x0f,0xff,0xff,0x80,0x00,0x0f,0xf0,0x00,0x00,
  0x00,0x0f,0xf0,0x00,0x00,0x00,0x0f,0xf0,0x00,0x00,0x00,0x0f,0xf0,0x00,0x00,0x00,0x0f,0xf0,0x00,0x00,0x00,0x0f,0xf0,0x00,
  0x00,0x00,0x0f,0xf0,0x00,0x00,0x00,0x0f,0xf0,0x00,0x00,0x00,0x0f,0xf0,0x00,0x00,0x00,0x0f,0xf0,0x00,0x00,0x00,0x0f,0xf0,
  0x00,0x00,0x00,0x0f,0xf0,0x00,0x00,0x00,0x0f,0xf0,0x00,0x00,0x00,0x0f,0xf0,0x00,0x00,0x00,0x0f,0xf0,0x00,0x00,0x00,0x00,
  0x00,0x00,0x00,0x00,0x00,0x00,0x00,0x00,0x00,0x00,0x00,0x00,0x00,0x00,0x00,0x00,0x00,0x00,0x00,0x00,0x00,0x00,0x00,0x00,
  0x00,0x00,0x00,0x00,0x00,0x00,0x00,0x00,0x00,0x00,0x00,0x00,0x00,0x00,0x00,0x00,0x00,0x00,0x00,0x00,0x00,0x00,0x00,0x00,
  0x00,0x00,0x00,0x00,0x00,0x00,0x00,0x00,0x00,0x00,0x00,0x00,0x00,0x00,0x00,0x00,0x00,0x00,0x00,0x00,0x00,0x00,0x00,0x00,
  0x00,0x00,0x00,0x00,0x00,0x00,0x00,0x00,0x00,0x00,0x00,0x00,0x00,0x00,0x00,0x00,0x00,0x00,0x00,0x00,0x00,0x00,0x00,0x00,
  0x00,0x00,0x00,0x00,0x00,0x00,0x00,0x00,0x00,0x00,0x00,0x00,0x00,0x00,0x00,0x00,0x00,0x00,0x00,0x00,0x00,0x00,0x00,0x00,
  0x00,0x00,0x00,0x00,0x00,0x00,0x7f,0xc0,0x00,0x00,0x00,0x03,0xff,0xfc,0x00,0x00,0x00,0x0f,0xff,0xff,0x00,0x00,0x00,0x3f,
  0xff,0xff,0xc0,0x00,0x00,0x7f,0xff,0xff,0xe0,0x00,0x00,0xff,0xff,0xff,0xf0,0x00,0x01,0xff,0xff,0xff,0xf8,0x00,0x03,0xff,
  0xc0,0x3f,0xfc,0x00,0x03,0xff,0x00,0x0f,0xfc,0x00,0x07,0xfe,0x00,0x07,0xfe,0x00,0x0f,0xfc,0x00,0x03,0xfe,0x00,0x0f,0xf8,
  0x00,0x01,0xff,0x00,0x0f,0xf0,0x00,0x01,0xff,0x00,0x1f,0xf0,0x00,0x00,0xff,0x00,0x1f,0xf0,0x00,0x00,0xff,0x80,0x1f,0xe0,
  0x00,0x00,0xff,0x80,0x1f,0xe0,0x00,0x00,0x7f,0x80,0x1f,0xe0,0x00,0x00,0x7f,0x80,0x1f,0xe0,0x00,0x00,0x7f,0x80,0x1f,0xe0,
  0x00,0x00,0x7f,0x80,0x1f,0xe0,0x00,0x00,0x7f,0x80,0x1f,0xe0,0x00,0x00,0x7f,0x80,0x1f,0xe0,0x00,0x00,0x7f,0x80,0x1f,0xe0,
  0x00,0x00,0x7f,0x80,0x1f,0xe0,0x00,0x00,0x7f,0x80,0x1f,0xe0,0x00,0x00,0x7f,0x80,0x1f,0xe0,0x00,0x00,0xff,0x80,0x1f,0xf0,
  0x02,0x00,0xff,0x00,0x1f,0xf0,0x03,0x80,0xff,0x00,0x0f,0xf0,0x07,0xe1,0xff,0x00,0x0f,0xf8,0x07,0xf9,0xff,0x00,0x0f,0xfc,
  0x0f,0xff,0xfe,0x00,0x07,0xfe,0x07,0xff,0xfc,0x00,0x03,0xff,0x00,0xff,0xfc,0x00,0x03,0xff,0xc0,0x7f,0xf8,0x00,0x01,0xff,
  0xff,0xff,0xf0,0x00,0x00,0xff,0xff,0xff,0xf8,0x00,0x00,0x7f,0xff,0xff,0xfe,0x00,0x00,0x3f,0xff,0xff,0xff,0x80,0x00,0x0f,
  0xff,0xff,0xff,0xe0,0x00,0x03,0xff,0xfd,0xff,0xc0,0x00,0x00,0x7f,0xe0,0x7f,0xc0,0x00,0x00,0x00,0x00,0x1f,0x80,0x00,0x00,
  0x00,0x00,0x0f,0x80,0x00,0x00,0x00,0x00,0x03,0x00,0x00,0x00,0x00,0x00,0x00,0x00,0x00,0x00,0x00,0x00,0x00,0x00,0x00,0x00,
  0x00,0x00,0x00,0x00,0x00,0x00,0x00,0x00,0x00,0x00,0x00,0x00,0x00,0x00,0x00,0x00,0x00,0x00,0x00,0x00,0x00,0x00,0x00,0x00,
  0x00,0x00,0x00,0x00,0x00,0x00,0x00,0x00,0x00,0x00,0x00,0x00,0x00,0x00,0x00,0x00,0x00,0x00,0x00,0x00,0x00,0x00,0x00,0x00,
  0x00,0x00,0x00,0x00,0x00,0x00,0x00,0x00,0x00,0x00,0x00,0x00,0x00,0x00,0x00,0x00,0x00,0x00,0x00,0x00,0x00,0x00,0x00,0x00,
  0x00,0x00,0x00,0x00,0x00,0x00,0x00,0x00,0x00,0x00,0x00,0x00,0x00,0x00,0x00,0x00,0x00,0x00,0x00,0x00,0x00,0x00,0x00,0x00,
  0x00,0x00,0x00,0x00,0x00,0x00,0x00,0x00,0x00,0x00,0x0f,0xff,0xff,0xf0,0x00,0x00,0x0f,0xff,0xff,0xfe,0x00,0x00,0x0f,0xff,
  0xff,0xff,0x80,0x00,0x0f,0xff,0xff,0xff,0xc0,0x00,0x0f,0xff,0xff,0xff,0xe0,0x00,0x0f,0xff,0xff,0xff,0xe0,0x00,0x0f,0xff,
  0xff,0xff,0xf0,0x00,0x0f,0xf0,0x00,0x3f,0xf0,0x00,0x0f,0xf0,0x00,0x1f,0xf0,0x00,0x0f,0xf0,0x00,0x0f,0xf8,0x00,0x0f,0xf0,
  0x00,0x0f,0xf8,0x00,0x0f,0xf0,0x00,0x07,0xf8,0x00,0x0f,0xf0,0x00,0x0f,0xf8,0x00,0x0f,0xf0,0x00,0x0f,0xf0,0x00,0x0f,0xf0,
  0x00,0x1f,0xf0,0x00,0x0f,0xf0,0x00,0x3f,0xf0,0x00,0x0f,0xff,0xff,0xff,0xe0,0x00,0x0f,0xff,0xff,0xff,0xe0,0x00,0x0f,0xff,
  0xff,0xff,0xc0,0x00,0x0f,0xff,0xff,0xff,0x80,0x00,0x0f,0xff,0xff,0xfe,0x00,0x00,0x0f,0xff,0xff,0xf0,0x00,0x00,0x0f,0xff,
  0xff,0xe0,0x00,0x00,0x0f,0xf0,0x3f,0xf0,0x00,0x00,0x0f,0xf0,0x0f,0xfc,0x00,0x00,0x0f,0xf0,0x07,0xfe,0x00,0x00,0x0f,0xf0,
  0x07,0xfe,0x00,0x00,0x0f,0xf0,0x03,0xff,0x00,0x00,0x0f,0xf0,0x01,0xff,0x80,0x00,0x0f,0xf0,0x00,0xff,0x80,0x00,0x0f,0xf0,
  0x00,0xff,0xc0,0x00,0x0f,0xf0,0x00,0x7f,0xe0,0x00,0x0f,0xf0,0x00,0x3f,0xe0,0x00,0x0f,0xf0,0x00,0x3f,0xf0,0x00,0x0f,0xf0,
  0x00,0x1f,0xf8,0x00,0x0f,0xf0,0x00,0x0f,0xf8,0x00,0x0f,0xf0,0x00,0x0f,0xfc,0x00,0x0f,0xf0,0x00,0x07,0xfc,0x00,0x0f,0xf0,
  0x00,0x03,0xfe,0x00,0x0f,0xf0,0x00,0x03,0xff,0x00,0x00,0x00,0x00,0x00,0x00,0x00,0x00,0x00,0x00,0x00,0x00,0x00,0x00,0x00,
  0x00,0x00,0x00,0x00,0x00,0x00,0x00,0x00,0x00,0x00,0x00,0x00,0x00,0x00,0x00,0x00,0x00,0x00,0x00,0x00,0x00,0x00,0x00,0x00,
  0x00,0x00,0x00,0x00,0x00,0x00,0x00,0x00,0x00,0x00,0x00,0x00,0x00,0x00,0x00,0x00,0x00,0x00,0x00,0x00,0x00,0x00,0x00,0x00,
  0x00,0x00,0x00,0x00,0x00,0x00,0x00,0x00,0x00,0x00,0x00,0x00,0x00,0x00,0x00,0x00,0x00,0x00,0x00,0x00,0x00,0x00,0x00,0x00,
  0x00,0x00,0x00,0x00,0x00,0x00,0x00,0x00,0x00,0x00,0x00,0x00,0x00,0x00,0x00,0x00,0x00,0x00,0x00,0x00,0x00,0x00,0x00,0x00,
  0x00,0x00,0x00,0x00,0x00,0x00,0x00,0x00,0x00,0x00,0x00,0x00,0x00,0x00,0x00,0x00,0x00,0x00,0x00,0x03,0xfe,0x00,0x00,0x00,
  0x3f,0xff,0xc0,0x00,0x00,0xff,0xff,0xf0,0x00,0x01,0xff,0xff,0xf8,0x00,0x03,0xff,0xff,0xfc,0x00,0x07,0xff,0xff,0xfe,0x00,
  0x07,0xff,0xff,0xff,0x00,0x0f,0xfc,0x03,0xff,0x00,0x0f,0xf0,0x01,0xff,0x80,0x0f,0xf0,0x00,0xff,0x80,0x0f,0xe0,0x00,0x7f,
  0x80,0x0f,0xe0,0x00,0x7f,0x80,0x0f,0xf0,0x00,0x7f,0x80,0x0f,0xf8,0x00,0x00,0x00,0x0f,0xfc,0x00,0x00,0x00,0x0f,0xff,0x80,
  0x00,0x00,0x07,0xff,0xf8,0x00,0x00,0x03,0xff,0xff,0x80,0x00,0x03,0xff,0xff,0xe0,0x00,0x01,0xff,0xff,0xf8,0x00,0x00,0x7f,
  0xff,0xfe,0x00,0x00,0x1f,0xff,0xff,0x00,0x00,0x07,0xff,0xff,0x00,0x00,0x00,0x7f,0xff,0x80,0x00,0x00,0x07,0xff,0xc0,0x00,
  0x00,0x00,0xff,0xc0,0x00,0x00,0x00,0x7f,0xc0,0x01,0xc0,0x00,0x3f,0xc0,0x3f,0xc0,0x00,0x3f,0xc0,0x3f,0xc0,0x00,0x1f,0xc0,
  0x1f,0xe0,0x00,0x3f,0xc0,0x1f,0xe0,0x00,0x3f,0xc0,0x1f,0xf0,0x00,0x7f,0xc0,0x0f,0xf8,0x00,0xff,0xc0,0x0f,0xfe,0x03,0xff,
  0x80,0x07,0xff,0xff,0xff,0x80,0x07,0xff,0xff,0xff,0x00,0x03,0xff,0xff,0xfe,0x00,0x01,0xff,0xff,0xfc,0x00,0x00,0x7f,0xff,
  0xf8,0x00,0x00,0x3f,0xff,0xe0,0x00,0x00,0x03,0xfe,0x00,0x00,0x00,0x00,0x00,0x00,0x00,0x00,0x00,0x00,0x00,0x00,0x00,0x00,
  0x00,0x00,0x00,0x00,0x00,0x00,0x00,0x00,0x00,0x00,0x00,0x00,0x00,0x00,0x00,0x00,0x00,0x00,0x00,0x00,0x00,0x00,0x00,0x00,
  0x00,0x00,0x00,0x00,0x00,0x00,0x00,0x00,0x00,0x00,0x00,0x00,0x00,0x00,0x00,0x00,0x00,0x00,0x00,0x00,0x00,0x00,0x00,0x00,
  0x00,0x00,0x00,0x00,0x00,0x00,0x00,0x00,0x00,0x00,0x00,0x00,0x00,0x00,0x00,0x00,0x00,0x00,0x00,0x00,0x00,0x00,0x00,0x00,
  0x00,0x00,0x00,0x00,0x00,0x00,0x00,0x00,0x00,0x00,0x00,0x00,0x00,0x00,0x00,0x00,0x00,0x00,0x00,0x00,0x00,0x00,0x00,0x00,
  0x00,0x00,0x00,0x00,0x00,0x00,0x00,0x3f,0xff,0xff,0xff,0xc0,0x3f,0xff,0xff,0xff,0xc0,0x3f,0xff,0xff,0xff,0xc0,0x3f,0xff,
  0xff,0xff,0xc0,0x3f,0xff,0xff,0xff,0xc0,0x3f,0xff,0xff,0xff,0xc0,0x3f,0xff,0xff,0xff,0xc0,0x00,0x03,0xfc,0x00,0x00,0x00,
  0x03,0xfc,0x00,0x00,0x00,0x03,0xfc,0x00,0x00,0x00,0x03,0xfc,0x00,0x00,0x00,0x03,0xfc,0x00,0x00,0x00,0x03,0xfc,0x00,0x00,
  0x00,0x03,0xfc,0x00,0x00,0x00,0x03,0xfc,0x00,0x00,0x00,0x03,0xfc,0x00,0x00,0x00,0x03,0xfc,0x00,0x00,0x00,0x03,0xfc,0x00,
  0x00,0x00,0x03,0xfc,0x00,0x00,0x00,0x03,0xfc,0x00,0x00,0x00,0x03,0xfc,0x00,0x00,0x00,0x03,0xfc,0x00,0x00,0x00,0x03,0xfc,
  0x00,0x00,0x00,0x03,0xfc,0x00,0x00,0x00,0x03,0xfc,0x00,0x00,0x00,0x03,0xfc,0x00,0x00,0x00,0x03,0xfc,0x00,0x00,0x00,0x03,
  0xfc,0x00,0x00,0x00,0x03,0xfc,0x00,0x00,0x00,0x03,0xfc,0x00,0x00,0x00,0x03,0xfc,0x00,0x00,0x00,0x03,0xfc,0x00,0x00,0x00,
  0x03,0xfc,0x00,0x00,0x00,0x03,0xfc,0x00,0x00,0x00,0x03,0xfc,0x00,0x00,0x00,0x03,0xfc,0x00,0x00,0x00,0x03,0xfc,0x00,0x00,
  0x00,0x03,0xfc,0x00,0x00,0x00,0x03,0xfc,0x00,0x00,0x00,0x03,0xfc,0x00,0x00,0x00,0x00,0x00,0x00,0x00,0x00,0x00,0x00,0x00,
  0x00,0x00,0x00,0x00,0x00,0x00,0x00,0x00,0x00,0x00,0x00,0x00,0x00,0x00,0x00,0x00,0x00,0x00,0x00,0x00,0x00,0x00,0x00,0x00,
  0x00,0x00,0x00,0x00,0x00,0x00,0x00,0x00,0x00,0x00,0x00,0x00,0x00,0x00,0x00,0x00,0x00,0x00,0x00,0x00,0x00,0x00,0x00,0x00,
  0x00,0x00,0x00,0x00,0x00,0x00,0x00,0x00,0x00,0x00,0x00,0x00,0x00,0x00,0x00,0x00,0x00,0x00,0x00,0x00,0x00,0x00,0x00,0x00,
  0x00,0x00,0x00,0x00,0x00,0x00,0x00,0x00,0x00,0x00,0x00,0x00,0x00,0x00,0x00,0x00,0x00,0x00,0x00,0x00,0x00,0x00,0x00,0x00,
  0x00,0x00,0x00,0x00,0x00,0x00,0x00,0x00,0x00,0x00,0x00,0x00,0x00,0x00,0x00,0x00,0x00,0x00,0x00,0x00,0x00,0x00,0x00,0x00,
  0x00,0x00,0x0f,0xf0,0x00,0x0f,0xf0,0x00,0x0f,0xf0,0x00,0x0f,0xf0,0x00,0x0f,0xf0,0x00,0x0f,0xf0,0x00,0x0f,0xf0,0x00,0x0f,
  0xf0,0x00,0x0f,0xf0,0x00,0x0f,0xf0,0x00,0x0f,0xf0,0x00,0x0f,0xf0,0x00,0x0f,0xf0,0x00,0x0f,0xf0,0x00,0x0f,0xf0,0x00,0x0f,
  0xf0,0x00,0x0f,0xf0,0x00,0x0f,0xf0,0x00,0x0f,0xf0,0x00,0x0f,0xf0,0x00,0x0f,0xf0,0x00,0x0f,0xf0,0x00,0x0f,0xf0,0x00,0x0f,
  0xf0,0x00,0x0f,0xf0,0x00,0x0f,0xf0,0x00,0x0f,0xf0,0x00,0x0f,0xf0,0x00,0x0f,0xf0,0x00,0x0f,0xf0,0x00,0x0f,0xf0,0x00,0x0f,
  0xf0,0x00,0x0f,0xf0,0x00,0x0f,0xf0,0x00,0x0f,0xf0,0x00,0x0f,0xf0,0x00,0x0f,0xf0,0x00,0x0f,0xf0,0x00,0x0f,0xf0,0x00,0x0f,
  0xf0,0x00,0x0f,0xf0,0x00,0x0f,0xf0,0x00,0x0f,0xf0,0x00,0x0f,0xf0,0x00,0x0f,0xf0,0x00,0x0f,0xf0,0x00,0x0f,0xf0,0x00,0x0f,
  0xf0,0x00,0x0f,0xf0,0x00,0x0f,0xf0,0x00,0x0f,0xf0,0x00,0x0f,0xf0,0x00,0x0f,0xf0,0x00,0x0f,0xf0,0x00,0x0f,0xf0,0x00,0x0f,
  0xf0,0x00,0x0f,0xf0,0x00,0x0f,0xf0,0x00,0x07,0xf8,0x00,0x0f,0xf0,0x00,0x07,0xf8,0x00,0x1f,0xe0,0x00,0x07,0xfc,0x00,0x1f,
  0xe0,0x00,0x07,0xfe,0x00,0x3f,0xe0,0x00,0x07,0xff,0x80,0xff,0xe0,0x00,0x03,0xff,0xff,0xff,0xc0,0x00,0x01,0xff,0xff,0xff,
  0xc0,0x00,0x01,0xff,0xff,0xff,0x80,0x00,0x00,0xff,0xff,0xff,0x00,0x00,0x00,0x3f,0xff,0xfc,0x00,0x00,0x00,0x0f,0xff,0xf8,
  0x00,0x00,0x00,0x01,0xff,0x80,0x00,0x00,0x00,0x00,0x00,0x00,0x00,0x00,0x00,0x00,0x00,0x00,0x00,0x00,0x00,0x00,0x00,0x00,
  0x00,0x00,0x00,0x00,0x00,0x00,0x00,0x00,0x00,0x00,0x00,0x00,0x00,0x00,0x00,0x00,0x00,0x00,0x00,0x00,0x00,0x00,0x00,0x00,
  0x00,0x00,0x00,0x00,0x00,0x00,0x00,0x00,0x00,0x00,0x00,0x00,0x00,0x00,0x00,0x00,0x00,0x00,0x00,0x00,0x00,0x00,0x00,0x00,
  0x00,0x00,0x00,0x00,0x00,0x00,0x00,0x00,0x00,0x00,0x00,0x00,0x00,0x00,0x00,0x00,0x00,0x00,0x00,0x00,0x00,0x00,0x00,0x00,
  0x00,0x00,0x00,0x00,0x00,0x00,0x00,0x00,0x00,0x00,0x00,0x00,0x00,0x00,0x00,0x00,0x00,0x00,0x00,0x00,0x00,0x00,0x00,0x00,
  0x00,0x00,0x00,0x00,0x00,0x00,0x00,0x00,0x00,0x00,0x00,0x00,0x00,0x00,0x00,0xff,0x80,0x00,0x07,0xf8,0x7f,0x80,0x00,0x0f,
  0xf8,0x7f,0xc0,0x00,0x0f,0xf0,0x7f,0xc0,0x00,0x0f,0xf0,0x3f,0xc0,0x00,0x1f,0xf0,0x3f,0xe0,0x00,0x1f,0xe0,0x3f,0xe0,0x00,
  0x1f,0xe0,0x1f,0xe0,0x00,0x3f,0xe0,0x1f,0xf0,0x00,0x3f,0xc0,0x1f,0xf0,0x00,0x3f,0xc0,0x0f,0xf0,0x00,0x7f,0xc0,0x0f,0xf8,
  0x00,0x7f,0x80,0x0f,0xf8,0x00,0x7f,0x80,0x07,0xf8,0x00,0xff,0x00,0x07,0xfc,0x00,0xff,0x00,0x03,0xfc,0x00,0xff,0x00,0x03,
  0xfc,0x01,0xfe,0x00,0x03,0xfe,0x01,0xfe,0x00,0x01,0xfe,0x01,0xfe,0x00,0x01,0xfe,0x03,0xfc,0x00,0x01,0xff,0x03,0xfc,0x00,
  0x00,0xff,0x03,0xfc,0x00,0x00,0xff,0x07,0xf8,0x00,0x00,0xff,0x87,0xf8,0x00,0x00,0x7f,0x87,0xf8,0x00,0x00,0x7f,0x8f,0xf0,
  0x00,0x00,0x7f,0xcf,0xf0,0x00,0x00,0x3f,0xcf,0xe0,0x00,0x00,0x3f,0xdf,0xe0,0x00,0x00,0x3f,0xff,0xe0,0x00,0x00,0x1f,0xff,
  0xc0,0x00,0x00,0x1f,0xff,0xc0,0x00,0x00,0x1f,0xff,0xc0,0x00,0x00,0x0f,0xff,0x80,0x00,0x00,0x0f,0xff,0x80,0x00,0x00,0x07,
  0xff,0x80,0x00,0x00,0x07,0xff,0x00,0x00,0x00,0x07,0xff,0x00,0x00,0x00,0x03,0xff,0x00,0x00,0x00,0x03,0xfe,0x00,0x00,0x00,
  0x00,0x00,0x00,0x00,0x00,0x00,0x00,0x00,0x00,0x00,0x00,0x00,0x00,0x00,0x00,0x00,0x00,0x00,0x00,0x00,0x00,0x00,0x00,0x00,
  0x00,0x00,0x00,0x00,0x00,0x00,0x00,0x00,0x00,0x00,0x00,0x00,0x00,0x00,0x00,0x00,0x00,0x00,0x00,0x00,0x00,0x00,0x00,0x00,
  0x00,0x00,0x00,0x00,0x00,0x00,0x00,0x00,0x00,0x00,0x00,0x00,0x00,0x00,0x00,0x00,0x00,0x00,0x00,0x00,0x00,0x00,0x00,0x00,
  0x00,0x00,0x00,0x00,0x00,0x00,0x00,0x00,0x00,0x00,0x00,0x00,0x00,0x00,0x00,0x00,0x00,0x00,0x00,0x00,0x00,0x00,0x00,0x00,
  0x00,0x00,0x00,0x00,0x00,0x00,0x00,0x00,0x00,0x00,0x00,0x00,0x00,0x00,0x00,0x00,0x00,0x00,0x00,0x00,0x00,0x00,0x00,0x00,
  0x00,0x00,0x00,0x00,0x00,0x00,0x00,0x00,0x00,0x00,0x00,0x00,0x00,0x00,0x00,0x00,0x00,0x00,0x00,0x00,0x00,0xff,0x00,0x03,
  0xff,0x00,0x07,0xf8,0x7f,0x80,0x03,0xff,0x00,0x07,0xf8,0x7f,0x80,0x07,0xff,0x00,0x0f,0xf0,0x7f,0x80,0x07,0xff,0x00,0x0f,
  0xf0,0x7f,0x80,0x07,0xff,0x80,0x0f,0xf0,0x3f,0xc0,0x07,0xff,0x80,0x0f,0xf0,0x3f,0xc0,0x0f,0xff,0x80,0x0f,0xe0,0x3f,0xc0,
  0x0f,0xff,0x80,0x1f,0xe0,0x3f,0xc0,0x0f,0xff,0xc0,0x1f,0xe0,0x1f,0xc0,0x1f,0xff,0xc0,0x1f,0xe0,0x1f,0xe0,0x1f,0xff,0xc0,
  0x1f,0xc0,0x1f,0xe0,0x1f,0xdf,0xc0,0x3f,0xc0,0x1f,0xe0,0x1f,0xdf,0xe0,0x3f,0xc0,0x1f,0xe0,0x3f,0xcf,0xe0,0x3f,0xc0,0x0f,
  0xf0,0x3f,0x8f,0xe0,0x3f,0x80,0x0f,0xf0,0x3f,0x8f,0xe0,0x3f,0x80,0x0f,0xf0,0x3f,0x8f,0xf0,0x7f,0x80,0x0f,0xf0,0x7f,0x07,
  0xf0,0x7f,0x80,0x07,0xf0,0x7f,0x07,0xf0,0x7f,0x00,0x07,0xf8,0x7f,0x07,0xf0,0x7f,0x00,0x07,0xf8,0xff,0x03,0xf8,0xff,0x00,
  0x07,0xf8,0xfe,0x03,0xf8,0xff,0x00,0x03,0xf8,0xfe,0x03,0xf8,0xfe,0x00,0x03,0xfc,0xfe,0x03,0xf8,0xfe,0x00,0x03,0xfd,0xfe,
  0x01,0xfc,0xfe,0x00,0x03,0xfd,0xfc,0x01,0xfd,0xfe,0x00,0x01,0xfd,0xfc,0x01,0xfd,0xfc,0x00,0x01,0xff,0xfc,0x01,0xff,0xfc,
  0x00,0x01,0xff,0xf8,0x00,0xff,0xfc,0x00,0x01,0xff,0xf8,0x00,0xff,0xfc,0x00,0x00,0xff,0xf8,0x00,0xff,0xfc,0x00,0x00,0xff,
  0xf8,0x00,0x7f,0xf8,0x00,0x00,0xff,0xf0,0x00,0x7f,0xf8,0x00,0x00,0xff,0xf0,0x00,0x7f,0xf8,0x00,0x00,0xff,0xf0,0x00,0x7f,
  0xf8,0x00,0x00,0x7f,0xf0,0x00,0x3f,0xf0,0x00,0x00,0x7f,0xe0,0x00,0x3f,0xf0,0x00,0x00,0x7f,0xe0,0x00,0x3f,0xf0,0x00,0x00,
  0x7f,0xe0,0x00,0x3f,0xf0,0x00,0x00,0x3f,0xc0,0x00,0x1f,0xe0,0x00,0x00,0x00,0x00,0x00,0x00,0x00,0x00,0x00,0x00,0x00,0x00,
  0x00,0x00,0x00,0x00,0x00,0x00,0x00,0x00,0x00,0x00,0x00,0x00,0x00,0x00,0x00,0x00,0x00,0x00,0x00,0x00,0x00,0x00,0x00,0x00,
  0x00,0x00,0x00,0x00,0x00,0x00,0x00,0x00,0x00,0x00,0x00,0x00,0x00,0x00,0x00,0x00,0x00,0x00,0x00,0x00,0x00,0x00,0x00,0x00,
  0x00,0x00,0x00,0x00,0x00,0x00,0x00,0x00,0x00,0x00,0x00,0x00,0x00,0x00,0x00,0x00,0x00,0x00,0x00,0x00,0x00,0x00,0x00,0x00,
  0x00,0x00,0x00,0x00,0x00,0x00,0x00,0x00,0x00,0x00,0x00,0x00,0x00,0x00,0x00,0x00,0x00,0x00,0x00,0x00,0x00,0x00,0x00,0x00,
  0x00,0x00,0x00,0x00,0x00,0x00,0x00,0x00,0x00,0x00,0x00,0x00,0x00,0x00,0x00,0x00,0x00,0x00,0x00,0x00,0x00,0x00,0x00,0x00,
  0x00,0x00,0x00,0x00,0x00,0x00,0x00,0x00,0x00,0x00,0x00,0x00,0x00,0x00,0x00,0x3f,0xe0,0x00,0x3f,0xe0,0x3f,0xf0,0x00,0x3f,
  0xe0,0x1f,0xf0,0x00,0x7f,0xc0,0x0f,0xf8,0x00,0xff,0x80,0x0f,0xfc,0x00,0xff,0x80,0x07,0xfc,0x01,0xff,0x00,0x03,0xfe,0x03,
  0xff,0x00,0x03,0xff,0x03,0xfe,0x00,0x01,0xff,0x07,0xfc,0x00,0x00,0xff,0x8f,0xfc,0x00,0x00,0xff,0xcf,0xf8,0x00,0x00,0x7f,
  0xdf,0xf0,0x00,0x00,0x3f,0xff,0xf0,0x00,0x00,0x3f,0xff,0xe0,0x00,0x00,0x1f,0xff,0xc0,0x00,0x00,0x0f,0xff,0xc0,0x00,0x00,
  0x0f,0xff,0x80,0x00,0x00,0x07,0xff,0x00,0x00,0x00,0x03,0xff,0x00,0x00,0x00,0x03,0xff,0x00,0x00,0x00,0x07,0xff,0x00,0x00,
  0x00,0x0f,0xff,0x80,0x00,0x00,0x0f,0xff,0xc0,0x00,0x00,0x1f,0xff,0xc0,0x00,0x00,0x3f,0xff,0xe0,0x00,0x00,0x3f,0xff,0xe0,
  0x00,0x00,0x7f,0xff,0xf0,0x00,0x00,0xff,0xdf,0xf8,0x00,0x00,0xff,0x8f,0xf8,0x00,0x01,0xff,0x07,0xfc,0x00,0x03,0xff,0x07,
  0xfe,0x00,0x03,0xfe,0x03,0xfe,0x00,0x07,0xfe,0x01,0xff,0x00,0x0f,0xfc,0x01,0xff,0x80,0x0f,0xf8,0x00,0xff,0x80,0x1f,0xf8,
  0x00,0x7f,0xc0,0x3f,0xf0,0x00,0x7f,0xe0,0x3f,0xe0,0x00,0x3f,0xe0,0x7f,0xe0,0x00,0x1f,0xf0,0xff,0xc0,0x00,0x1f,0xf8,0x00,
  0x00,0x00,0x00,0x00,0x00,0x00,0x00,0x00,0x00,0x00,0x00,0x00,0x00,0x00,0x00,0x00,0x00,0x00,0x00,0x00,0x00,0x00,0x00,0x00,
  0x00,0x00,0x00,0x00,0x00,0x00,0x00,0x00,0x00,0x00,0x00,0x00,0x00,0x00,0x00,0x00,0x00,0x00,0x00,0x00,0x00,0x00,0x00,0x00,
  0x00,0x00,0x00,0x00,0x00,0x00,0x00,0x00,0x00,0x00,0x00,0x00,0x00,0x00,0x00,0x00,0x00,0x00,0x00,0x00,0x00,0x00,0x00,0x00,
  0x00,0x00,0x00,0x00,0x00,0x00,0x00,0x00,0x00,0x00,0x00,0x00,0x00,0x00,0x00,0x00,0x00,0x00,0x00,0x00,0x00,0x00,0x00,0x00,
  0x00,0x00,0x00,0x00,0x00,0x00,0x00,0x00,0x00,0x00,0x00,0x00,0x00,0x00,0x00,0x00,0x00,0x00,0x00,0x00,0x00,0x00,0x00,0xff,
  0xc0,0x00,0x0f,0xf8,0x7f,0xc0,0x00,0x1f,0xf0,0x3f,0xe0,0x00,0x1f,0xf0,0x3f,0xe0,0x00,0x3f,0xe0,0x1f,0xf0,0x00,0x3f,0xc0,
  0x0f,0xf8,0x00,0x7f,0xc0,0x0f,0xf8,0x00,0xff,0x80,0x07,0xfc,0x00,0xff,0x80,0x07,0xfc,0x01,0xff,0x00,0x03,0xfe,0x01,0xfe,
  0x00,0x01,0xff,0x03,0xfe,0x00,0x01,0xff,0x03,0xfc,0x00,0x00,0xff,0x87,0xf8,0x00,0x00,0x7f,0x8f,0xf8,0x00,0x00,0x7f,0xcf,
  0xf0,0x00,0x00,0x3f,0xff,0xe0,0x00,0x00,0x1f,0xff,0xe0,0x00,0x00,0x1f,0xff,0xc0,0x00,0x00,0x0f,0xff,0xc0,0x00,0x00,0x0f,
  0xff,0x80,0x00,0x00,0x07,0xff,0x00,0x00,0x00,0x03,0xff,0x00,0x00,0x00,0x03,0xfe,0x00,0x00,0x00,0x01,0xfe,0x00,0x00,0x00,
  0x01,0xfe,0x00,0x00,0x00,0x01,0xfe,0x00,0x00,0x00,0x01,0xfe,0x00,0x00,0x00,0x01,0xfe,0x00,0x00,0x00,0x01,0xfe,0x00,0x00,
  0x00,0x01,0xfe,0x00,0x00,0x00,0x01,0xfe,0x00,0x00,0x00,0x01,0xfe,0x00,0x00,0x00,0x01,0xfe,0x00,0x00,0x00,0x01,0xfe,0x00,
  0x00,0x00,0x01,0xfe,0x00,0x00,0x00,0x01,0xfe,0x00,0x00,0x00,0x01,0xfe,0x00,0x00,0x00,0x01,0xfe,0x00,0x00,0x00,0x01,0xfe,
  0x00,0x00,0x00,0x01,0xfe,0x00,0x00,0x00,0x00,0x00,0x00,0x00,0x00,0x00,0x00,0x00,0x00,0x00,0x00,0x00,0x00,0x00,0x00,0x00,
  0x00,0x00,0x00,0x00,0x00,0x00,0x00,0x00,0x00,0x00,0x00,0x00,0x00,0x00,0x00,0x00,0x00,0x00,0x00,0x00,0x00,0x00,0x00,0x00,
  0x00,0x00,0x00,0x00,0x00,0x00,0x00,0x00,0x00,0x00,0x00,0x00,0x00,0x00,0x00,0x00,0x00,0x00,0x00,0x00,0x00,0x00,0x00,0x00,
  0x00,0x00,0x00,0x00,0x00,0x00,0x00,0x00,0x00,0x00,0x00,0x00,0x00,0x00,0x00,0x00,0x00,0x00,0x00,0x00,0x00,0x00,0x00,0x00,
  0x00,0x00,0x00,0x00,0x00,0x00,0x00,0x00,0x00,0x00,0x00,0x00,0x00,0x00,0x00,0x00,0x00,0x00,0x00,0x00,0x00,0x00,0x00,0x00,
  0x00,0x00,0x00,0x00,0x00,0x00,0x00,0x1f,0xff,0xff,0xff,0x00,0x1f,0xff,0xff,0xff,0x00,0x1f,0xff,0xff,0xff,0x00,0x1f,0xff,
  0xff,0xff,0x00,0x1f,0xff,0xff,0xff,0x00,0x1f,0xff,0xff,0xff,0x00,0x1f,0xff,0xff,0xff,0x00,0x00,0x00,0x03,0xff,0x00,0x00,
  0x00,0x07,0xfe,0x00,0x00,0x00,0x0f,0xfc,0x00,0x00,0x00,0x1f,0xf8,0x00,0x00,0x00,0x3f,0xf0,0x00,0x00,0x00,0x7f,0xf0,0x00,
  0x00,0x00,0xff,0xe0,0x00,0x00,0x00,0xff,0xc0,0x00,0x00,0x01,0xff,0x80,0x00,0x00,0x03,0xff,0x00,0x00,0x00,0x07,0xfe,0x00,
  0x00,0x00,0x0f,0xfc,0x00,0x00,0x00,0x1f,0xfc,0x00,0x00,0x00,0x3f,0xf8,0x00,0x00,0x00,0x3f,0xf0,0x00,0x00,0x00,0x7f,0xe0,
  0x00,0x00,0x00,0xff,0xc0,0x00,0x00,0x01,0xff,0x80,0x00,0x00,0x03,0xff,0x80,0x00,0x00,0x07,0xff,0x00,0x00,0x00,0x07,0xfe,
  0x00,0x00,0x00,0x0f,0xfc,0x00,0x00,0x00,0x1f,0xf8,0x00,0x00,0x00,0x3f,0xf0,0x00,0x00,0x00,0x7f,0xe0,0x00,0x00,0x00,0x7f,
  0xe0,0x00,0x00,0x00,0x7f,0xff,0xff,0xff,0x80,0x7f,0xff,0xff,0xff,0x80,0x7f,0xff,0xff,0xff,0x80,0x7f,0xff,0xff,0xff,0x80,
  0x7f,0xff,0xff,0xff,0x80,0x7f,0xff,0xff,0xff,0x80,0x7f,0xff,0xff,0xff,0x80,0x00,0x00,0x00,0x00,0x00,0x00,0x00,0x00,0x00,
  0x00,0x00,0x00,0x00,0x00,0x00,0x00,0x00,0x00,0x00,0x00,0x00,0x00,0x00,0x00,0x00,0x00,0x00,0x00,0x00,0x00,0x00,0x00,0x00,
  0x00,0x00,0x00,0x00,0x00,0x00,0x00,0x00,0x00,0x00,0x00,0x00,0x00,0x00,0x00,0x00,0x00,0x00,0x00,0x00,0x00,0x00,0x00,0x00,
  0x00,0x00,0x00,0x00,0x00,0x00,0x00,0x00,0x00,0x00,0x00,0x00,0x00,0x00,0x00,0x00,0x00,0x00,0x00,0x00,0x00,0x00,0x00,0x00,
  0x00,0x00,0x00,0x00,0x00,0x00,0x00,0x00,0x00,0x00,0x00,0x00,0x00,0x00,0x00,0x00,0x00,0x0f,0xff,0xc0,0x0f,0xff,0xc0,0x0f,
  0xff,0xc0,0x0f,0xff,0xc0,0x0f,0xff,0xc0,0x0f,0xff,0xc0,0x0f,0xff,0xc0,0x0f,0xe0,0x00,0x0f,0xe0,0x00,0x0f,0xe0,0x00,0x0f,
  0xe0,0x00,0x0f,0xe0,0x00,0x0f,0xe0,0x00,0x0f,0xe0,0x00,0x0f,0xe0,0x00,0x0f,0xe0,0x00,0x0f,0xe0,0x00,0x0f,0xe0,0x00,0x0f,
  0xe0,0x00,0x0f,0xe0,0x00,0x0f,0xe0,0x00,0x0f,0xe0,0x00,0x0f,0xe0,0x00,0x0f,0xe0,0x00,0x0f,0xe0,0x00,0x0f,0xe0,0x00,0x0f,
  0xe0,0x00,0x0f,0xe0,0x00,0x0f,0xe0,0x00,0x0f,0xe0,0x00,0x0f,0xe0,0x00,0x0f,0xe0,0x00,0x0f,0xe0,0x00,0x0f,0xe0,0x00,0x0f,
  0xe0,0x00,0x0f,0xe0,0x00,0x0f,0xe0,0x00,0x0f,0xe0,0x00,0x0f,0xe0,0x00,0x0f,0xe0,0x00,0x0f,0xe0,0x00,0x0f,0xe0,0x00,0x0f,
  0xe0,0x00,0x0f,0xe0,0x00,0x0f,0xff,0xc0,0x0f,0xff,0xc0,0x0f,0xff,0xc0,0x0f,0xff,0xc0,0x0f,0xff,0xc0,0x0f,0xff,0xc0,0x0f,
  0xff,0xc0,0x00,0x00,0x00,0x00,0x00,0x00,0x00,0x00,0x00,0x00,0x00,0x00,0x00,0x00,0x00,0x00,0x00,0x00,0x00,0x00,0x00,0x00,
  0x00,0x00,0x00,0x00,0x00,0x00,0xfc,0x00,0xfc,0x00,0x7c,0x00,0x7c,0x00,0x7e,0x00,0x7e,0x00,0x3e,0x00,0x3e,0x00,0x3f,0x00,
  0x3f,0x00,0x1f,0x00,0x1f,0x00,0x1f,0x80,0x1f,0x80,0x0f,0x80,0x0f,0x80,0x0f,0xc0,0x0f,0xc0,0x07,0xc0,0x07,0xc0,0x07,0xe0,
  0x07,0xe0,0x03,0xe0,0x03,0xe0,0x03,0xf0,0x03,0xf0,0x03,0xf0,0x01,0xf0,0x01,0xf8,0x01,0xf8,0x01,0xf8,0x00,0xf8,0x00,0xfc,
  0x00,0xfc,0x00,0xfc,0x00,0x7c,0x00,0x7c,0x00,0x7e,0x00,0x7e,0x00,0x3e,0x00,0x00,0x00,0x00,0x00,0x00,0x00,0x00,0x00,0x00,
  0x00,0x00,0x00,0x00,0x00,0x00,0x00,0x00,0x00,0x00,0x00,0x00,0x00,0x00,0x00,0x00,0x00,0x00,0x00,0x00,0x00,0x00,0x00,0x00,
  0x00,0x00,0x00,0x00,0x00,0x00,0x00,0x00,0x00,0x00,0x00,0x00,0x00,0x00,0x00,0x00,0x00,0x00,0x00,0x00,0x00,0x00,0x00,0x00,
  0x00,0x7f,0xfe,0x00,0x7f,0xfe,0x00,0x7f,0xfe,0x00,0x7f,0xfe,0x00,0x7f,0xfe,0x00,0x7f,0xfe,0x00,0x7f,0xfe,0x00,0x01,0xfe,
  0x00,0x01,0xfe,0x00,0x01,0xfe,0x00,0x01,0xfe,0x00,0x01,0xfe,0x00,0x01,0xfe,0x00,0x01,0xfe,0x00,0x01,0xfe,0x00,0x01,0xfe,
  0x00,0x01,0xfe,0x00,0x01,0xfe,0x00,0x01,0xfe,0x00,0x01,0xfe,0x00,0x01,0xfe,0x00,0x01,0xfe,0x00,0x01,0xfe,0x00,0x01,0xfe,
  0x00,0x01,0xfe,0x00,0x01,0xfe,0x00,0x01,0xfe,0x00,0x01,0xfe,0x00,0x01,0xfe,0x00,0x01,0xfe,0x00,0x01,0xfe,0x00,0x01,0xfe,
  0x00,0x01,0xfe,0x00,0x01,0xfe,0x00,0x01,0xfe,0x00,0x01,0xfe,0x00,0x01,0xfe,0x00,0x01,0xfe,0x00,0x01,0xfe,0x00,0x01,0xfe,
  0x00,0x01,0xfe,0x00,0x01,0xfe,0x00,0x01,0xfe,0x00,0x01,0xfe,0x00,0x7f,0xfe,0x00,0x7f,0xfe,0x00,0x7f,0xfe,0x00,0x7f,0xfe,
  0x00,0x7f,0xfe,0x00,0x7f,0xfe,0x00,0x7f,0xfe,0x00,0x00,0x00,0x00,0x00,0x00,0x00,0x00,0x00,0x00,0x00,0x00,0x00,0x00,0x00,
  0x00,0x00,0x00,0x00,0x00,0x00,0x00,0x00,0x00,0x00,0x00,0x00,0x00,0x00,0x00,0x00,0x00,0x00,0x00,0x00,0x00,0x00,0x00,0x00,
  0x00,0x00,0x00,0x00,0x00,0x00,0x00,0x00,0x00,0x00,0x00,0x00,0x00,0x00,0x00,0x00,0x00,0x00,0x00,0x07,0xf0,0x00,0x00,0x00,
  0x07,0xf0,0x00,0x00,0x00,0x0f,0xf0,0x00,0x00,0x00,0x0f,0xf8,0x00,0x00,0x00,0x1f,0xf8,0x00,0x00,0x00,0x1f,0xfc,0x00,0x00,
  0x00,0x3f,0xfc,0x00,0x00,0x00,0x3f,0xfe,0x00,0x00,0x00,0x7f,0xfe,0x00,0x00,0x00,0x7f,0x7f,0x00,0x00,0x00,0x7e,0x7f,0x00,
  0x00,0x00,0xfe,0x7f,0x80,0x00,0x00,0xfe,0x3f,0x80,0x00,0x01,0xfc,0x3f,0x80,0x00,0x01,0xfc,0x1f,0xc0,0x00,0x03,0xf8,0x1f,
  0xc0,0x00,0x03,0xf8,0x1f,0xe0,0x00,0x07,0xf8,0x0f,0xe0,0x00,0x07,0xf0,0x0f,0xf0,0x00,0x0f,0xf0,0x07,0xf0,0x00,0x0f,0xe0,
  0x07,0xf8,0x00,0x1f,0xe0,0x07,0xf8,0x00,0x00,0x00,0x00,0x00,0x00,0x00,0x00,0x00,0x00,0x00,0x00,0x00,0x00,0x00,0x00,0x00,
  0x00,0x00,0x00,0x00,0x00,0x00,0x00,0x00,0x00,0x00,0x00,0x00,0x00,0x00,0x00,0x00,0x00,0x00,0x00,0x00,0x00,0x00,0x00,0x00,
  0x00,0x00,0x00,0x00,0x00,0x00,0x00,0x00,0x00,0x00,0x00,0x00,0x00,0x00,0x00,0x00,0x00,0x00,0x00,0x00,0x00,0x00,0x00,0x00,
  0x00,0x00,0x00,0x00,0x00,0x00,0x00,0x00,0x00,0x00,0x00,0x00,0x00,0x00,0x00,0x00,0x00,0x00,0x00,0x00,0x00,0x00,0x00,0x00,
  0x00,0x00,0x00,0x00,0x00,0x00,0x00,0x00,0x00,0x00,0x00,0x00,0x00,0x00,0x00,0x00,0x00,0x00,0x00,0x00,0x00,0x00,0x00,0x00,
  0x00,0x00,0x00,0x00,0x00,0x00,0x00,0x00,0x00,0x00,0x00,0x00,0x00,0x00,0x00,0x00,0x00,0x00,0x00,0x00,0x00,0x00,0x00,0x00,
  0x00,0x00,0x00,0x00,0x00,0x00,0x00,0x00,0x00,0x00,0x00,0x00,0x00,0x00,0x00,0x00,0x00,0x00,0x00,0x00,0x00,0x00,0x00,0x00,
  0x00,0x00,0x00,0x00,0x00,0x00,0x00,0x00,0x00,0x00,0x00,0x00,0x00,0x00,0x00,0x00,0x00,0x00,0x00,0x00,0x00,0x00,0x00,0x00,
  0x00,0x00,0x00,0x00,0x00,0x00,0x00,0x00,0x00,0x00,0x00,0x00,0x00,0x00,0x00,0x00,0x00,0x00,0x00,0x00,0x00,0x00,0x00,0x00,
  0x00,0x00,0x00,0x00,0x00,0x00,0x00,0x00,0x00,0x00,0x00,0x00,0x00,0x00,0x00,0x00,0x00,0x00,0x00,0x00,0x00,0x00,0x00,0x00,
  0x00,0x00,0x00,0x00,0x00,0x00,0x00,0x00,0x00,0x00,0x00,0x00,0x00,0x00,0x00,0x00,0x00,0x00,0x00,0x00,0x00,0x00,0x00,0x00,
  0x00,0x00,0x00,0x00,0x00,0x00,0x00,0x00,0x00,0x00,0x00,0x00,0x00,0x00,0x00,0x00,0x00,0x00,0x00,0x00,0x00,0x00,0x00,0x00,
  0x00,0x00,0x00,0x00,0x00,0x00,0x00,0x00,0x00,0x00,0x00,0x00,0x00,0x00,0x00,0x00,0x00,0x00,0x00,0x00,0x00,0x00,0x00,0x00,
  0x00,0x00,0x00,0x00,0x00,0x00,0x00,0x00,0x00,0x00,0x00,0x00,0x00,0x00,0x00,0x00,0x00,0x00,0x00,0x00,0x00,0x00,0x00,0x00,
  0x00,0x00,0x00,0x00,0x00,0x00,0x00,0x00,0x00,0x00,0x00,0x00,0x00,0x00,0x00,0x00,0x00,0x00,0x00,0x00,0x00,0x00,0x00,0x00,
  0x00,0x00,0x00,0x00,0x00,0x00,0x00,0x00,0x00,0x00,0x00,0x00,0x00,0x00,0x00,0x00,0x00,0x00,0x00,0x00,0x00,0x00,0x00,0x00,
  0x00,0x00,0x00,0x00,0x00,0x00,0x00,0x00,0x00,0x00,0x00,0x00,0x00,0x00,0x00,0x00,0x00,0x00,0x00,0x00,0x00,0x00,0x00,0x00,
  0x00,0x00,0x00,0x00,0x00,0x00,0x00,0x00,0x00,0x00,0x00,0x00,0x00,0x00,0x00,0x00,0x00,0x00,0x00,0x00,0x00,0x00,0x00,0x00,
  0x00,0x00,0x00,0x00,0x00,0x00,0x00,0x00,0x00,0x00,0x00,0x00,0x00,0x00,0x00,0x00,0xff,0xff,0xff,0xff,0x00,0xff,0xff,0xff,
  0xff,0x00,0xff,0xff,0xff,0xff,0x00,0xff,0xff,0xff,0xff,0x00,0xff,0xff,0xff,0xff,0x00,0xff,0xff,0xff,0xff,0x00,0x00,0x00,
  0x00,0x00,0x00,0x00,0x00,0x00,0x00,0x00,0x00,0x00,0x00,0x00,0x00,0x00,0x00,0x00,0x00,0x00,0x00,0x00,0x00,0x00,0x00,0x00,
  0x00,0x00,0x00,0x00,0x00,0x00,0x00,0x00,0x00,0x00,0x00,0x00,0x00,0x00,0x00,0x00,0x00,0x3f,0xc0,0x00,0x1f,0xc0,0x00,0x0f,
  0xe0,0x00,0x07,0xe0,0x00,0x07,0xf0,0x00,0x03,0xf0,0x00,0x01,0xf8,0x00,0x00,0xf8,0x00,0x00,0x00,0x00,0x00,0x00,0x00,0x00,
  0x00,0x00,0x00,0x00,0x00,0x00,0x00,0x00,0x00,0x00,0x00,0x00,0x00,0x00,0x00,0x00,0x00,0x00,0x00,0x00,0x00,0x00,0x00,0x00,
  0x00,0x00,0x00,0x00,0x00,0x00,0x00,0x00,0x00,0x00,0x00,0x00,0x00,0x00,0x00,0x00,0x00,0x00,0x00,0x00,0x00,0x00,0x00,0x00,
  0x00,0x00,0x00,0x00,0x00,0x00,0x00,0x00,0x00,0x00,0x00,0x00,0x00,0x00,0x00,0x00,0x00,0x00,0x00,0x00,0x00,0x00,0x00,0x00,
  0x00,0x00,0x00,0x00,0x00,0x00,0x00,0x00,0x00,0x00,0x00,0x00,0x00,0x00,0x00,0x00,0x00,0x00,0x00,0x00,0x00,0x00,0x00,0x00,
  0x00,0x00,0x00,0x00,0x00,0x00,0x00,0x00,0x00,0x00,0x00,0x00,0x00,0x00,0x00,0x00,0x00,0x00,0x00,0x00,0x00,0x00,0x00,0x00,
  0x00,0x00,0x00,0x00,0x00,0x00,0x00,0x00,0x00,0x00,0x00,0x00,0x00,0x00,0x00,0x00,0x00,0x00,0x00,0x00,0x00,0x00,0x00,0x00,
  0x00,0x00,0x00,0x00,0x00,0x00,0x00,0x00,0x00,0x00,0x00,0x00,0x00,0x00,0x00,0x00,0x00,0x00,0x00,0x00,0x00,0x00,0x00,0x00,
  0x00,0x00,0x00,0x00,0x00,0x00,0x00,0x00,0x00,0x00,0x00,0x00,0x00,0x00,0x00,0x00,0x00,0x00,0x00,0x00,0x00,0x00,0x00,0x00,
  0x00,0x00,0x00,0x00,0x00,0x00,0x00,0x00,0x00,0x00,0x00,0x00,0x00,0x00,0x00,0x00,0x00,0x00,0x00,0x00,0x00,0x1f,0xf0,0x00,
  0x00,0xff,0xfe,0x00,0x01,0xff,0xff,0x80,0x03,0xff,0xff,0xc0,0x07,0xff,0xff,0xc0,0x0f,0xff,0xff,0xe0,0x0f,0xf0,0x3f,0xe0,
  0x1f,0xe0,0x1f,0xe0,0x1f,0xc0,0x0f,0xe0,0x01,0xc0,0x0f,0xe0,0x00,0x00,0x0f,0xe0,0x00,0x00,0x1f,0xe0,0x00,0x01,0xff,0xe0,
  0x00,0x3f,0xff,0xe0,0x01,0xff,0xff,0xe0,0x07,0xff,0xff,0xe0,0x0f,0xff,0xff,0xe0,0x1f,0xff,0x8f,0xe0,0x1f,0xf8,0x0f,0xe0,
  0x3f,0xe0,0x0f,0xe0,0x3f,0xc0,0x0f,0xe0,0x3f,0xc0,0x0f,0xe0,0x3f,0xc0,0x1f,0xe0,0x3f,0xc0,0x3f,0xe0,0x3f,0xf0,0x7f,0xe0,
  0x1f,0xff,0xff,0xf0,0x1f,0xff,0xff,0xf0,0x0f,0xff,0xf7,0xf0,0x07,0xff,0xc7,0xf0,0x03,0xff,0x87,0xf8,0x00,0xfc,0x00,0x00,
  0x00,0x00,0x00,0x00,0x00,0x00,0x00,0x00,0x00,0x00,0x00,0x00,0x00,0x00,0x00,0x00,0x00,0x00,0x00,0x00,0x00,0x00,0x00,0x00,
  0x00,0x00,0x00,0x00,0x00,0x00,0x00,0x00,0x00,0x00,0x00,0x00,0x00,0x00,0x00,0x00,0x00,0x00,0x00,0x00,0x00,0x00,0x00,0x00,
  0x00,0x00,0x00,0x00,0x00,0x00,0x00,0x00,0x00,0x00,0x00,0x00,0x00,0x00,0x00,0x00,0x00,0x00,0x00,0x00,0x00,0x00,0x00,0x00,
  0x00,0x00,0x00,0x00,0x00,0x00,0x00,0x00,0x00,0x00,0x00,0x00,0x00,0x00,0x00,0x00,0x00,0x00,0x00,0x00,0x00,0x00,0x00,0x00,
  0x00,0x00,0x00,0x00,0x00,0x00,0x00,0x0f,0xe0,0x00,0x00,0x00,0x0f,0xe0,0x00,0x00,0x00,0x0f,0xe0,0x00,0x00,0x00,0x0f,0xe0,
  0x00,0x00,0x00,0x0f,0xe0,0x00,0x00,0x00,0x0f,0xe0,0x00,0x00,0x00,0x0f,0xe0,0x00,0x00,0x00,0x0f,0xe0,0x00,0x00,0x00,0x0f,
  0xe0,0x00,0x00,0x00,0x0f,0xe0,0x00,0x00,0x00,0x0f,0xe0,0x7e,0x00,0x00,0x0f,0xe1,0xff,0xc0,0x00,0x0f,0xe7,0xff,0xe0,0x00,
  0x0f,0xff,0xff,0xf0,0x00,0x0f,0xff,0xff,0xf8,0x00,0x0f,0xff,0xff,0xfc,0x00,0x0f,0xfe,0x0f,0xfc,0x00,0x0f,0xfc,0x03,0xfe,
  0x00,0x0f,0xf8,0x01,0xfe,0x00,0x0f,0xf0,0x01,0xfe,0x00,0x0f,0xf0,0x00,0xff,0x00,0x0f,0xf0,0x00,0xff,0x00,0x0f,0xe0,0x00,
  0xff,0x00,0x0f,0xe0,0x00,0xff,0x00,0x0f,0xe0,0x00,0x7f,0x00,0x0f,0xe0,0x00,0x7f,0x00,0x0f,0xe0,0x00,0x7f,0x00,0x0f,0xe0,
  0x00,0xff,0x00,0x0f,0xe0,0x00,0xff,0x00,0x0f,0xf0,0x00,0xff,0x00,0x0f,0xf0,0x00,0xff,0x00,0x0f,0xf0,0x01,0xfe,0x00,0x0f,
  0xf8,0x01,0xfe,0x00,0x0f,0xfc,0x03,0xfe,0x00,0x0f,0xff,0x07,0xfc,0x00,0x0f,0xff,0xff,0xfc,0x00,0x0f,0xff,0xff,0xf8,0x00,
  0x0f,0xef,0xff,0xf0,0x00,0x0f,0xe3,0xff,0xe0,0x00,0x0f,0xe1,0xff,0x80,0x00,0x00,0x00,0x7e,0x00,0x00,0x00,0x00,0x00,0x00,
  0x00,0x00,0x00,0x00,0x00,0x00,0x00,0x00,0x00,0x00,0x00,0x00,0x00,0x00,0x00,0x00,0x00,0x00,0x00,0x00,0x00,0x00,0x00,0x00,
  0x00,0x00,0x00,0x00,0x00,0x00,0x00,0x00,0x00,0x00,0x00,0x00,0x00,0x00,0x00,0x00,0x00,0x00,0x00,0x00,0x00,0x00,0x00,0x00,
  0x00,0x00,0x00,0x00,0x00,0x00,0x00,0x00,0x00,0x00,0x00,0x00,0x00,0x00,0x00,0x00,0x00,0x00,0x00,0x00,0x00,0x00,0x00,0x00,
  0x00,0x00,0x00,0x00,0x00,0x00,0x00,0x00,0x00,0x00,0x00,0x00,0x00,0x00,0x00,0x00,0x00,0x00,0x00,0x00,0x00,0x00,0x00,0x00,
  0x00,0x00,0x00,0x00,0x00,0x00,0x00,0x00,0x00,0x00,0x00,0x00,0x00,0x00,0x00,0x00,0x00,0x00,0x00,0x00,0x00,0x00,0x00,0x00,
  0x00,0x00,0x00,0x00,0x00,0x00,0x00,0x00,0x00,0x00,0x00,0x00,0x00,0x00,0x00,0x00,0x00,0x00,0x00,0x00,0x00,0x07,0xf0,0x00,
  0x00,0x3f,0xfe,0x00,0x00,0xff,0xff,0x80,0x01,0xff,0xff,0xc0,0x03,0xff,0xff,0xe0,0x07,0xff,0xff,0xe0,0x0f,0xfc,0x1f,0xf0,
  0x0f,0xf0,0x0f,0xf0,0x0f,0xe0,0x07,0xf8,0x1f,0xe0,0x07,0xf8,0x1f,0xe0,0x03,0x80,0x1f,0xc0,0x00,0x00,0x1f,0xc0,0x00,0x00,
  0x1f,0xc0,0x00,0x00,0x3f,0xc0,0x00,0x00,0x3f,0xc0,0x00,0x00,0x3f,0xc0,0x00,0x00,0x1f,0xc0,0x00,0x00,0x1f,0xc0,0x00,0x00,
  0x1f,0xc0,0x03,0x80,0x1f,0xe0,0x03,0xf8,0x1f,0xe0,0x03,0xf8,0x0f,0xf0,0x07,0xf8,0x0f,0xf0,0x0f,0xf8,0x0f,0xfc,0x1f,0xf0,
  0x07,0xff,0xff,0xe0,0x03,0xff,0xff,0xe0,0x01,0xff,0xff,0xc0,0x00,0xff,0xff,0x80,0x00,0x3f,0xfe,0x00,0x00,0x07,0xf0,0x00,
  0x00,0x00,0x00,0x00,0x00,0x00,0x00,0x00,0x00,0x00,0x00,0x00,0x00,0x00,0x00,0x00,0x00,0x00,0x00,0x00,0x00,0x00,0x00,0x00,
  0x00,0x00,0x00,0x00,0x00,0x00,0x00,0x00,0x00,0x00,0x00,0x00,0x00,0x00,0x00,0x00,0x00,0x00,0x00,0x00,0x00,0x00,0x00,0x00,
  0x00,0x00,0x00,0x00,0x00,0x00,0x00,0x00,0x00,0x00,0x00,0x00,0x00,0x00,0x00,0x00,0x00,0x00,0x00,0x00,0x00,0x00,0x00,0x00,
  0x00,0x00,0x00,0x00,0x00,0x00,0x00,0x00,0x00,0x00,0x00,0x00,0x00,0x00,0x00,0x00,0x00,0x00,0x00,0x00,0x00,0x00,0x00,0x00,
  0x00,0x00,0x00,0x00,0x00,0x00,0x00,0x00,0x00,0x01,0xfe,0x00,0x00,0x00,0x01,0xfe,0x00,0x00,0x00,0x01,0xfe,0x00,0x00,0x00,
  0x01,0xfe,0x00,0x00,0x00,0x01,0xfe,0x00,0x00,0x00,0x01,0xfe,0x00,0x00,0x00,0x01,0xfe,0x00,0x00,0x00,0x01,0xfe,0x00,0x00,
  0x00,0x01,0xfe,0x00,0x00,0x00,0x01,0xfe,0x00,0x00,0x1f,0x81,0xfe,0x00,0x00,0x7f,0xf1,0xfe,0x00,0x01,0xff,0xf9,0xfe,0x00,
  0x03,0xff,0xff,0xfe,0x00,0x07,0xff,0xff,0xfe,0x00,0x07,0xff,0xff,0xfe,0x00,0x0f,0xfc,0x1f,0xfe,0x00,0x0f,0xf8,0x0f,0xfe,
  0x00,0x1f,0xf0,0x07,0xfe,0x00,0x1f,0xe0,0x03,0xfe,0x00,0x1f,0xe0,0x03,0xfe,0x00,0x1f,0xc0,0x01,0xfe,0x00,0x1f,0xc0,0x01,
  0xfe,0x00,0x3f,0xc0,0x01,0xfe,0x00,0x3f,0xc0,0x01,0xfe,0x00,0x3f,0xc0,0x01,0xfe,0x00,0x3f,0xc0,0x01,0xfe,0x00,0x1f,0xc0,
  0x01,0xfe,0x00,0x1f,0xc0,0x01,0xfe,0x00,0x1f,0xc0,0x01,0xfe,0x00,0x1f,0xe0,0x03,0xfe,0x00,0x1f,0xe0,0x03,0xfe,0x00,0x1f,
  0xf0,0x07,0xfe,0x00,0x0f,0xf8,0x0f,0xfe,0x00,0x0f,0xfc,0x1f,0xfe,0x00,0x07,0xff,0xff,0xfe,0x00,0x03,0xff,0xfe,0xfe,0x00,
  0x03,0xff,0xfc,0xfe,0x00,0x00,0xff,0xf8,0xfe,0x00,0x00,0x7f,0xe0,0xfe,0x00,0x00,0x1f,0x80,0x00,0x00,0x00,0x00,0x00,0x00,
  0x00,0x00,0x00,0x00,0x00,0x00,0x00,0x00,0x00,0x00,0x00,0x00,0x00,0x00,0x00,0x00,0x00,0x00,0x00,0x00,0x00,0x00,0x00,0x00,
  0x00,0x00,0x00,0x00,0x00,0x00,0x00,0x00,0x00,0x00,0x00,0x00,0x00,0x00,0x00,0x00,0x00,0x00,0x00,0x00,0x00,0x00,0x00,0x00,
  0x00,0x00,0x00,0x00,0x00,0x00,0x00,0x00,0x00,0x00,0x00,0x00,0x00,0x00,0x00,0x00,0x00,0x00,0x00,0x00,0x00,0x00,0x00,0x00,
  0x00,0x00,0x00,0x00,0x00,0x00,0x00,0x00,0x00,0x00,0x00,0x00,0x00,0x00,0x00,0x00,0x00,0x00,0x00,0x00,0x00,0x00,0x00,0x00,
  0x00,0x00,0x00,0x00,0x00,0x00,0x00,0x00,0x00,0x00,0x00,0x00,0x00,0x00,0x00,0x00,0x00,0x00,0x00,0x00,0x00,0x00,0x00,0x00,
  0x00,0x00,0x00,0x00,0x00,0x00,0x00,0x00,0x00,0x00,0x00,0x00,0x00,0x00,0x00,0x00,0x00,0x00,0x00,0x00,0x00,0x0f,0xe0,0x00,
  0x00,0x7f,0xfc,0x00,0x00,0xff,0xfe,0x00,0x03,0xff,0xff,0x00,0x07,0xff,0xff,0x80,0x07,0xff,0xff,0xc0,0x0f,0xf8,0x3f,0xe0,
  0x1f,0xf0,0x1f,0xe0,0x1f,0xe0,0x0f,0xf0,0x1f,0xc0,0x07,0xf0,0x3f,0xc0,0x07,0xf0,0x3f,0xc0,0x07,0xf0,0x3f,0xc0,0x07,0xf0,
  0x3f,0xff,0xff,0xf8,0x3f,0xff,0xff,0xf8,0x3f,0xff,0xff,0xf8,0x3f,0xff,0xff,0xf8,0x3f,0xff,0xff,0xf8,0x3f,0x80,0x00,0x00,
  0x3f,0xc0,0x00,0x00,0x3f,0xc0,0x00,0x00,0x1f,0xc0,0x0f,0x00,0x1f,0xe0,0x0f,0xf0,0x1f,0xf0,0x1f,0xf0,0x0f,0xf8,0x3f,0xe0,
  0x0f,0xff,0xff,0xe0,0x07,0xff,0xff,0xc0,0x03,0xff,0xff,0x80,0x01,0xff,0xff,0x00,0x00,0x7f,0xfc,0x00,0x00,0x0f,0xe0,0x00,
  0x00,0x00,0x00,0x00,0x00,0x00,0x00,0x00,0x00,0x00,0x00,0x00,0x00,0x00,0x00,0x00,0x00,0x00,0x00,0x00,0x00,0x00,0x00,0x00,
  0x00,0x00,0x00,0x00,0x00,0x00,0x00,0x00,0x00,0x00,0x00,0x00,0x00,0x00,0x00,0x00,0x00,0x00,0x00,0x00,0x00,0x00,0x00,0x00,
  0x00,0x00,0x00,0x00,0x00,0x00,0x00,0x00,0x00,0x00,0x00,0x00,0x00,0x00,0x00,0x00,0x00,0x00,0x00,0x00,0x00,0x00,0x00,0x00,
  0x00,0x00,0x00,0x00,0x00,0x00,0x00,0x3f,0xc0,0x00,0xff,0xf0,0x01,0xff,0xf0,0x03,0xff,0xf0,0x03,0xff,0xf0,0x07,0xff,0xe0,
  0x07,0xfc,0x00,0x07,0xf8,0x00,0x07,0xf8,0x00,0x07,0xf8,0x00,0x07,0xf8,0x00,0x07,0xf8,0x00,0x7f,0xff,0xc0,0x7f,0xff,0xc0,
  0x7f,0xff,0xc0,0x7f,0xff,0xc0,0x7f,0xff,0xc0,0x7f,0xff,0xc0,0x07,0xf8,0x00,0x07,0xf8,0x00,0x07,0xf8,0x00,0x07,0xf8,0x00,
  0x07,0xf8,0x00,0x07,0xf8,0x00,0x07,0xf8,0x00,0x07,0xf8,0x00,0x07,0xf8,0x00,0x07,0xf8,0x00,0x07,0xf8,0x00,0x07,0xf8,0x00,
  0x07,0xf8,0x00,0x07,0xf8,0x00,0x07,0xf8,0x00,0x07,0xf8,0x00,0x07,0xf8,0x00,0x07,0xf8,0x00,0x07,0xf8,0x00,0x07,0xf8,0x00,
  0x07,0xf8,0x00,0x07,0xf8,0x00,0x07,0xf8,0x00,0x00,0x00,0x00,0x00,0x00,0x00,0x00,0x00,0x00,0x00,0x00,0x00,0x00,0x00,0x00,
  0x00,0x00,0x00,0x00,0x00,0x00,0x00,0x00,0x00,0x00,0x00,0x00,0x00,0x00,0x00,0x00,0x00,0x00,0x00,0x00,0x00,0x00,0x00,0x00,
  0x00,0x00,0x00,0x00,0x00,0x00,0x00,0x00,0x00,0x00,0x00,0x00,0x00,0x00,0x00,0x00,0x00,0x00,0x00,0x00,0x00,0x00,0x00,0x00,
  0x00,0x00,0x00,0x00,0x00,0x00,0x00,0x00,0x00,0x00,0x00,0x00,0x00,0x00,0x00,0x00,0x00,0x00,0x00,0x00,0x00,0x00,0x00,0x00,
  0x00,0x00,0x00,0x00,0x00,0x00,0x00,0x00,0x00,0x00,0x00,0x00,0x00,0x00,0x00,0x00,0x00,0x00,0x00,0x00,0x00,0x00,0x00,0x00,
  0x00,0x00,0x00,0x00,0x00,0x00,0x00,0x00,0x00,0x00,0x00,0x00,0x00,0x00,0x00,0x00,0x00,0x00,0x00,0x00,0x00,0x00,0x00,0x00,
  0x00,0x00,0x00,0x00,0x00,0x00,0x00,0x00,0x00,0x00,0x1f,0xc0,0x00,0x00,0x00,0x7f,0xf0,0xfe,0x00,0x01,0xff,0xf8,0xfe,0x00,
  0x03,0xff,0xfc,0xfe,0x00,0x07,0xff,0xff,0xfe,0x00,0x07,0xff,0xff,0xfe,0x00,0x0f,0xfc,0x1f,0xfe,0x00,0x0f,0xf8,0x0f,0xfe,
  0x00,0x1f,0xf0,0x07,0xfe,0x00,0x1f,0xe0,0x03,0xfe,0x00,0x1f,0xe0,0x03,0xfe,0x00,0x1f,0xc0,0x01,0xfe,0x00,0x1f,0xc0,0x01,
  0xfe,0x00,0x3f,0xc0,0x01,0xfe,0x00,0x3f,0xc0,0x01,0xfe,0x00,0x3f,0xc0,0x01,0xfe,0x00,0x3f,0xc0,0x01,0xfe,0x00,0x1f,0xc0,
  0x01,0xfe,0x00,0x1f,0xc0,0x01,0xfe,0x00,0x1f,0xe0,0x03,0xfe,0x00,0x1f,0xe0,0x03,0xfe,0x00,0x1f,0xf0,0x07,0xfe,0x00,0x0f,
  0xf8,0x0f,0xfe,0x00,0x0f,0xfc,0x1f,0xfe,0x00,0x07,0xff,0xff,0xfe,0x00,0x07,0xff,0xff,0xfe,0x00,0x03,0xff,0xfd,0xfe,0x00,
  0x01,0xff,0xf9,0xfc,0x00,0x00,0x7f,0xf1,0xfc,0x00,0x00,0x1f,0x81,0xfc,0x00,0x00,0x00,0x01,0xfc,0x00,0x00,0x00,0x01,0xfc,
  0x00,0x1e,0x00,0x01,0xfc,0x00,0x1f,0xf0,0x03,0xfc,0x00,0x0f,0xf8,0x03,0xfc,0x00,0x0f,0xfc,0x0f,0xf8,0x00,0x0f,0xff,0xff,
  0xf8,0x00,0x07,0xff,0xff,0xf0,0x00,0x07,0xff,0xff,0xf0,0x00,0x01,0xff,0xff,0xe0,0x00,0x00,0xff,0xff,0x80,0x00,0x00,0x0f,
  0xfc,0x00,0x00,0x00,0x00,0x00,0x00,0x00,0x00,0x00,0x00,0x00,0x00,0x00,0x00,0x00,0x00,0x00,0x00,0x00,0x00,0x00,0x00,0x00,
  0x00,0x00,0x00,0x00,0x00,0x00,0x00,0x00,0x00,0x00,0x00,0x00,0x00,0x00,0x00,0x00,0x00,0x00,0x00,0x00,0x00,0x00,0x00,0x00,
  0x00,0x00,0x00,0x00,0x00,0x00,0x00,0x00,0x00,0x00,0x00,0x00,0x00,0x00,0x00,0x0f,0xf0,0x00,0x00,0x00,0x0f,0xf0,0x00,0x00,
  0x00,0x0f,0xf0,0x00,0x00,0x00,0x0f,0xf0,0x00,0x00,0x00,0x0f,0xf0,0x00,0x00,0x00,0x0f,0xf0,0x00,0x00,0x00,0x0f,0xf0,0x00,
  0x00,0x00,0x0f,0xf0,0x00,0x00,0x00,0x0f,0xf0,0x00,0x00,0x00,0x0f,0xf0,0x00,0x00,0x00,0x0f,0xf0,0x3f,0x00,0x00,0x0f,0xf1,
  0xff,0xc0,0x00,0x0f,0xf3,0xff,0xf0,0x00,0x0f,0xf7,0xff,0xf0,0x00,0x0f,0xff,0xff,0xf8,0x00,0x0f,0xff,0xff,0xfc,0x00,0x0f,
  0xfe,0x0f,0xfc,0x00,0x0f,0xfc,0x03,0xfc,0x00,0x0f,0xf8,0x03,0xfc,0x00,0x0f,0xf0,0x01,0xfc,0x00,0x0f,0xf0,0x01,0xfc,0x00,
  0x0f,0xf0,0x01,0xfc,0x00,0x0f,0xf0,0x01,0xfc,0x00,0x0f,0xf0,0x01,0xfc,0x00,0x0f,0xf0,0x01,0xfc,0x00,0x0f,0xf0,0x01,0xfc,
  0x00,0x0f,0xf0,0x01,0xfc,0x00,0x0f,0xf0,0x01,0xfc,0x00,0x0f,0xf0,0x01,0xfc,0x00,0x0f,0xf0,0x01,0xfc,0x00,0x0f,0xf0,0x01,
  0xfc,0x00,0x0f,0xf0,0x01,0xfc,0x00,0x0f,0xf0,0x01,0xfc,0x00,0x0f,0xf0,0x01,0xfc,0x00,0x0f,0xf0,0x01,0xfc,0x00,0x0f,0xf0,
  0x01,0xfc,0x00,0x0f,0xf0,0x01,0xfc,0x00,0x0f,0xf0,0x01,0xfc,0x00,0x0f,0xf0,0x01,0xfc,0x00,0x0f,0xf0,0x01,0xfc,0x00,0x00,
  0x00,0x00,0x00,0x00,0x00,0x00,0x00,0x00,0x00,0x00,0x00,0x00,0x00,0x00,0x00,0x00,0x00,0x00,0x00,0x00,0x00,0x00,0x00,0x00,
  0x00,0x00,0x00,0x00,0x00,0x00,0x00,0x00,0x00,0x00,0x00,0x00,0x00,0x00,0x00,0x00,0x00,0x00,0x00,0x00,0x00,0x00,0x00,0x00,
  0x00,0x00,0x00,0x00,0x00,0x00,0x00,0x00,0x00,0x00,0x00,0x00,0x00,0x00,0x00,0x00,0x00,0x00,0x00,0x00,0x00,0x00,0x00,0x00,
  0x00,0x00,0x00,0x00,0x00,0x00,0x00,0x00,0x00,0x00,0x00,0x00,0x00,0x00,0x0f,0xf0,0x0f,0xf0,0x0f,0xf0,0x0f,0xf0,0x0f,0xf0,
  0x0f,0xf0,0x0f,0xf0,0x00,0x00,0x00,0x00,0x00,0x00,0x00,0x00,0x0f,0xf0,0x0f,0xf0,0x0f,0xf0,0x0f,0xf0,0x0f,0xf0,0x0f,0xf0,
  0x0f,0xf0,0x0f,0xf0,0x0f,0xf0,0x0f,0xf0,0x0f,0xf0,0x0f,0xf0,0x0f,0xf0,0x0f,0xf0,0x0f,0xf0,0x0f,0xf0,0x0f,0xf0,0x0f,0xf0,
  0x0f,0xf0,0x0f,0xf0,0x0f,0xf0,0x0f,0xf0,0x0f,0xf0,0x0f,0xf0,0x0f,0xf0,0x0f,0xf0,0x0f,0xf0,0x0f,0xf0,0x0f,0xf0,0x00,0x00,
  0x00,0x00,0x00,0x00,0x00,0x00,0x00,0x00,0x00,0x00,0x00,0x00,0x00,0x00,0x00,0x00,0x00,0x00,0x00,0x00,0x00,0x00,0x00,0x00,
  0x00,0x00,0x00,0x00,0x00,0x00,0x00,0x00,0x00,0x00,0x00,0x00,0x00,0x00,0x00,0x00,0x00,0x00,0x00,0x00,0x00,0x00,0x00,0x00,
  0x00,0x00,0x00,0x00,0x00,0x00,0x00,0x00,0x00,0x01,0xfc,0x00,0x01,0xfc,0x00,0x01,0xfc,0x00,0x01,0xfc,0x00,0x01,0xfc,0x00,
  0x01,0xfc,0x00,0x01,0xfc,0x00,0x00,0x00,0x00,0x00,0x00,0x00,0x00,0x00,0x00,0x00,0x00,0x00,0x01,0xfc,0x00,0x01,0xfc,0x00,
  0x01,0xfc,0x00,0x01,0xfc,0x00,0x01,0xfc,0x00,0x01,0xfc,0x00,0x01,0xfc,0x00,0x01,0xfc,0x00,0x01,0xfc,0x00,0x01,0xfc,0x00,
  0x01,0xfc,0x00,0x01,0xfc,0x00,0x01,0xfc,0x00,0x01,0xfc,0x00,0x01,0xfc,0x00,0x01,0xfc,0x00,0x01,0xfc,0x00,0x01,0xfc,0x00,
  0x01,0xfc,0x00,0x01,0xfc,0x00,0x01,0xfc,0x00,0x01,0xfc,0x00,0x01,0xfc,0x00,0x01,0xfc,0x00,0x01,0xfc,0x00,0x01,0xfc,0x00,
  0x01,0xfc,0x00,0x01,0xfc,0x00,0x01,0xfc,0x00,0x01,0xfc,0x00,0x01,0xfc,0x00,0x01,0xfc,0x00,0x01,0xfc,0x00,0x03,0xfc,0x00,
  0x3f,0xfc,0x00,0x3f,0xfc,0x00,0x7f,0xfc,0x00,0x7f,0xf8,0x00,0x7f,0xf0,0x00,0x7f,0xe0,0x00,0x3f,0x80,0x00,0x00,0x00,0x00,
  0x00,0x00,0x00,0x00,0x00,0x00,0x00,0x00,0x00,0x00,0x00,0x00,0x00,0x00,0x00,0x00,0x00,0x00,0x00,0x00,0x00,0x00,0x00,0x00,
  0x00,0x00,0x00,0x00,0x00,0x00,0x00,0x00,0x00,0x00,0x00,0x00,0x00,0x00,0x00,0x00,0x00,0x00,0x00,0x00,0x0f,0xe0,0x00,0x00,
  0x0f,0xe0,0x00,0x00,0x0f,0xe0,0x00,0x00,0x0f,0xe0,0x00,0x00,0x0f,0xe0,0x00,0x00,0x0f,0xe0,0x00,0x00,0x0f,0xe0,0x00,0x00,
  0x0f,0xe0,0x00,0x00,0x0f,0xe0,0x00,0x00,0x0f,0xe0,0x00,0x00,0x0f,0xe0,0x00,0x00,0x0f,0xe0,0x0f,0xfc,0x0f,0xe0,0x1f,0xf8,
  0x0f,0xe0,0x3f,0xf0,0x0f,0xe0,0x7f,0xe0,0x0f,0xe0,0x7f,0xc0,0x0f,0xe0,0xff,0x80,0x0f,0xe1,0xff,0x00,0x0f,0xe3,0xfe,0x00,
  0x0f,0xe7,0xfc,0x00,0x0f,0xef,0xf8,0x00,0x0f,0xff,0xf0,0x00,0x0f,0xff,0xf0,0x00,0x0f,0xff,0xf8,0x00,0x0f,0xff,0xfc,0x00,
  0x0f,0xff,0xfc,0x00,0x0f,0xff,0xfe,0x00,0x0f,0xff,0xfe,0x00,0x0f,0xfc,0xff,0x00,0x0f,0xf8,0x7f,0x00,0x0f,0xf0,0x7f,0x80,
  0x0f,0xe0,0x3f,0xc0,0x0f,0xe0,0x3f,0xc0,0x0f,0xe0,0x1f,0xe0,0x0f,0xe0,0x1f,0xe0,0x0f,0xe0,0x0f,0xf0,0x0f,0xe0,0x0f,0xf0,
  0x0f,0xe0,0x07,0xf8,0x0f,0xe0,0x03,0xfc,0x0f,0xe0,0x03,0xfc,0x00,0x00,0x00,0x00,0x00,0x00,0x00,0x00,0x00,0x00,0x00,0x00,
  0x00,0x00,0x00,0x00,0x00,0x00,0x00,0x00,0x00,0x00,0x00,0x00,0x00,0x00,0x00,0x00,0x00,0x00,0x00,0x00,0x00,0x00,0x00,0x00,
  0x00,0x00,0x00,0x00,0x00,0x00,0x00,0x00,0x00,0x00,0x00,0x00,0x00,0x00,0x00,0x00,0x00,0x00,0x00,0x00,0x00,0x00,0x00,0x00,
  0x00,0x00,0x00,0x00,0x00,0x00,0x00,0x00,0x00,0x00,0x00,0x00,0x00,0x00,0x0f,0xf0,0x0f,0xf0,0x0f,0xf0,0x0f,0xf0,0x0f,0xf0,
  0x0f,0xf0,0x0f,0xf0,0x0f,0xf0,0x0f,0xf0,0x0f,0xf0,0x0f,0xf0,0x0f,0xf0,0x0f,0xf0,0x0f,0xf0,0x0f,0xf0,0x0f,0xf0,0x0f,0xf0,
  0x0f,0xf0,0x0f,0xf0,0x0f,0xf0,0x0f,0xf0,0x0f,0xf0,0x0f,0xf0,0x0f,0xf0,0x0f,0xf0,0x0f,0xf0,0x0f,0xf0,0x0f,0xf0,0x0f,0xf0,
  0x0f,0xf0,0x0f,0xf0,0x0f,0xf0,0x0f,0xf0,0x0f,0xf0,0x0f,0xf0,0x0f,0xf0,0x0f,0xf0,0x0f,0xf0,0x0f,0xf0,0x0f,0xf0,0x00,0x00,
  0x00,0x00,0x00,0x00,0x00,0x00,0x00,0x00,0x00,0x00,0x00,0x00,0x00,0x00,0x00,0x00,0x00,0x00,0x00,0x00,0x00,0x00,0x00,0x00,
  0x00,0x00,0x00,0x00,0x00,0x00,0x00,0x00,0x00,0x00,0x00,0x00,0x00,0x00,0x00,0x00,0x00,0x00,0x00,0x00,0x00,0x00,0x00,0x00,
  0x00,0x00,0x00,0x00,0x00,0x00,0x00,0x00,0x00,0x00,0x00,0x00,0x00,0x00,0x00,0x00,0x00,0x00,0x00,0x00,0x00,0x00,0x00,0x00,
  0x00,0x00,0x00,0x00,0x00,0x00,0x00,0x00,0x00,0x00,0x00,0x00,0x00,0x00,0x00,0x00,0x00,0x00,0x00,0x00,0x00,0x00,0x00,0x00,
  0x00,0x00,0x00,0x00,0x00,0x00,0x00,0x00,0x00,0x00,0x00,0x00,0x00,0x00,0x00,0x00,0x00,0x00,0x00,0x00,0x00,0x00,0x00,0x00,
  0x00,0x00,0x00,0x00,0x00,0x00,0x00,0x00,0x00,0x00,0x00,0x00,0x00,0x00,0x00,0x00,0x00,0x00,0x00,0x00,0x00,0x00,0x00,0x00,
  0x00,0x00,0x00,0x00,0x00,0x00,0x00,0x00,0x00,0x00,0x00,0x00,0x00,0x00,0x00,0x00,0x00,0x00,0x00,0x00,0x00,0x00,0x00,0x00,
  0x00,0x00,0x00,0x00,0x00,0x7e,0x00,0x3f,0x00,0x00,0x0f,0xc3,0xff,0x80,0xff,0xc0,0x00,0x0f,0xc7,0xff,0xc3,0xff,0xf0,0x00,
  0x0f,0xcf,0xff,0xe7,0xff,0xf0,0x00,0x0f,0xff,0xff,0xff,0xff,0xf8,0x00,0x0f,0xff,0xff,0xff,0xff,0xf8,0x00,0x0f,0xfe,0x1f,
  0xff,0x07,0xfc,0x00,0x0f,0xf8,0x0f,0xfe,0x03,0xfc,0x00,0x0f,0xf0,0x07,0xfc,0x03,0xfc,0x00,0x0f,0xf0,0x07,0xf8,0x03,0xfc,
  0x00,0x0f,0xf0,0x07,0xf8,0x03,0xfc,0x00,0x0f,0xe0,0x07,0xf8,0x01,0xfc,0x00,0x0f,0xe0,0x07,0xf8,0x01,0xfc,0x00,0x0f,0xe0,
  0x07,0xf8,0x01,0xfc,0x00,0x0f,0xe0,0x07,0xf8,0x01,0xfc,0x00,0x0f,0xe0,0x07,0xf8,0x01,0xfc,0x00,0x0f,0xe0,0x07,0xf8,0x01,
  0xfc,0x00,0x0f,0xe0,0x07,0xf8,0x01,0xfc,0x00,0x0f,0xe0,0x07,0xf8,0x01,0xfc,0x00,0x0f,0xe0,0x07,0xf8,0x01,0xfc,0x00,0x0f,
  0xe0,0x07,0xf8,0x01,0xfc,0x00,0x0f,0xe0,0x07,0xf8,0x01,0xfc,0x00,0x0f,0xe0,0x07,0xf8,0x01,0xfc,0x00,0x0f,0xe0,0x07,0xf8,
  0x01,0xfc,0x00,0x0f,0xe0,0x07,0xf8,0x01,0xfc,0x00,0x0f,0xe0,0x07,0xf8,0x01,0xfc,0x00,0x0f,0xe0,0x07,0xf8,0x01,0xfc,0x00,
  0x0f,0xe0,0x07,0xf8,0x01,0xfc,0x00,0x0f,0xe0,0x07,0xf8,0x01,0xfc,0x00,0x0f,0xe0,0x07,0xf8,0x01,0xfc,0x00,0x00,0x00,0x00,
  0x00,0x00,0x00,0x00,0x00,0x00,0x00,0x00,0x00,0x00,0x00,0x00,0x00,0x00,0x00,0x00,0x00,0x00,0x00,0x00,0x00,0x00,0x00,0x00,
  0x00,0x00,0x00,0x00,0x00,0x00,0x00,0x00,0x00,0x00,0x00,0x00,0x00,0x00,0x00,0x00,0x00,0x00,0x00,0x00,0x00,0x00,0x00,0x00,
  0x00,0x00,0x00,0x00,0x00,0x00,0x00,0x00,0x00,0x00,0x00,0x00,0x00,0x00,0x00,0x00,0x00,0x00,0x00,0x00,0x00,0x00,0x00,0x00,
  0x00,0x00,0x00,0x00,0x00,0x00,0x00,0x00,0x00,0x00,0x00,0x00,0x00,0x00,0x00,0x00,0x00,0x00,0x00,0x00,0x00,0x00,0x00,0x00,
  0x00,0x00,0x00,0x00,0x00,0x00,0x00,0x00,0x00,0x00,0x00,0x00,0x00,0x00,0x00,0x00,0x00,0x00,0x00,0x00,0x00,0x00,0x00,0x00,
  0x00,0x00,0x00,0x00,0x00,0x00,0x00,0x00,0x00,0x00,0x00,0x00,0x00,0x00,0x00,0x00,0x00,0x00,0x00,0x00,0x00,0x00,0x00,0x00,
  0x00,0x00,0x00,0x00,0x00,0x00,0x00,0x00,0x00,0x00,0x00,0x00,0x00,0x00,0x00,0x00,0x00,0x00,0x00,0x00,0x00,0x00,0x00,0x00,
  0x00,0x00,0x00,0x00,0x00,0x00,0x00,0x00,0x00,0x00,0x00,0x00,0x00,0x00,0x00,0x00,0x00,0x00,0x00,0x00,0x00,0x00,0x00,0x00,
  0x00,0x00,0x00,0x3f,0x00,0x00,0x0f,0xe1,0xff,0xc0,0x00,0x0f,0xe3,0xff,0xf0,0x00,0x0f,0xe7,0xff,0xf8,0x00,0x0f,0xef,0xff,
  0xf8,0x00,0x0f,0xff,0xff,0xfc,0x00,0x0f,0xfe,0x0f,0xfc,0x00,0x0f,0xfc,0x07,0xfc,0x00,0x0f,0xf8,0x03,0xfc,0x00,0x0f,0xf0,
  0x03,0xfc,0x00,0x0f,0xf0,0x01,0xfc,0x00,0x0f,0xf0,0x01,0xfc,0x00,0x0f,0xf0,0x01,0xfc,0x00,0x0f,0xf0,0x01,0xfc,0x00,0x0f,
  0xf0,0x01,0xfc,0x00,0x0f,0xf0,0x01,0xfc,0x00,0x0f,0xf0,0x01,0xfc,0x00,0x0f,0xf0,0x01,0xfc,0x00,0x0f,0xf0,0x01,0xfc,0x00,
  0x0f,0xf0,0x01,0xfc,0x00,0x0f,0xf0,0x01,0xfc,0x00,0x0f,0xf0,0x01,0xfc,0x00,0x0f,0xf0,0x01,0xfc,0x00,0x0f,0xf0,0x01,0xfc,
  0x00,0x0f,0xf0,0x01,0xfc,0x00,0x0f,0xf0,0x01,0xfc,0x00,0x0f,0xf0,0x01,0xfc,0x00,0x0f,0xf0,0x01,0xfc,0x00,0x0f,0xf0,0x01,
  0xfc,0x00,0x0f,0xf0,0x01,0xfc,0x00,0x00,0x00,0x00,0x00,0x00,0x00,0x00,0x00,0x00,0x00,0x00,0x00,0x00,0x00,0x00,0x00,0x00,
  0x00,0x00,0x00,0x00,0x00,0x00,0x00,0x00,0x00,0x00,0x00,0x00,0x00,0x00,0x00,0x00,0x00,0x00,0x00,0x00,0x00,0x00,0x00,0x00,
  0x00,0x00,0x00,0x00,0x00,0x00,0x00,0x00,0x00,0x00,0x00,0x00,0x00,0x00,0x00,0x00,0x00,0x00,0x00,0x00,0x00,0x00,0x00,0x00,
  0x00,0x00,0x00,0x00,0x00,0x00,0x00,0x00,0x00,0x00,0x00,0x00,0x00,0x00,0x00,0x00,0x00,0x00,0x00,0x00,0x00,0x00,0x00,0x00,
  0x00,0x00,0x00,0x00,0x00,0x00,0x00,0x00,0x00,0x00,0x00,0x00,0x00,0x00,0x00,0x00,0x00,0x00,0x00,0x00,0x00,0x00,0x00,0x00,
  0x00,0x00,0x00,0x00,0x00,0x00,0x00,0x00,0x00,0x00,0x00,0x00,0x00,0x00,0x00,0x00,0x00,0x00,0x00,0x00,0x00,0x00,0x00,0x00,
  0x00,0x00,0x00,0x00,0x00,0x00,0x00,0x00,0x00,0x00,0x00,0x00,0x00,0x00,0x00,0x00,0x00,0x00,0x00,0x00,0x00,0x00,0x00,0x00,
  0x00,0x00,0x00,0x00,0x00,0x00,0x00,0x00,0x00,0x00,0x07,0xf8,0x00,0x00,0x00,0x3f,0xff,0x00,0x00,0x00,0x7f,0xff,0xc0,0x00,
  0x01,0xff,0xff,0xe0,0x00,0x03,0xff,0xff,0xf0,0x00,0x07,0xff,0xff,0xf8,0x00,0x07,0xfe,0x0f,0xfc,0x00,0x0f,0xf8,0x07,0xfc,
  0x00,0x0f,0xf0,0x03,0xfe,0x00,0x1f,0xe0,0x01,0xfe,0x00,0x1f,0xe0,0x00,0xfe,0x00,0x1f,0xc0,0x00,0xff,0x00,0x1f,0xc0,0x00,
  0xff,0x00,0x3f,0xc0,0x00,0xff,0x00,0x3f,0xc0,0x00,0x7f,0x00,0x3f,0xc0,0x00,0x7f,0x00,0x3f,0xc0,0x00,0x7f,0x00,0x3f,0xc0,
  0x00,0xff,0x00,0x1f,0xc0,0x00,0xff,0x00,0x1f,0xc0,0x00,0xff,0x00,0x1f,0xe0,0x00,0xfe,0x00,0x1f,0xe0,0x01,0xfe,0x00,0x0f,
  0xf0,0x03,0xfe,0x00,0x0f,0xf8,0x07,0xfc,0x00,0x07,0xfe,0x0f,0xf8,0x00,0x07,0xff,0xff,0xf8,0x00,0x03,0xff,0xff,0xf0,0x00,
  0x01,0xff,0xff,0xe0,0x00,0x00,0x7f,0xff,0x80,0x00,0x00,0x1f,0xff,0x00,0x00,0x00,0x03,0xf8,0x00,0x00,0x00,0x00,0x00,0x00,
  0x00,0x00,0x00,0x00,0x00,0x00,0x00,0x00,0x00,0x00,0x00,0x00,0x00,0x00,0x00,0x00,0x00,0x00,0x00,0x00,0x00,0x00,0x00,0x00,
  0x00,0x00,0x00,0x00,0x00,0x00,0x00,0x00,0x00,0x00,0x00,0x00,0x00,0x00,0x00,0x00,0x00,0x00,0x00,0x00,0x00,0x00,0x00,0x00,
  0x00,0x00,0x00,0x00,0x00,0x00,0x00,0x00,0x00,0x00,0x00,0x00,0x00,0x00,0x00,0x00,0x00,0x00,0x00,0x00,0x00,0x00,0x00,0x00,
  0x00,0x00,0x00,0x00,0x00,0x00,0x00,0x00,0x00,0x00,0x00,0x00,0x00,0x00,0x00,0x00,0x00,0x00,0x00,0x00,0x00,0x00,0x00,0x00,
  0x00,0x00,0x00,0x00,0x00,0x00,0x00,0x00,0x00,0x00,0x00,0x00,0x00,0x00,0x00,0x00,0x00,0x00,0x00,0x00,0x00,0x00,0x00,0x00,
  0x00,0x00,0x00,0x00,0x00,0x00,0x00,0x00,0x00,0x00,0x00,0x00,0x00,0x00,0x00,0x00,0x00,0x00,0x00,0x00,0x00,0x00,0x00,0x00,
  0x00,0x00,0x00,0x00,0x00,0x00,0x00,0x00,0x00,0x00,0x00,0x00,0x00,0x00,0x00,0x00,0x00,0x00,0x00,0x7e,0x00,0x00,0x0f,0xe1,
  0xff,0x80,0x00,0x0f,0xe3,0xff,0xe0,0x00,0x0f,0xef,0xff,0xf0,0x00,0x0f,0xef,0xff,0xf8,0x00,0x0f,0xff,0xff,0xfc,0x00,0x0f,
  0xfe,0x0f,0xfc,0x00,0x0f,0xfc,0x03,0xfe,0x00,0x0f,0xf8,0x01,0xfe,0x00,0x0f,0xf0,0x01,0xfe,0x00,0x0f,0xf0,0x00,0xff,0x00,
  0x0f,0xf0,0x00,0xff,0x00,0x0f,0xf0,0x00,0xff,0x00,0x0f,0xe0,0x00,0xff,0x00,0x0f,0xe0,0x00,0x7f,0x00,0x0f,0xe0,0x00,0x7f,
  0x00,0x0f,0xe0,0x00,0x7f,0x00,0x0f,0xe0,0x00,0xff,0x00,0x0f,0xf0,0x00,0xff,0x00,0x0f,0xf0,0x00,0xff,0x00,0x0f,0xf0,0x00,
  0xff,0x00,0x0f,0xf8,0x01,0xfe,0x00,0x0f,0xf8,0x01,0xfe,0x00,0x0f,0xfc,0x03,0xfe,0x00,0x0f,0xff,0x07,0xfc,0x00,0x0f,0xff,
  0xff,0xfc,0x00,0x0f,0xff,0xff,0xf8,0x00,0x0f,0xef,0xff,0xf0,0x00,0x0f,0xe7,0xff,0xe0,0x00,0x0f,0xe1,0xff,0x80,0x00,0x0f,
  0xe0,0x7e,0x00,0x00,0x0f,0xe0,0x00,0x00,0x00,0x0f,0xe0,0x00,0x00,0x00,0x0f,0xe0,0x00,0x00,0x00,0x0f,0xe0,0x00,0x00,0x00,
  0x0f,0xe0,0x00,0x00,0x00,0x0f,0xe0,0x00,0x00,0x00,0x0f,0xe0,0x00,0x00,0x00,0x0f,0xe0,0x00,0x00,0x00,0x0f,0xe0,0x00,0x00,
  0x00,0x0f,0xe0,0x00,0x00,0x00,0x00,0x00,0x00,0x00,0x00,0x00,0x00,0x00,0x00,0x00,0x00,0x00,0x00,0x00,0x00,0x00,0x00,0x00,
  0x00,0x00,0x00,0x00,0x00,0x00,0x00,0x00,0x00,0x00,0x00,0x00,0x00,0x00,0x00,0x00,0x00,0x00,0x00,0x00,0x00,0x00,0x00,0x00,
  0x00,0x00,0x00,0x00,0x00,0x00,0x00,0x00,0x00,0x00,0x00,0x00,0x00,0x00,0x00,0x00,0x00,0x00,0x00,0x00,0x00,0x00,0x00,0x00,
  0x00,0x00,0x00,0x00,0x00,0x00,0x00,0x00,0x00,0x00,0x00,0x00,0x00,0x00,0x00,0x00,0x00,0x00,0x00,0x00,0x00,0x00,0x00,0x00,
  0x00,0x00,0x00,0x00,0x00,0x00,0x00,0x00,0x00,0x00,0x00,0x00,0x00,0x00,0x00,0x00,0x00,0x00,0x00,0x00,0x00,0x00,0x00,0x00,
  0x00,0x00,0x0f,0xc0,0x00,0x00,0x00,0x7f,0xf0,0xfe,0x00,0x00,0xff,0xf8,0xfe,0x00,0x01,0xff,0xfc,0xfe,0x00,0x03,0xff,0xfe,
  0xfe,0x00,0x07,0xff,0xff,0xfe,0x00,0x0f,0xfc,0x1f,0xfe,0x00,0x0f,0xf8,0x07,0xfe,0x00,0x0f,0xf0,0x03,0xfe,0x00,0x1f,0xe0,
  0x03,0xfe,0x00,0x1f,0xe0,0x01,0xfe,0x00,0x1f,0xe0,0x01,0xfe,0x00,0x1f,0xc0,0x01,0xfe,0x00,0x1f,0xc0,0x01,0xfe,0x00,0x1f,
  0xc0,0x01,0xfe,0x00,0x1f,0xc0,0x01,0xfe,0x00,0x1f,0xc0,0x01,0xfe,0x00,0x1f,0xc0,0x01,0xfe,0x00,0x1f,0xc0,0x01,0xfe,0x00,
  0x1f,0xe0,0x01,0xfe,0x00,0x1f,0xe0,0x03,0xfe,0x00,0x1f,0xe0,0x03,0xfe,0x00,0x0f,0xf0,0x07,0xfe,0x00,0x0f,0xf8,0x0f,0xfe,
  0x00,0x07,0xfc,0x1f,0xfe,0x00,0x07,0xff,0xff,0xfe,0x00,0x03,0xff,0xff,0xfe,0x00,0x01,0xff,0xfd,0xfe,0x00,0x00,0xff,0xf9,
  0xfe,0x00,0x00,0x7f,0xf1,0xfe,0x00,0x00,0x1f,0x81,0xfe,0x00,0x00,0x00,0x01,0xfe,0x00,0x00,0x00,0x01,0xfe,0x00,0x00,0x00,
  0x01,0xfe,0x00,0x00,0x00,0x01,0xfe,0x00,0x00,0x00,0x01,0xfe,0x00,0x00,0x00,0x01,0xfe,0x00,0x00,0x00,0x01,0xfe,0x00,0x00,
  0x00,0x01,0xfe,0x00,0x00,0x00,0x01,0xfe,0x00,0x00,0x00,0x01,0xfe,0x00,0x00,0x00,0x00,0x00,0x00,0x00,0x00,0x00,0x00,0x00,
  0x00,0x00,0x00,0x00,0x00,0x00,0x00,0x00,0x00,0x00,0x00,0x00,0x00,0x00,0x00,0x00,0x00,0x00,0x00,0x00,0x00,0x00,0x00,0x00,
  0x00,0x00,0x00,0x00,0x00,0x00,0x00,0x00,0x00,0x00,0x00,0x00,0x00,0x00,0x00,0x00,0x00,0x00,0x00,0x00,0x00,0x00,0x00,0x00,
  0x00,0x00,0x00,0x00,0x00,0x00,0x00,0x00,0x00,0x00,0x00,0x00,0x00,0x00,0x00,0x00,0x01,0xf0,0x0f,0xe3,0xfc,0x0f,0xe7,0xfc,
  0x0f,0xef,0xfc,0x0f,0xff,0xfc,0x0f,0xff,0xf8,0x0f,0xff,0xf8,0x0f,0xff,0xf8,0x0f,0xfc,0x10,0x0f,0xf8,0x00,0x0f,0xf8,0x00,
  0x0f,0xf0,0x00,0x0f,0xf0,0x00,0x0f,0xf0,0x00,0x0f,0xf0,0x00,0x0f,0xe0,0x00,0x0f,0xe0,0x00,0x0f,0xe0,0x00,0x0f,0xe0,0x00,
  0x0f,0xe0,0x00,0x0f,0xe0,0x00,0x0f,0xe0,0x00,0x0f,0xe0,0x00,0x0f,0xe0,0x00,0x0f,0xe0,0x00,0x0f,0xe0,0x00,0x0f,0xe0,0x00,
  0x0f,0xe0,0x00,0x0f,0xe0,0x00,0x0f,0xe0,0x00,0x00,0x00,0x00,0x00,0x00,0x00,0x00,0x00,0x00,0x00,0x00,0x00,0x00,0x00,0x00,
  0x00,0x00,0x00,0x00,0x00,0x00,0x00,0x00,0x00,0x00,0x00,0x00,0x00,0x00,0x00,0x00,0x00,0x00,0x00,0x00,0x00,0x00,0x00,0x00,
  0x00,0x00,0x00,0x00,0x00,0x00,0x00,0x00,0x00,0x00,0x00,0x00,0x00,0x00,0x00,0x00,0x00,0x00,0x00,0x00,0x00,0x00,0x00,0x00,
  0x00,0x00,0x00,0x00,0x00,0x00,0x00,0x00,0x00,0x00,0x00,0x00,0x00,0x00,0x00,0x00,0x00,0x00,0x00,0x00,0x00,0x00,0x00,0x00,
  0x00,0x00,0x00,0x00,0x00,0x00,0x00,0x00,0x00,0x00,0x00,0x00,0x00,0x00,0x00,0x00,0x00,0x00,0x00,0x00,0x00,0x00,0x00,0x00,
  0x00,0x00,0x00,0x00,0x00,0x00,0x00,0x00,0x00,0x00,0x00,0x00,0x00,0x3f,0xe0,0x00,0x01,0xff,0xfc,0x00,0x03,0xff,0xff,0x00,
  0x0f,0xff,0xff,0x80,0x0f,0xff,0xff,0x80,0x1f,0xff,0xff,0xc0,0x1f,0xe0,0x3f,0xe0,0x1f,0xc0,0x1f,0xe0,0x3f,0x80,0x0f,0xe0,
  0x3f,0xc0,0x0e,0x00,0x1f,0xf0,0x00,0x00,0x1f,0xfe,0x00,0x00,0x1f,0xff,0xf0,0x00,0x0f,0xff,0xfe,0x00,0x0f,0xff,0xff,0x80,
  0x03,0xff,0xff,0xc0,0x01,0xff,0xff,0xe0,0x00,0x3f,0xff,0xf0,0x00,0x03,0xff,0xf0,0x00,0x00,0x3f,0xf0,0x03,0x80,0x0f,0xf0,
  0x3f,0x80,0x07,0xf0,0x3f,0xc0,0x07,0xf0,0x3f,0xe0,0x0f,0xf0,0x1f,0xf0,0x1f,0xf0,0x1f,0xff,0xff,0xe0,0x0f,0xff,0xff,0xe0,
  0x07,0xff,0xff,0xc0,0x03,0xff,0xff,0x00,0x00,0xff,0xfe,0x00,0x00,0x1f,0xf0,0x00,0x00,0x00,0x00,0x00,0x00,0x00,0x00,0x00,
  0x00,0x00,0x00,0x00,0x00,0x00,0x00,0x00,0x00,0x00,0x00,0x00,0x00,0x00,0x00,0x00,0x00,0x00,0x00,0x00,0x00,0x00,0x00,0x00,
  0x00,0x00,0x00,0x00,0x00,0x00,0x00,0x00,0x00,0x00,0x00,0x00,0x00,0x00,0x00,0x00,0x00,0x00,0x00,0x00,0x00,0x00,0x00,0x00,
  0x00,0x00,0x00,0x00,0x00,0x00,0x00,0x00,0x00,0x00,0x00,0x00,0x00,0x00,0x00,0x00,0x00,0x00,0x00,0x00,0x00,0x00,0x00,0x00,
  0x00,0x00,0x00,0x00,0x00,0x60,0x00,0x00,0xe0,0x00,0x03,0xe0,0x00,0x07,0xe0,0x00,0x0f,0xe0,0x00,0x0f,0xe0,0x00,0x0f,0xe0,
  0x00,0x0f,0xe0,0x00,0x0f,0xe0,0x00,0x0f,0xe0,0x00,0xff,0xff,0x80,0xff,0xff,0x80,0xff,0xff,0x80,0xff,0xff,0x80,0xff,0xff,
  0x80,0xff,0xff,0x80,0x0f,0xe0,0x00,0x0f,0xe0,0x00,0x0f,0xe0,0x00,0x0f,0xe0,0x00,0x0f,0xe0,0x00,0x0f,0xe0,0x00,0x0f,0xe0,
  0x00,0x0f,0xe0,0x00,0x0f,0xe0,0x00,0x0f,0xe0,0x00,0x0f,0xe0,0x00,0x0f,0xe0,0x00,0x0f,0xe0,0x00,0x0f,0xe0,0x00,0x0f,0xe0,
  0x00,0x0f,0xe0,0x00,0x0f,0xe0,0x00,0x0f,0xf0,0x00,0x0f,0xff,0x80,0x0f,0xff,0x80,0x07,0xff,0x80,0x07,0xff,0x80,0x03,0xff,
  0x80,0x00,0xfe,0x00,0x00,0x00,0x00,0x00,0x00,0x00,0x00,0x00,0x00,0x00,0x00,0x00,0x00,0x00,0x00,0x00,0x00,0x00,0x00,0x00,
  0x00,0x00,0x00,0x00,0x00,0x00,0x00,0x00,0x00,0x00,0x00,0x00,0x00,0x00,0x00,0x00,0x00,0x00,0x00,0x00,0x00,0x00,0x00,0x00,
  0x00,0x00,0x00,0x00,0x00,0x00,0x00,0x00,0x00,0x00,0x00,0x00,0x00,0x00,0x00,0x00,0x00,0x00,0x00,0x00,0x00,0x00,0x00,0x00,
  0x00,0x00,0x00,0x00,0x00,0x00,0x00,0x00,0x00,0x00,0x00,0x00,0x00,0x00,0x00,0x00,0x00,0x00,0x00,0x00,0x00,0x00,0x00,0x00,
  0x00,0x00,0x00,0x00,0x00,0x00,0x00,0x00,0x00,0x00,0x00,0x00,0x00,0x00,0x00,0x00,0x00,0x00,0x00,0x00,0x00,0x00,0x00,0x00,
  0x00,0x00,0x00,0x00,0x00,0x00,0x00,0x00,0x00,0x00,0x00,0x00,0x00,0x00,0x00,0x00,0x00,0x00,0x00,0x00,0x00,0x00,0x00,0x00,
  0x00,0x00,0x00,0x00,0x00,0x00,0x0f,0xf0,0x01,0xfc,0x00,0x0f,0xf0,0x01,0xfc,0x00,0x0f,0xf0,0x01,0xfc,0x00,0x0f,0xf0,0x01,
  0xfc,0x00,0x0f,0xf0,0x01,0xfc,0x00,0x0f,0xf0,0x01,0xfc,0x00,0x0f,0xf0,0x01,0xfc,0x00,0x0f,0xf0,0x01,0xfc,0x00,0x0f,0xf0,
  0x01,0xfc,0x00,0x0f,0xf0,0x01,0xfc,0x00,0x0f,0xf0,0x01,0xfc,0x00,0x0f,0xf0,0x01,0xfc,0x00,0x0f,0xf0,0x01,0xfc,0x00,0x0f,
  0xf0,0x01,0xfc,0x00,0x0f,0xf0,0x01,0xfc,0x00,0x0f,0xf0,0x01,0xfc,0x00,0x0f,0xf0,0x03,0xfc,0x00,0x0f,0xf0,0x03,0xfc,0x00,
  0x0f,0xf0,0x03,0xfc,0x00,0x0f,0xf0,0x03,0xfc,0x00,0x0f,0xf0,0x03,0xfc,0x00,0x0f,0xf0,0x07,0xfc,0x00,0x0f,0xf8,0x0f,0xfc,
  0x00,0x07,0xfc,0x1f,0xfc,0x00,0x07,0xff,0xff,0xfc,0x00,0x07,0xff,0xfd,0xfc,0x00,0x03,0xff,0xfd,0xfc,0x00,0x01,0xff,0xf1,
  0xfc,0x00,0x00,0xff,0xe1,0xfc,0x00,0x00,0x3f,0x00,0x00,0x00,0x00,0x00,0x00,0x00,0x00,0x00,0x00,0x00,0x00,0x00,0x00,0x00,
  0x00,0x00,0x00,0x00,0x00,0x00,0x00,0x00,0x00,0x00,0x00,0x00,0x00,0x00,0x00,0x00,0x00,0x00,0x00,0x00,0x00,0x00,0x00,0x00,
  0x00,0x00,0x00,0x00,0x00,0x00,0x00,0x00,0x00,0x00,0x00,0x00,0x00,0x00,0x00,0x00,0x00,0x00,0x00,0x00,0x00,0x00,0x00,0x00,
  0x00,0x00,0x00,0x00,0x00,0x00,0x00,0x00,0x00,0x00,0x00,0x00,0x00,0x00,0x00,0x00,0x00,0x00,0x00,0x00,0x00,0x00,0x00,0x00,
  0x00,0x00,0x00,0x00,0x00,0x00,0x00,0x00,0x00,0x00,0x00,0x00,0x00,0x00,0x00,0x00,0x00,0x00,0x00,0x00,0x00,0x00,0x00,0x00,
  0x00,0x00,0x00,0x00,0x00,0x00,0x00,0x00,0x00,0x00,0x00,0x00,0x00,0x00,0x00,0x00,0x00,0x00,0x00,0x00,0x00,0x00,0x00,0x00,
  0x00,0x00,0x00,0x00,0x00,0x00,0x00,0x00,0x00,0x00,0x00,0x00,0x00,0x00,0x00,0x00,0x7f,0x80,0x01,0xfc,0x7f,0x80,0x03,0xfc,
  0x7f,0x80,0x03,0xf8,0x3f,0xc0,0x03,0xf8,0x3f,0xc0,0x07,0xf8,0x1f,0xc0,0x07,0xf0,0x1f,0xe0,0x0f,0xf0,0x1f,0xe0,0x0f,0xe0,
  0x0f,0xe0,0x0f,0xe0,0x0f,0xf0,0x1f,0xe0,0x07,0xf0,0x1f,0xc0,0x07,0xf8,0x3f,0xc0,0x07,0xf8,0x3f,0x80,0x03,0xf8,0x3f,0x80,
  0x03,0xfc,0x7f,0x80,0x01,0xfc,0x7f,0x00,0x01,0xfc,0x7f,0x00,0x01,0xfe,0xfe,0x00,0x00,0xfe,0xfe,0x00,0x00,0xff,0xfe,0x00,
  0x00,0x7f,0xfc,0x00,0x00,0x7f,0xfc,0x00,0x00,0x3f,0xf8,0x00,0x00,0x3f,0xf8,0x00,0x00,0x3f,0xf8,0x00,0x00,0x1f,0xf0,0x00,
  0x00,0x1f,0xf0,0x00,0x00,0x0f,0xf0,0x00,0x00,0x0f,0xe0,0x00,0x00,0x00,0x00,0x00,0x00,0x00,0x00,0x00,0x00,0x00,0x00,0x00,
  0x00,0x00,0x00,0x00,0x00,0x00,0x00,0x00,0x00,0x00,0x00,0x00,0x00,0x00,0x00,0x00,0x00,0x00,0x00,0x00,0x00,0x00,0x00,0x00,
  0x00,0x00,0x00,0x00,0x00,0x00,0x00,0x00,0x00,0x00,0x00,0x00,0x00,0x00,0x00,0x00,0x00,0x00,0x00,0x00,0x00,0x00,0x00,0x00,
  0x00,0x00,0x00,0x00,0x00,0x00,0x00,0x00,0x00,0x00,0x00,0x00,0x00,0x00,0x00,0x00,0x00,0x00,0x00,0x00,0x00,0x00,0x00,0x00,
  0x00,0x00,0x00,0x00,0x00,0x00,0x00,0x00,0x00,0x00,0x00,0x00,0x00,0x00,0x00,0x00,0x00,0x00,0x00,0x00,0x00,0x00,0x00,0x00,
  0x00,0x00,0x00,0x00,0x00,0x00,0x00,0x00,0x00,0x00,0x00,0x00,0x00,0x00,0x00,0x00,0x00,0x00,0x00,0x00,0x00,0x00,0x00,0x00,
  0x00,0x00,0x00,0x00,0x00,0x00,0x00,0x00,0x00,0x00,0x00,0x00,0x00,0x00,0x00,0x00,0x00,0x00,0x00,0x00,0x00,0x00,0x00,0x00,
  0x00,0x00,0x00,0x00,0x00,0x00,0x00,0x00,0x00,0x00,0x00,0x00,0x00,0x00,0x00,0x00,0x00,0x00,0x00,0x00,0x00,0x00,0x00,0x00,
  0x00,0x00,0x00,0x00,0x7f,0x00,0x3f,0xc0,0x0f,0xe0,0x7f,0x00,0x3f,0xc0,0x0f,0xe0,0x7f,0x00,0x3f,0xc0,0x1f,0xe0,0x3f,0x80,
  0x7f,0xc0,0x1f,0xc0,0x3f,0x80,0x7f,0xe0,0x1f,0xc0,0x3f,0x80,0x7f,0xe0,0x1f,0xc0,0x3f,0xc0,0x7f,0xe0,0x3f,0x80,0x1f,0xc0,
  0xff,0xe0,0x3f,0x80,0x1f,0xc0,0xff,0xf0,0x3f,0x80,0x1f,0xc0,0xff,0xf0,0x7f,0x00,0x0f,0xe0,0xff,0xf0,0x7f,0x00,0x0f,0xe1,
  0xff,0xf0,0x7f,0x00,0x0f,0xe1,0xf9,0xf8,0xff,0x00,0x07,0xf1,0xf9,0xf8,0xfe,0x00,0x07,0xf3,0xf9,0xf8,0xfe,0x00,0x07,0xf3,
  0xf1,0xf8,0xfe,0x00,0x03,0xf3,0xf0,0xfd,0xfc,0x00,0x03,0xfb,0xf0,0xfd,0xfc,0x00,0x03,0xff,0xf0,0xff,0xfc,0x00,0x01,0xff,
  0xe0,0xff,0xf8,0x00,0x01,0xff,0xe0,0x7f,0xf8,0x00,0x01,0xff,0xe0,0x7f,0xf8,0x00,0x00,0xff,0xe0,0x7f,0xf0,0x00,0x00,0xff,
  0xc0,0x3f,0xf0,0x00,0x00,0xff,0xc0,0x3f,0xf0,0x00,0x00,0xff,0xc0,0x3f,0xe0,0x00,0x00,0x7f,0xc0,0x3f,0xe0,0x00,0x00,0x7f,
  0x80,0x1f,0xe0,0x00,0x00,0x7f,0x80,0x1f,0xc0,0x00,0x00,0x00,0x00,0x00,0x00,0x00,0x00,0x00,0x00,0x00,0x00,0x00,0x00,0x00,
  0x00,0x00,0x00,0x00,0x00,0x00,0x00,0x00,0x00,0x00,0x00,0x00,0x00,0x00,0x00,0x00,0x00,0x00,0x00,0x00,0x00,0x00,0x00,0x00,
  0x00,0x00,0x00,0x00,0x00,0x00,0x00,0x00,0x00,0x00,0x00,0x00,0x00,0x00,0x00,0x00,0x00,0x00,0x00,0x00,0x00,0x00,0x00,0x00,
  0x00,0x00,0x00,0x00,0x00,0x00,0x00,0x00,0x00,0x00,0x00,0x00,0x00,0x00,0x00,0x00,0x00,0x00,0x00,0x00,0x00,0x00,0x00,0x00,
  0x00,0x00,0x00,0x00,0x00,0x00,0x00,0x00,0x00,0x00,0x00,0x00,0x00,0x00,0x00,0x00,0x00,0x00,0x00,0x00,0x00,0x00,0x00,0x00,
  0x00,0x00,0x00,0x00,0x00,0x00,0x00,0x00,0x00,0x00,0x00,0x00,0x00,0x00,0x00,0x00,0x00,0x00,0x00,0x00,0x00,0x00,0x00,0x00,
  0x00,0x00,0x00,0x00,0x00,0x00,0x00,0x00,0x00,0x00,0x00,0x00,0x00,0x00,0x00,0x00,0x00,0x00,0x00,0x00,0x00,0x00,0x00,0x00,
  0x00,0x00,0x00,0x00,0x00,0x00,0x00,0x00,0x7f,0xc0,0x0f,0xf8,0x3f,0xe0,0x0f,0xf0,0x1f,0xf0,0x1f,0xf0,0x1f,0xf0,0x3f,0xe0,
  0x0f,0xf8,0x3f,0xc0,0x07,0xfc,0x7f,0xc0,0x03,0xfc,0xff,0x80,0x03,0xfe,0xff,0x00,0x01,0xff,0xfe,0x00,0x00,0xff,0xfe,0x00,
  0x00,0xff,0xfc,0x00,0x00,0x7f,0xf8,0x00,0x00,0x3f,0xf8,0x00,0x00,0x1f,0xf0,0x00,0x00,0x1f,0xf0,0x00,0x00,0x3f,0xf8,0x00,
  0x00,0x7f,0xfc,0x00,0x00,0x7f,0xfc,0x00,0x00,0xff,0xfe,0x00,0x01,0xff,0xff,0x00,0x03,0xfe,0xff,0x80,0x03,0xfc,0xff,0x80,
  0x07,0xfc,0x7f,0xc0,0x0f,0xf8,0x3f,0xe0,0x0f,0xf0,0x3f,0xe0,0x1f,0xf0,0x1f,0xf0,0x3f,0xe0,0x0f,0xf8,0x3f,0xc0,0x0f,0xf8,
  0x7f,0xc0,0x07,0xfc,0x00,0x00,0x00,0x00,0x00,0x00,0x00,0x00,0x00,0x00,0x00,0x00,0x00,0x00,0x00,0x00,0x00,0x00,0x00,0x00,
  0x00,0x00,0x00,0x00,0x00,0x00,0x00,0x00,0x00,0x00,0x00,0x00,0x00,0x00,0x00,0x00,0x00,0x00,0x00,0x00,0x00,0x00,0x00,0x00,
  0x00,0x00,0x00,0x00,0x00,0x00,0x00,0x00,0x00,0x00,0x00,0x00,0x00,0x00,0x00,0x00,0x00,0x00,0x00,0x00,0x00,0x00,0x00,0x00,
  0x00,0x00,0x00,0x00,0x00,0x00,0x00,0x00,0x00,0x00,0x00,0x00,0x00,0x00,0x00,0x00,0x00,0x00,0x00,0x00,0x00,0x00,0x00,0x00,
  0x00,0x00,0x00,0x00,0x00,0x00,0x00,0x00,0x00,0x00,0x00,0x00,0x00,0x00,0x00,0x00,0x00,0x00,0x00,0x00,0x00,0x00,0x00,0x00,
  0x00,0x00,0x00,0x00,0x00,0x00,0x00,0x00,0x00,0x00,0x00,0x00,0x00,0x00,0x00,0x00,0x00,0x00,0x00,0x00,0x00,0x00,0x00,0x00,
  0xff,0x00,0x03,0xfc,0x7f,0x80,0x03,0xfc,0x7f,0x80,0x03,0xf8,0x3f,0x80,0x07,0xf8,0x3f,0xc0,0x07,0xf8,0x3f,0xc0,0x07,0xf0,
  0x1f,0xc0,0x0f,0xf0,0x1f,0xe0,0x0f,0xf0,0x1f,0xe0,0x0f,0xe0,0x0f,0xf0,0x1f,0xe0,0x0f,0xf0,0x1f,0xc0,0x07,0xf0,0x1f,0xc0,
  0x07,0xf8,0x3f,0xc0,0x07,0xf8,0x3f,0x80,0x03,0xf8,0x3f,0x80,0x03,0xfc,0x7f,0x80,0x01,0xfc,0x7f,0x00,0x01,0xfc,0x7f,0x00,
  0x01,0xfe,0xfe,0x00,0x00,0xfe,0xfe,0x00,0x00,0xff,0xfe,0x00,0x00,0x7f,0xfc,0x00,0x00,0x7f,0xfc,0x00,0x00,0x7f,0xfc,0x00,
  0x00,0x3f,0xf8,0x00,0x00,0x3f,0xf8,0x00,0x00,0x3f,0xf0,0x00,0x00,0x1f,0xf0,0x00,0x00,0x1f,0xf0,0x00,0x00,0x1f,0xe0,0x00,
  0x00,0x1f,0xe0,0x00,0x00,0x1f,0xe0,0x00,0x00,0x3f,0xc0,0x00,0x00,0x7f,0xc0,0x00,0x00,0xff,0x80,0x00,0x1f,0xff,0x80,0x00,
  0x1f,0xff,0x00,0x00,0x1f,0xff,0x00,0x00,0x1f,0xfe,0x00,0x00,0x1f,0xf8,0x00,0x00,0x1f,0xe0,0x00,0x00,0x00,0x00,0x00,0x00,
  0x00,0x00,0x00,0x00,0x00,0x00,0x00,0x00,0x00,0x00,0x00,0x00,0x00,0x00,0x00,0x00,0x00,0x00,0x00,0x00,0x00,0x00,0x00,0x00,
  0x00,0x00,0x00,0x00,0x00,0x00,0x00,0x00,0x00,0x00,0x00,0x00,0x00,0x00,0x00,0x00,0x00,0x00,0x00,0x00,0x00,0x00,0x00,0x00,
  0x00,0x00,0x00,0x00,0x00,0x00,0x00,0x00,0x00,0x00,0x00,0x00,0x00,0x00,0x00,0x00,0x00,0x00,0x00,0x00,0x00,0x00,0x00,0x00,
  0x00,0x00,0x00,0x00,0x00,0x00,0x00,0x00,0x00,0x00,0x00,0x00,0x00,0x00,0x00,0x00,0x3f,0xff,0xff,0xc0,0x3f,0xff,0xff,0xc0,
  0x3f,0xff,0xff,0xc0,0x3f,0xff,0xff,0xc0,0x3f,0xff,0xff,0xc0,0x3f,0xff,0xff,0x80,0x00,0x01,0xff,0x80,0x00,0x03,0xff,0x00,
  0x00,0x03,0xfe,0x00,0x00,0x07,0xfc,0x00,0x00,0x0f,0xf8,0x00,0x00,0x1f,0xf8,0x00,0x00,0x3f,0xf0,0x00,0x00,0x7f,0xe0,0x00,
  0x00,0x7f,0xc0,0x00,0x00,0xff,0x80,0x00,0x01,0xff,0x00,0x00,0x03,0xff,0x00,0x00,0x07,0xfe,0x00,0x00,0x07,0xfc,0x00,0x00,
  0x0f,0xf8,0x00,0x00,0x1f,0xf0,0x00,0x00,0x3f,0xe0,0x00,0x00,0x7f,0xff,0xff,0xe0,0x7f,0xff,0xff,0xe0,0x7f,0xff,0xff,0xe0,
  0x7f,0xff,0xff,0xe0,0x7f,0xff,0xff,0xe0,0x7f,0xff,0xff,0xe0,0x00,0x00,0x00,0x00,0x00,0x00,0x00,0x00,0x00,0x00,0x00,0x00,
  0x00,0x00,0x00,0x00,0x00,0x00,0x00,0x00,0x00,0x00,0x00,0x00,0x00,0x00,0x00,0x00,0x00,0x00,0x00,0x00,0x00,0x00,0x00,0x00,
  0x00,0x00,0x00,0x00,0x00,0x00,0x00,0x00,0x00,0x00,0x00,0x00,0x00,0x00,0x00,0x00,0x00,0x00,0x00,0x00,0x00,0x00,0x00,0x00,
  0x00,0x00,0x00,0x00,0x00,0x00,0x00,0x00,0x00,0x00,0x00,0x00,0x00,0x00,0x00,0x00,0x00,0x00,0x00,0x00,0x00,0x00,0x00,0x03,
  0xf0,0x00,0x1f,0xf0,0x00,0x3f,0xf0,0x00,0x7f,0xf0,0x00,0x7f,0xf0,0x00,0xff,0xf0,0x00,0xff,0xf0,0x00,0xff,0x00,0x00,0xfe,
  0x00,0x00,0xfe,0x00,0x00,0xfe,0x00,0x00,0xfe,0x00,0x00,0xfe,0x00,0x00,0xfe,0x00,0x00,0xfe,0x00,0x00,0xfc,0x00,0x00,0xfc,
  0x00,0x00,0xfc,0x00,0x01,0xfc,0x00,0x01,0xfc,0x00,0x01,0xfc,0x00,0x03,0xfc,0x00,0x07,0xf8,0x00,0x3f,0xf8,0x00,0x3f,0xf0,
  0x00,0x3f,0xe0,0x00,0x3f,0xc0,0x00,0x3f,0xe0,0x00,0x3f,0xf0,0x00,0x3f,0xf8,0x00,0x0f,0xf8,0x00,0x03,0xfc,0x00,0x01,0xfc,
  0x00,0x01,0xfc,0x00,0x01,0xfc,0x00,0x00,0xfc,0x00,0x00,0xfc,0x00,0x00,0xfc,0x00,0x00,0xfe,0x00,0x00,0xfe,0x00,0x00,0xfe,
  0x00,0x00,0xfe,0x00,0x00,0xfe,0x00,0x00,0xfe,0x00,0x00,0xfe,0x00,0x00,0xff,0x00,0x00,0xff,0xf0,0x00,0xff,0xf0,0x00,0x7f,
  0xf0,0x00,0x7f,0xf0,0x00,0x3f,0xf0,0x00,0x1f,0xf0,0x00,0x03,0xf0,0x00,0x00,0x00,0x00,0x00,0x00,0x00,0x00,0x00,0x00,0x00,
  0x00,0x00,0x00,0x00,0x00,0x00,0x00,0x00,0x00,0x00,0x00,0x00,0x00,0x00,0x07,0xe0,0x07,0xe0,0x07,0xe0,0x07,0xe0,0x07,0xe0,
  0x07,0xe0,0x07,0xe0,0x07,0xe0,0x07,0xe0,0x07,0xe0,0x07,0xe0,0x07,0xe0,0x07,0xe0,0x07,0xe0,0x07,0xe0,0x07,0xe0,0x07,0xe0,
  0x07,0xe0,0x07,0xe0,0x07,0xe0,0x07,0xe0,0x07,0xe0,0x07,0xe0,0x07,0xe0,0x07,0xe0,0x07,0xe0,0x07,0xe0,0x07,0xe0,0x07,0xe0,
  0x07,0xe0,0x07,0xe0,0x07,0xe0,0x07,0xe0,0x07,0xe0,0x07,0xe0,0x07,0xe0,0x07,0xe0,0x07,0xe0,0x07,0xe0,0x07,0xe0,0x07,0xe0,
  0x07,0xe0,0x07,0xe0,0x07,0xe0,0x07,0xe0,0x07,0xe0,0x07,0xe0,0x07,0xe0,0x07,0xe0,0x07,0xe0,0x07,0xe0,0x07,0xe0,0x07,0xe0,
  0x00,0x00,0x00,0x00,0x00,0x00,0x00,0x00,0x00,0x00,0x00,0x00,0x00,0x00,0x00,0x00,0x00,0x00,0x00,0x00,0x00,0x00,0x00,0x00,
  0x00,0x00,0x00,0x00,0x00,0x00,0x7f,0x00,0x00,0x7f,0xc0,0x00,0x7f,0xf0,0x00,0x7f,0xf0,0x00,0x7f,0xf8,0x00,0x7f,0xf8,0x00,
  0x7f,0xf8,0x00,0x03,0xfc,0x00,0x01,0xfc,0x00,0x01,0xfc,0x00,0x01,0xfc,0x00,0x01,0xfc,0x00,0x01,0xfc,0x00,0x01,0xfc,0x00,
  0x01,0xfc,0x00,0x01,0xfc,0x00,0x01,0xfc,0x00,0x01,0xfc,0x00,0x01,0xfc,0x00,0x01,0xfc,0x00,0x01,0xfe,0x00,0x00,0xff,0x00,
  0x00,0xff,0x80,0x00,0x7f,0xf0,0x00,0x7f,0xf0,0x00,0x1f,0xf0,0x00,0x0f,0xf0,0x00,0x1f,0xf0,0x00,0x3f,0xf0,0x00,0x7f,0xf0,
  0x00,0xff,0x80,0x00,0xff,0x00,0x00,0xfe,0x00,0x01,0xfe,0x00,0x01,0xfc,0x00,0x01,0xfc,0x00,0x01,0xfc,0x00,0x01,0xfc,0x00,
  0x01,0xfc,0x00,0x01,0xfc,0x00,0x01,0xfc,0x00,0x01,0xfc,0x00,0x01,0xfc,0x00,0x01,0xfc,0x00,0x03,0xfc,0x00,0x07,0xfc,0x00,
  0x7f,0xf8,0x00,0x7f,0xf8,0x00,0x7f,0xf8,0x00,0x7f,0xf0,0x00,0x7f,0xf0,0x00,0x7f,0xc0,0x00,0x7f,0x00,0x00,0x00,0x00,0x00,
  0x00,0x00,0x00,0x00,0x00,0x00,0x00,0x00,0x00,0x00,0x00,0x00,0x00,0x00,0x00,0x00,0x00,0x00,0x00,0x00,0x00,0x00,0x00,0x00,
  0x00,0x00,0x00,0x00,0x00,0x00,0x00,0x00,0x00,0x00,0x00,0x00,0x00,0x00,0x00,0x00,0x00,0x00,0x00,0x00,0x00,0x00,0x00,0x00,
  0x00,0x00,0x00,0x00,0x00,0x00,0x00,0x00,0x00,0x00,0x00,0x00,0x00,0x00,0x00,0x00,0x00,0x00,0x00,0x00,0x00,0x00,0x00,0x00,
  0x00,0x00,0x00,0x00,0x00,0x00,0x00,0x00,0x00,0x00,0x00,0x00,0x00,0x00,0x00,0x00,0x00,0x00,0x00,0x00,0x00,0x00,0x00,0x00,
  0x00,0x00,0x00,0x00,0x00,0x00,0x00,0x00,0x00,0x00,0x00,0x00,0x00,0x00,0x00,0x00,0x00,0x00,0x00,0x00,0x00,0x00,0x00,0x00,
  0x00,0x00,0x00,0x00,0x00,0x00,0x00,0x00,0x00,0x00,0x01,0xf8,0x00,0x02,0x00,0x07,0xff,0x00,0x06,0x00,0x1f,0xff,0xc0,0x0e,
  0x00,0x3f,0xff,0xf8,0x3e,0x00,0x3f,0xff,0xff,0xfe,0x00,0x3f,0xff,0xff,0xfe,0x00,0x3f,0xff,0xff,0xfe,0x00,0x3c,0x0f,0xff,
  0xfc,0x00,0x38,0x01,0xff,0xf8,0x00,0x20,0x00,0x7f,0xf0,0x00,0x00,0x00,0x0f,0x80,0x00,0x00,0x00,0x00,0x00,0x00,0x00,0x00,
  0x00,0x00,0x00,0x00,0x00,0x00,0x00,0x00,0x00,0x00,0x00,0x00,0x00,0x00,0x00,0x00,0x00,0x00,0x00,0x00,0x00,0x00,0x00,0x00,
  0x00,0x00,0x00,0x00,0x00,0x00,0x00,0x00,0x00,0x00,0x00,0x00,0x00,0x00,0x00,0x00,0x00,0x00,0x00,0x00,0x00,0x00,0x00,0x00,
  0x00,0x00,0x00,0x00,0x00,0x00,0x00,0x00,0x00,0x00,0x00,0x00,0x00,0x00,0x00,0x00,0x00,0x00,0x00,0x00,0x00,0x00,0x00,0x00,
  0x00,0x00,0x00,0x00,0x00,0x00,0x00,0x00,0x00,0x00,0x00,0x00,0x00,0x00,0x00,0x00,0x00,0x00,0x00,0x00,0x00,0x00,0x00,0x00,
  0x00,0x00,0x00,0x00,0x00,0x00,0x00,0x00,0x00,0x00,0x00,0x00,0x00,0x00,0x00,0x00,0x00,0x00,0x00,0x00,0x00,0x00,0x00,0x00,
  0x00,0x00,0x00,0x00,0x00,0x00,0x00,0x00,0x00,0x00,0x00,0x00,0x00,0x00,0x00,0x00,0x00,0x00,0x00,0x00,0x00,0x00,0x00,0x00,
  0x00,0x00,0x00,0x00,0x00,0x00,0x00,0x00,0x00,0x00,0x00,0x00,0x00,0x00,0x00,0x00,0x00,0x00,0x00,0x00,0x00,0x00,0x00,0x00,
  0x00,0x00,0x00,0x00,0x00,0x00,0x00,0x00,0x00,0x00,0x00,0x00,0x00,0x00,0x00,0x00,0x00,0x00,0x00,0x00,0x00,0x00,0x00,0x00,
  0x00,0x00,0x00,0x00,0x00,0x00,0x00,0x00,0x00,0x00,0x00,0x00,0x00,0x00,0x00,0x00,0x00,0x00,0x00,0x00,0x00,0x00,0x00,0x00,
  0x00,0x00,0x00,0x00,0x00,0x00,0x00,0x00,0x00,0x00,0x00,0x00,0x00,0x00,0x00,0x00,0x00,0x00,0x00,0x00,0x00,0x00,0x00,0x00,
  0x00,0x00,0x00,0x00,0x00,0x00,0x00,0x00,0x00,0x00,0x00,0x00,0x00,0x00,0x00,0x00,0x00,0x00,0x00,0x00,0x00,0x00,0x00,0x00,
  0x00,0x00,0x00,0x00,0x00,0x00,0x00,0x00,0x00,0x00,0x00,0x00,0x00,0x00,0x00,0x00,0x00,0x00,0x00,0x00,0x00,0x00,0x00,0x00,
  0x00,0x00,0x00,0x00,0x00,0x00,0x00,0x00,0x00,0x00,0x00,0x00,0x00,0x00,0x00,0x00,0x00,0x00,0x00,0x00,0x00,0x00,0x00,0x00,
  0x00,0x00,0x00,0x00,0x00,0x00,0x00,0x00,0x00,0x00,0x00,0x00,0x00,0x00,0x00,0x00,0x00,0x00,0x00,0x00,0x00,0x00,0x00,0x00,
  0x00,0x00,0x00,0x00,0x00,0x00,0x00,0x00,0x00,0x00,0x00,0x00,0x00,0x00,0x00,0x00,0x00,0x00,0x00,0x00,0x00,0x00,0x00,0x00,
  0x00,0x00,0x00,0x00,0x00,0x00,0x00,0x00,0x00,0x00,0x00,0x00,0x00,0x00,0x00,0x00,0x00,0x00,0x00,0x00,0x00,0x00,0x00,0x00,
  0x00,0x00,0x00,0x00,0x00,0x00,0x00,0x00,0x00,0x00,0x00,0x00,0x00,0x00,0x00,0x00,0x00,0x00,0x00,0x00,0x00,0x00,0x00,0x00,
  0x00,0x00,0x00,0x00,0x00,0x00,0x00,0x00,0x00,0x00,0x00,0x00,0x00,0x00,0x00,0x00,0x00,0x00,0x00,0x00,0x00,0x00,0x00,0x00,
  0x00,0x00,0x00,0x00,0x00,0x00,0x00,0x00,0x00,0x00,0x00,0x00,0x00,0x00,0x00,0x00,0x00,0x00,0x00,0x00,0x00,0x00,0x00,0x00,
  0x00,0x00,0x00,0x00,0x00,0x00,0x00,0x00,0x00,0x00,0x00,0x00,0x00,0x00,0x00,0x00,0x00,0x00,0x01,0xff,0xff,0xff,0xf8,0x00,
  0x01,0xff,0xff,0xff,0xf8,0x00,0x01,0xc0,0x00,0x00,0x38,0x00,0x01,0xc0,0x00,0x00,0x38,0x00,0x01,0xc0,0x00,0x00,0x38,0x00,
  0x01,0xc0,0x00,0x00,0x38,0x00,0x01,0xc0,0x00,0x00,0x38,0x00,0x01,0xc0,0x00,0x00,0x38,0x00,0x01,0xc0,0x00,0x00,0x38,0x00,
  0x01,0xc0,0x00,0x00,0x38,0x00,0x01,0xc0,0x00,0x00,0x38,0x00,0x01,0xc0,0x00,0x00,0x38,0x00,0x01,0xc0,0x00,0x00,0x38,0x00,
  0x01,0xc0,0x00,0x00,0x38,0x00,0x01,0xc0,0x00,0x00,0x38,0x00,0x01,0xc0,0x00,0x00,0x38,0x00,0x01,0xc0,0x00,0x00,0x38,0x00,
  0x01,0xc0,0x00,0x00,0x38,0x00,0x01,0xc0,0x00,0x00,0x38,0x00,0x01,0xc0,0x00,0x00,0x38,0x00,0x01,0xc0,0x00,0x00,0x38,0x00,
  0x01,0xc0,0x00,0x00,0x38,0x00,0x01,0xc0,0x00,0x00,0x38,0x00,0x01,0xc0,0x00,0x00,0x38,0x00,0x01,0xc0,0x00,0x00,0x38,0x00,
  0x01,0xc0,0x00,0x00,0x38,0x00,0x01,0xc0,0x00,0x00,0x38,0x00,0x01,0xc0,0x00,0x00,0x38,0x00,0x01,0xc0,0x00,0x00,0x38,0x00,
  0x01,0xc0,0x00,0x00,0x38,0x00,0x01,0xc0,0x00,0x00,0x38,0x00,0x01,0xc0,0x00,0x00,0x38,0x00,0x01,0xc0,0x00,0x00,0x38,0x00,
  0x01,0xc0,0x00,0x00,0x38,0x00,0x01,0xff,0xff,0xff,0xf8,0x00,0x01,0xff,0xff,0xff,0xf8,0x00,0x00,0x00,0x00,0x00,0x00,0x00,
  0x00,0x00,0x00,0x00,0x00,0x00,0x00,0x00,0x00,0x00,0x00,0x00,0x00,0x00,0x00,0x00,0x00,0x00,0x00,0x00,0x00,0x00,0x00,0x00,
  0x00,0x00,0x00,0x00,0x00,0x00,0x00,0x00,0x00,0x00,0x00,0x00,0x00,0x00,0x00,0x00,0x00,0x00,0x00,0x00,0x00,0x00,0x00,0x00,
  0x00,0x00,0x00,0x00,0x00,0x00,0x00,0x00,0x00,0x00,0x00,0x00,0x00,0x00,0x00,0x00,0x00,0x00,0x00,0x00,0x00,0x00,0x00,0x00,
  0x00,0x00,0x00,0x00,0x00,0x00,0x00,0x00,0x00,0x00,0x00,0x00,0x00,0x00,0x00,0x00,0x00,0x00,0x00,0x00,0x00,0x00,0x00,0x00,
  0x00,0x00,0x00,0x00,0x00,0x00,0x00,0x00,0x00,0x00,0x00,0x00,0x00,0x00,0x00,0x00,0x00,0x00,0x00,0x00,0x00,0x00,0x00,0x00,
  0x00,0x00,0x00,0x00,0x00,0x00,0x00,0x00,0x00,0x00,0x00,0x00,0x00,0x00,0x00,0x00,0x00,0x00,0x00,0x00,0x00,0x00,0x00,0x00,
  0x00,0x00,0x00,0x00,0x00,0x00,0x00,0x00,0x00,0x00,0x00,0x00,0x00,0x00,0x00,0x00,0x00,0x00,0x01,0xff,0xff,0xff,0xf8,0x00,
  0x01,0xff,0xff,0xff,0xf8,0x00,0x01,0xc0,0x00,0x00,0x38,0x00,0x01,0xc0,0x00,0x00,0x38,0x00,0x01,0xc0,0x00,0x00,0x38,0x00,
  0x01,0xc0,0x00,0x00,0x38,0x00,0x01,0xc0,0x00,0x00,0x38,0x00,0x01,0xc0,0x00,0x00,0x38,0x00,0x01,0xc0,0x00,0x00,0x38,0x00,
  0x01,0xc0,0x00,0x00,0x38,0x00,0x01,0xc0,0x00,0x00,0x38,0x00,0x01,0xc0,0x00,0x00,0x38,0x00,0x01,0xc0,0x00,0x00,0x38,0x00,
  0x01,0xc0,0x00,0x00,0x38,0x00,0x01,0xc0,0x00,0x00,0x38,0x00,0x01,0xc0,0x00,0x00,0x38,0x00,0x01,0xc0,0x00,0x00,0x38,0x00,
  0x01,0xc0,0x00,0x00,0x38,0x00,0x01,0xc0,0x00,0x00,0x38,0x00,0x01,0xc0,0x00,0x00,0x38,0x00,0x01,0xc0,0x00,0x00,0x38,0x00,
  0x01,0xc0,0x00,0x00,0x38,0x00,0x01,0xc0,0x00,0x00,0x38,0x00,0x01,0xc0,0x00,0x00,0x38,0x00,0x01,0xc0,0x00,0x00,0x38,0x00,
  0x01,0xc0,0x00,0x00,0x38,0x00,0x01,0xc0,0x00,0x00,0x38,0x00,0x01,0xc0,0x00,0x00,0x38,0x00,0x01,0xc0,0x00,0x00,0x38,0x00,
  0x01,0xc0,0x00,0x00,0x38,0x00,0x01,0xc0,0x00,0x00,0x38,0x00,0x01,0xc0,0x00,0x00,0x38,0x00,0x01,0xc0,0x00,0x00,0x38,0x00,
  0x01,0xc0,0x00,0x00,0x38,0x00,0x01,0xff,0xff,0xff,0xf8,0x00,0x01,0xff,0xff,0xff,0xf8,0x00,0x00,0x00,0x00,0x00,0x00,0x00,
  0x00,0x00,0x00,0x00,0x00,0x00,0x00,0x00,0x00,0x00,0x00,0x00,0x00,0x00,0x00,0x00,0x00,0x00,0x00,0x00,0x00,0x00,0x00,0x00,
  0x00,0x00,0x00,0x00,0x00,0x00,0x00,0x00,0x00,0x00,0x00,0x00,0x00,0x00,0x00,0x00,0x00,0x00,0x00,0x00,0x00,0x00,0x00,0x00,
  0x00,0x00,0x00,0x00,0x00,0x00,0x00,0x00,0x00,0x00,0x00,0x00,0x00,0x00,0x00,0x00,0x00,0x00,0x00,0x00,0x00,0x00,0x00,0x00,
  0x00,0x00,0x00,0x00,0x00,0x00,0x00,0x00,0x00,0x00,0x00,0x00,0x00,0x00,0x00,0x00,0x00,0x00,0x00,0x00,0x00,0x00,0x00,0x00,
  0x00,0x00,0x00,0x00,0x00,0x00,0x00,0x00,0x00,0x00,0x00,0x00,0x00,0x00,0x00,0x00,0x00,0x00,0x00,0x00,0x00,0x00,0x00,0x00,
  0x00,0x00,0x00,0x00,0x00,0x00,0x00,0x00,0x00,0x00,0x00,0x00,0x00,0x00,0x00,0x00,0x00,0x00,0x00,0x00,0x00,0x00,0x00,0x00,
  0x00,0x00,0x00,0x00,0x00,0x00,0x00,0x00,0x00,0x00,0x00,0x00,0x00,0x00,0x00,0x00,0x00,0x00,0x01,0xff,0xff,0xff,0xf8,0x00,
  0x01,0xff,0xff,0xff,0xf8,0x00,0x01,0xc0,0x00,0x00,0x38,0x00,0x01,0xc0,0x00,0x00,0x38,0x00,0x01,0xc0,0x00,0x00,0x38,0x00,
  0x01,0xc0,0x00,0x00,0x38,0x00,0x01,0xc0,0x00,0x00,0x38,0x00,0x01,0xc0,0x00,0x00,0x38,0x00,0x01,0xc0,0x00,0x00,0x38,0x00,
  0x01,0xc0,0x00,0x00,0x38,0x00,0x01,0xc0,0x00,0x00,0x38,0x00,0x01,0xc0,0x00,0x00,0x38,0x00,0x01,0xc0,0x00,0x00,0x38,0x00,
  0x01,0xc0,0x00,0x00,0x38,0x00,0x01,0xc0,0x00,0x00,0x38,0x00,0x01,0xc0,0x00,0x00,0x38,0x00,0x01,0xc0,0x00,0x00,0x38,0x00,
  0x01,0xc0,0x00,0x00,0x38,0x00,0x01,0xc0,0x00,0x00,0x38,0x00,0x01,0xc0,0x00,0x00,0x38,0x00,0x01,0xc0,0x00,0x00,0x38,0x00,
  0x01,0xc0,0x00,0x00,0x38,0x00,0x01,0xc0,0x00,0x00,0x38,0x00,0x01,0xc0,0x00,0x00,0x38,0x00,0x01,0xc0,0x00,0x00,0x38,0x00,
  0x01,0xc0,0x00,0x00,0x38,0x00,0x01,0xc0,0x00,0x00,0x38,0x00,0x01,0xc0,0x00,0x00,0x38,0x00,0x01,0xc0,0x00,0x00,0x38,0x00,
  0x01,0xc0,0x00,0x00,0x38,0x00,0x01,0xc0,0x00,0x00,0x38,0x00,0x01,0xc0,0x00,0x00,0x38,0x00,0x01,0xc0,0x00,0x00,0x38,0x00,
  0x01,0xc0,0x00,0x00,0x38,0x00,0x01,0xff,0xff,0xff,0xf8,0x00,0x01,0xff,0xff,0xff,0xf8,0x00,0x00,0x00,0x00,0x00,0x00,0x00,
  0x00,0x00,0x00,0x00,0x00,0x00,0x00,0x00,0x00,0x00,0x00,0x00,0x00,0x00,0x00,0x00,0x00,0x00,0x00,0x00,0x00,0x00,0x00,0x00,
  0x00,0x00,0x00,0x00,0x00,0x00,0x00,0x00,0x00,0x00,0x00,0x00,0x00,0x00,0x00,0x00,0x00,0x00,0x00,0x00,0x00,0x00,0x00,0x00,
  0x00,0x00,0x00,0x00,0x00,0x00,0x00,0x00,0x00,0x00,0x00,0x00,0x00,0x00,0x00,0x00,0x00,0x00,0x00,0x00,0x00,0x00,0x00,0x00,
  0x00,0x00,0x00,0x00,0x00,0x00,0x00,0x00,0x00,0x00,0x00,0x00,0x00,0x00,0x00,0x00,0x00,0x00,0x00,0x00,0x00,0x00,0x00,0x00,
  0x00,0x00,0x00,0x00,0x00,0x00,0x00,0x00,0x00,0x00,0x00,0x00,0x00,0x00,0x00,0x00,0x00,0x00,0x00,0x00,0x00,0x00,0x00,0x00,
  0x00,0x00,0x00,0x00,0x00,0x00,0x00,0x00,0x00,0x00,0x00,0x00,0x00,0x00,0x00,0x00,0x00,0x00,0x00,0x00,0x00,0x00,0x00,0x00,
  0x00,0x00,0x00,0x00,0x00,0x00,0x00,0x00,0x00,0x00,0x00,0x00,0x00,0x00,0x00,0x00,0x00,0x00,0x01,0xff,0xff,0xff,0xf8,0x00,
  0x01,0xff,0xff,0xff,0xf8,0x00,0x01,0xc0,0x00,0x00,0x38,0x00,0x01,0xc0,0x00,0x00,0x38,0x00,0x01,0xc0,0x00,0x00,0x38,0x00,
  0x01,0xc0,0x00,0x00,0x38,0x00,0x01,0xc0,0x00,0x00,0x38,0x00,0x01,0xc0,0x00,0x00,0x38,0x00,0x01,0xc0,0x00,0x00,0x38,0x00,
  0x01,0xc0,0x00,0x00,0x38,0x00,0x01,0xc0,0x00,0x00,0x38,0x00,0x01,0xc0,0x00,0x00,0x38,0x00,0x01,0xc0,0x00,0x00,0x38,0x00,
  0x01,0xc0,0x00,0x00,0x38,0x00,0x01,0xc0,0x00,0x00,0x38,0x00,0x01,0xc0,0x00,0x00,0x38,0x00,0x01,0xc0,0x00,0x00,0x38,0x00,
  0x01,0xc0,0x00,0x00,0x38,0x00,0x01,0xc0,0x00,0x00,0x38,0x00,0x01,0xc0,0x00,0x00,0x38,0x00,0x01,0xc0,0x00,0x00,0x38,0x00,
  0x01,0xc0,0x00,0x00,0x38,0x00,0x01,0xc0,0x00,0x00,0x38,0x00,0x01,0xc0,0x00,0x00,0x38,0x00,0x01,0xc0,0x00,0x00,0x38,0x00,
  0x01,0xc0,0x00,0x00,0x38,0x00,0x01,0xc0,0x00,0x00,0x38,0x00,0x01,0xc0,0x00,0x00,0x38,0x00,0x01,0xc0,0x00,0x00,0x38,0x00,
  0x01,0xc0,0x00,0x00,0x38,0x00,0x01,0xc0,0x00,0x00,0x38,0x00,0x01,0xc0,0x00,0x00,0x38,0x00,0x01,0xc0,0x00,0x00,0x38,0x00,
  0x01,0xc0,0x00,0x00,0x38,0x00,0x01,0xff,0xff,0xff,0xf8,0x00,0x01,0xff,0xff,0xff,0xf8,0x00,0x00,0x00,0x00,0x00,0x00,0x00,
  0x00,0x00,0x00,0x00,0x00,0x00,0x00,0x00,0x00,0x00,0x00,0x00,0x00,0x00,0x00,0x00,0x00,0x00,0x00,0x00,0x00,0x00,0x00,0x00,
  0x00,0x00,0x00,0x00,0x00,0x00,0x00,0x00,0x00,0x00,0x00,0x00,0x00,0x00,0x00,0x00,0x00,0x00,0x00,0x00,0x00,0x00,0x00,0x00,
  0x00,0x00,0x00,0x00,0x00,0x00,0x00,0x00,0x00,0x00,0x00,0x00,0x00,0x00,0x00,0x00,0x00,0x00,0x00,0x00,0x00,0x00,0x00,0x00,
  0x00,0x00,0x00,0x00,0x00,0x00,0x00,0x00,0x00,0x00,0x00,0x00,0x00,0x00,0x00,0x00,0x00,0x00,0x00,0x00,0x00,0x00,0x00,0x00,
  0x00,0x00,0x00,0x00,0x00,0x00,0x00,0x00,0x00,0x00,0x00,0x00,0x00,0x00,0x00,0x00,0x00,0x00,0x00,0x00,0x00,0x00,0x00,0x00,
  0x00,0x00,0x00,0x00,0x00,0x00,0x00,0x00,0x00,0x00,0x00,0x00,0x00,0x00,0x00,0x00,0x00,0x00,0x00,0x00,0x00,0x00,0x00,0x00,
  0x00,0x00,0x00,0x01,0xff,0xff,0xff,0xf8,0x01,0xff,0xff,0xff,0xf8,0x01,0xc0,0x00,0x00,0x38,0x01,0xc0,0x00,0x00,0x38,0x01,
  0xc0,0x00,0x00,0x38,0x01,0xc0,0x00,0x00,0x38,0x01,0xc0,0x00,0x00,0x38,0x01,0xc0,0x00,0x00,0x38,0x01,0xc0,0x00,0x00,0x38,
  0x01,0xc0,0x00,0x00,0x38,0x01,0xc0,0x00,0x00,0x38,0x01,0xc0,0x00,0x00,0x38,0x01,0xc0,0x00,0x00,0x38,0x01,0xc0,0x00,0x00,
  0x38,0x01,0xc0,0x00,0x00,0x38,0x01,0xc0,0x00,0x00,0x38,0x01,0xc0,0x00,0x00,0x38,0x01,0xc0,0x00,0x00,0x38,0x01,0xc0,0x00,
  0x00,0x38,0x01,0xc0,0x00,0x00,0x38,0x01,0xc0,0x00,0x00,0x38,0x01,0xc0,0x00,0x00,0x38,0x01,0xc0,0x00,0x00,0x38,0x01,0xc0,
  0x00,0x00,0x38,0x01,0xc0,0x00,0x00,0x38,0x01,0xc0,0x00,0x00,0x38,0x01,0xc0,0x00,0x00,0x38,0x01,0xc0,0x00,0x00,0x38,0x01,
  0xc0,0x00,0x00,0x38,0x01,0xc0,0x00,0x00,0x38,0x01,0xc0,0x00,0x00,0x38,0x01,0xc0,0x00,0x00,0x38,0x01,0xc0,0x00,0x00,0x38,
  0x01,0xc0,0x00,0x00,0x38,0x01,0xff,0xff,0xff,0xf8,0x01,0xff,0xff,0xff,0xf8,0x00,0x00,0x00,0x00,0x00,0x00,0x00,0x00,0x00,
  0x00,0x00,0x00,0x00,0x00,0x00,0x00,0x00,0x00,0x00,0x00,0x00,0x00,0x00,0x00,0x00,0x00,0x00,0x00,0x00,0x00,0x00,0x00,0x00,
  0x00,0x00,0x00,0x00,0x00,0x00,0x00,0x00,0x00,0x00,0x00,0x00,0x00,0x00,0x00,0x00,0x00,0x00,0x00,0x00,0x00,0x00,0x00,0x00,
  0x00,0x00,0x00,0x00,0x00,0x00,0x00,0x00,0x00,0x00,0x00,0x00,0x00,0x00,0x00,0x00,0x00,0x00,0x00,0x00,0x00,0x00,0x00,0x00,
  0x00,0x00,0x00,0x00,0x00,0x00,0x00,0x00,0x00,0x00,0x00,0x00,0x00,0x00,0x00,0x00,0x00,0x00,0x00,0x00,0x00,0x00,0x00,0x00,
  0x00,0x00,0x00,0x00,0x00,0x00,0x00,0x00,0x00,0x00,0x00,0x00,0x00,0x00,0x00,0x00,0x00,0x00,0x00,0x00,0x00,0x00,0x00,0x00,
  0x00,0x00,0x00,0x00,0x00,0x00,0x00,0x00,0x00,0x00,0x00,0x00,0x00,0x00,0x00,0x00,0x00,0x00,0x00,0x00,0x00,0x00,0x00,0x00,
  0x00,0x00,0x00,0x00,0x00,0x00,0x00,0x00,0x00,0x00,0x00,0x00,0x00,0x00,0x00,0x00,0x00,0x00,0x00,0x00,0x00,0x00,0x00,0x00,
  0x00,0x00,0x00,0x00,0x00,0x00,0x00,0x00,0x00,0x00,0x00,0x00,0x00,0x00,0x00,0x00,0x00,0x00,0x00,0x00,0x00,0x00,0x00,0x00,
  0x00,0x00,0x00,0x00,0x00,0x00,0x00,0x00,0x00,0x00,0x00,0x00,0x00,0x00,0x00,0x00,0x00,0x00,0x01,0xff,0xff,0xff,0xf8,0x00,
  0x01,0xff,0xff,0xff,0xf8,0x00,0x01,0xc0,0x00,0x00,0x38,0x00,0x01,0xc0,0x00,0x00,0x38,0x00,0x01,0xc0,0x00,0x00,0x38,0x00,
  0x01,0xc0,0x00,0x00,0x38,0x00,0x01,0xc0,0x00,0x00,0x38,0x00,0x01,0xc0,0x00,0x00,0x38,0x00,0x01,0xc0,0x00,0x00,0x38,0x00,
  0x01,0xc0,0x00,0x00,0x38,0x00,0x01,0xc0,0x00,0x00,0x38,0x00,0x01,0xc0,0x00,0x00,0x38,0x00,0x01,0xc0,0x00,0x00,0x38,0x00,
  0x01,0xc0,0x00,0x00,0x38,0x00,0x01,0xc0,0x00,0x00,0x38,0x00,0x01,0xc0,0x00,0x00,0x38,0x00,0x01,0xc0,0x00,0x00,0x38,0x00,
  0x01,0xc0,0x00,0x00,0x38,0x00,0x01,0xc0,0x00,0x00,0x38,0x00,0x01,0xc0,0x00,0x00,0x38,0x00,0x01,0xc0,0x00,0x00,0x38,0x00,
  0x01,0xc0,0x00,0x00,0x38,0x00,0x01,0xc0,0x00,0x00,0x38,0x00,0x01,0xc0,0x00,0x00,0x38,0x00,0x01,0xc0,0x00,0x00,0x38,0x00,
  0x01,0xc0,0x00,0x00,0x38,0x00,0x01,0xc0,0x00,0x00,0x38,0x00,0x01,0xc0,0x00,0x00,0x38,0x00,0x01,0xc0,0x00,0x00,0x38,0x00,
  0x01,0xc0,0x00,0x00,0x38,0x00,0x01,0xc0,0x00,0x00,0x38,0x00,0x01,0xc0,0x00,0x00,0x38,0x00,0x01,0xc0,0x00,0x00,0x38,0x00,
  0x01,0xc0,0x00,0x00,0x38,0x00,0x01,0xff,0xff,0xff,0xf8,0x00,0x01,0xff,0xff,0xff,0xf8,0x00,0x00,0x00,0x00,0x00,0x00,0x00,
  0x00,0x00,0x00,0x00,0x00,0x00,0x00,0x00,0x00,0x00,0x00,0x00,0x00,0x00,0x00,0x00,0x00,0x00,0x00,0x00,0x00,0x00,0x00,0x00,
  0x00,0x00,0x00,0x00,0x00,0x00,0x00,0x00,0x00,0x00,0x00,0x00,0x00,0x00,0x00,0x00,0x00,0x00,0x00,0x00,0x00,0x00,0x00,0x00,
  0x00,0x00,0x00,0x00,0x00,0x00,0x00,0x00,0x00,0x00,0x00,0x00,0x00,0x00,0x00,0x00,0x00,0x00,0x00,0x00,0x00,0x00,0x00,0x00,
  0x00,0x00,0x00,0x00,0x00,0x00,0x00,0x00,0x00,0x00,0x00,0x00,0x00,0x00,0x00,0x00,0x00,0x00,0x00,0x00,0x00,0x00,0x00,0x00,
  0x00,0x00,0x00,0x00,0x00,0x00,0x00,0x00,0x00,0x00,0x00,0x00,0x00,0x00,0x00,0x00,0x00,0x00,0x00,0x00,0x00,0x00,0x00,0x00,
  0x00,0x00,0x00,0x00,0x00,0x00,0x00,0x00,0x00,0x00,0x00,0x00,0x00,0x00,0x00,0x00,0x00,0x00,0x00,0x00,0x00,0x00,0x00,0x00,
  0x00,0x00,0x00,0x00,0x00,0x00,0x00,0x00,0x00,0x00,0x00,0x00,0x00,0x00,0x00,0x00,0x00,0x00,0x01,0xff,0xff,0xff,0xf8,0x00,
  0x01,0xff,0xff,0xff,0xf8,0x00,0x01,0xc0,0x00,0x00,0x38,0x00,0x01,0xc0,0x00,0x00,0x38,0x00,0x01,0xc0,0x00,0x00,0x38,0x00,
  0x01,0xc0,0x00,0x00,0x38,0x00,0x01,0xc0,0x00,0x00,0x38,0x00,0x01,0xc0,0x00,0x00,0x38,0x00,0x01,0xc0,0x00,0x00,0x38,0x00,
  0x01,0xc0,0x00,0x00,0x38,0x00,0x01,0xc0,0x00,0x00,0x38,0x00,0x01,0xc0,0x00,0x00,0x38,0x00,0x01,0xc0,0x00,0x00,0x38,0x00,
  0x01,0xc0,0x00,0x00,0x38,0x00,0x01,0xc0,0x00,0x00,0x38,0x00,0x01,0xc0,0x00,0x00,0x38,0x00,0x01,0xc0,0x00,0x00,0x38,0x00,
  0x01,0xc0,0x00,0x00,0x38,0x00,0x01,0xc0,0x00,0x00,0x38,0x00,0x01,0xc0,0x00,0x00,0x38,0x00,0x01,0xc0,0x00,0x00,0x38,0x00,
  0x01,0xc0,0x00,0x00,0x38,0x00,0x01,0xc0,0x00,0x00,0x38,0x00,0x01,0xc0,0x00,0x00,0x38,0x00,0x01,0xc0,0x00,0x00,0x38,0x00,
  0x01,0xc0,0x00,0x00,0x38,0x00,0x01,0xc0,0x00,0x00,0x38,0x00,0x01,0xc0,0x00,0x00,0x38,0x00,0x01,0xc0,0x00,0x00,0x38,0x00,
  0x01,0xc0,0x00,0x00,0x38,0x00,0x01,0xc0,0x00,0x00,0x38,0x00,0x01,0xc0,0x00,0x00,0x38,0x00,0x01,0xc0,0x00,0x00,0x38,0x00,
  0x01,0xc0,0x00,0x00,0x38,0x00,0x01,0xff,0xff,0xff,0xf8,0x00,0x01,0xff,0xff,0xff,0xf8,0x00,0x00,0x00,0x00,0x00,0x00,0x00,
  0x00,0x00,0x00,0x00,0x00,0x00,0x00,0x00,0x00,0x00,0x00,0x00,0x00,0x00,0x00,0x00,0x00,0x00,0x00,0x00,0x00,0x00,0x00,0x00,
  0x00,0x00,0x00,0x00,0x00,0x00,0x00,0x00,0x00,0x00,0x00,0x00,0x00,0x00,0x00,0x00,0x00,0x00,0x00,0x00,0x00,0x00,0x00,0x00,
  0x00,0x00,0x00,0x00,0x00,0x00,0x00,0x00,0x00,0x00,0x00,0x00,0x00,0x00,0x00,0x00,0x00,0x00,0x00,0x00,0x00,0x00,0x00,0x00,
  0x00,0x00,0x00,0x00,0x00,0x00,0x00,0x00,0x00,0x00,0x00,0x00,0x00,0x00,0x00,0x00,0x00,0x00,0x00,0x00,0x00,0x00,0x00,0x00,
  0x00,0x00,0x00,0x00,0x00,0x00,0x00,0x00,0x00,0x00,0x00,0x00,0x00,0x00,0x00,0x00,0x00,0x00,0x00,0x00,0x00,0x00,0x00,0x00,
  0x00,0x00,0x00,0x00,0x00,0x00,0x00,0x00,0x00,0x00,0x00,0x00,0x00,0x00,0x00,0x00,0x00,0x00,0x00,0x00,0x00,0x00,0x00,0x00,
  0x00,0x00,0x00,0x00,0x00,0x00,0x00,0x00,0x00,0x00,0x00,0x00,0x00,0x00,0x00,0x00,0x00,0x00,0x01,0xff,0xff,0xff,0xf8,0x00,
  0x01,0xff,0xff,0xff,0xf8,0x00,0x01,0xc0,0x00,0x00,0x38,0x00,0x01,0xc0,0x00,0x00,0x38,0x00,0x01,0xc0,0x00,0x00,0x38,0x00,
  0x01,0xc0,0x00,0x00,0x38,0x00,0x01,0xc0,0x00,0x00,0x38,0x00,0x01,0xc0,0x00,0x00,0x38,0x00,0x01,0xc0,0x00,0x00,0x38,0x00,
  0x01,0xc0,0x00,0x00,0x38,0x00,0x01,0xc0,0x00,0x00,0x38,0x00,0x01,0xc0,0x00,0x00,0x38,0x00,0x01,0xc0,0x00,0x00,0x38,0x00,
  0x01,0xc0,0x00,0x00,0x38,0x00,0x01,0xc0,0x00,0x00,0x38,0x00,0x01,0xc0,0x00,0x00,0x38,0x00,0x01,0xc0,0x00,0x00,0x38,0x00,
  0x01,0xc0,0x00,0x00,0x38,0x00,0x01,0xc0,0x00,0x00,0x38,0x00,0x01,0xc0,0x00,0x00,0x38,0x00,0x01,0xc0,0x00,0x00,0x38,0x00,
  0x01,0xc0,0x00,0x00,0x38,0x00,0x01,0xc0,0x00,0x00,0x38,0x00,0x01,0xc0,0x00,0x00,0x38,0x00,0x01,0xc0,0x00,0x00,0x38,0x00,
  0x01,0xc0,0x00,0x00,0x38,0x00,0x01,0xc0,0x00,0x00,0x38,0x00,0x01,0xc0,0x00,0x00,0x38,0x00,0x01,0xc0,0x00,0x00,0x38,0x00,
  0x01,0xc0,0x00,0x00,0x38,0x00,0x01,0xc0,0x00,0x00,0x38,0x00,0x01,0xc0,0x00,0x00,0x38,0x00,0x01,0xc0,0x00,0x00,0x38,0x00,
  0x01,0xc0,0x00,0x00,0x38,0x00,0x01,0xff,0xff,0xff,0xf8,0x00,0x01,0xff,0xff,0xff,0xf8,0x00,0x00,0x00,0x00,0x00,0x00,0x00,
  0x00,0x00,0x00,0x00,0x00,0x00,0x00,0x00,0x00,0x00,0x00,0x00,0x00,0x00,0x00,0x00,0x00,0x00,0x00,0x00,0x00,0x00,0x00,0x00,
  0x00,0x00,0x00,0x00,0x00,0x00,0x00,0x00,0x00,0x00,0x00,0x00,0x00,0x00,0x00,0x00,0x00,0x00,0x00,0x00,0x00,0x00,0x00,0x00,
  0x00,0x00,0x00,0x00,0x00,0x00,0x00,0x00,0x00,0x00,0x00,0x00,0x00,0x00,0x00,0x00,0x00,0x00,0x00,0x00,0x00,0x00,0x00,0x00,
  0x00,0x00,0x00,0x00,0x00,0x00,0x00,0x00,0x00,0x00,0x00,0x00,0x00,0x00,0x00,0x00,0x00,0x00,0x00,0x00,0x00,0x00,0x00,0x00,
  0x00,0x00,0x00,0x00,0x00,0x00,0x00,0x00,0x00,0x00,0x00,0x00,0x00,0x00,0x00,0x00,0x00,0x00,0x00,0x00,0x00,0x00,0x00,0x00,
  0x00,0x00,0x00,0x00,0x00,0x00,0x00,0x00,0x00,0x00,0x00,0x00,0x00,0x00,0x00,0x00,0x00,0x00,0x00,0x00,0x00,0x00,0x00,0x00,
  0x00,0x00,0x00,0x00,0x00,0x00,0x00,0x00,0x00,0x00,0x00,0x00,0x00,0x00,0x00,0x00,0x00,0x00,0x01,0xff,0xff,0xff,0xf8,0x00,
  0x01,0xff,0xff,0xff,0xf8,0x00,0x01,0xc0,0x00,0x00,0x38,0x00,0x01,0xc0,0x00,0x00,0x38,0x00,0x01,0xc0,0x00,0x00,0x38,0x00,
  0x01,0xc0,0x00,0x00,0x38,0x00,0x01,0xc0,0x00,0x00,0x38,0x00,0x01,0xc0,0x00,0x00,0x38,0x00,0x01,0xc0,0x00,0x00,0x38,0x00,
  0x01,0xc0,0x00,0x00,0x38,0x00,0x01,0xc0,0x00,0x00,0x38,0x00,0x01,0xc0,0x00,0x00,0x38,0x00,0x01,0xc0,0x00,0x00,0x38,0x00,
  0x01,0xc0,0x00,0x00,0x38,0x00,0x01,0xc0,0x00,0x00,0x38,0x00,0x01,0xc0,0x00,0x00,0x38,0x00,0x01,0xc0,0x00,0x00,0x38,0x00,
  0x01,0xc0,0x00,0x00,0x38,0x00,0x01,0xc0,0x00,0x00,0x38,0x00,0x01,0xc0,0x00,0x00,0x38,0x00,0x01,0xc0,0x00,0x00,0x38,0x00,
  0x01,0xc0,0x00,0x00,0x38,0x00,0x01,0xc0,0x00,0x00,0x38,0x00,0x01,0xc0,0x00,0x00,0x38,0x00,0x01,0xc0,0x00,0x00,0x38,0x00,
  0x01,0xc0,0x00,0x00,0x38,0x00,0x01,0xc0,0x00,0x00,0x38,0x00,0x01,0xc0,0x00,0x00,0x38,0x00,0x01,0xc0,0x00,0x00,0x38,0x00,
  0x01,0xc0,0x00,0x00,0x38,0x00,0x01,0xc0,0x00,0x00,0x38,0x00,0x01,0xc0,0x00,0x00,0x38,0x00,0x01,0xc0,0x00,0x00,0x38,0x00,
  0x01,0xc0,0x00,0x00,0x38,0x00,0x01,0xff,0xff,0xff,0xf8,0x00,0x01,0xff,0xff,0xff,0xf8,0x00,0x00,0x00,0x00,0x00,0x00,0x00,
  0x00,0x00,0x00,0x00,0x00,0x00,0x00,0x00,0x00,0x00,0x00,0x00,0x00,0x00,0x00,0x00,0x00,0x00,0x00,0x00,0x00,0x00,0x00,0x00,
  0x00,0x00,0x00,0x00,0x00,0x00,0x00,0x00,0x00,0x00,0x00,0x00,0x00,0x00,0x00,0x00,0x00,0x00,0x00,0x00,0x00,0x00,0x00,0x00,
  0x00,0x00,0x00,0x00,0x00,0x00,0x00,0x00,0x00,0x00,0x00,0x00,0x00,0x00,0x00,0x00,0x00,0x00,0x00,0x00,0x00,0x00,0x00,0x00,
  0x00,0x00,0x00,0x00,0x00,0x00,0x00,0x00,0x00,0x00,0x00,0x00,0x00,0x00,0x00,0x00,0x00,0x00,0x00,0x00,0x00,0x00,0x00,0x00,
  0x00,0x00,0x00,0x00,0x00,0x00,0x00,0x00,0x00,0x00,0x00,0x00,0x00,0x00,0x00,0x00,0x00,0x00,0x00,0x00,0x00,0x00,0x00,0x00,
  0x00,0x00,0x00,0x00,0x00,0x00,0x00,0x00,0x00,0x00,0x00,0x00,0x00,0x00,0x00,0x00,0x00,0x00,0x00,0x00,0x00,0x00,0x00,0x00,
  0x00,0x00,0x00,0x00,0x00,0x00,0x00,0x00,0x00,0x00,0x00,0x00,0x00,0x00,0x00,0x00,0x00,0x00,0x01,0xff,0xff,0xff,0xf8,0x00,
  0x01,0xff,0xff,0xff,0xf8,0x00,0x01,0xc0,0x00,0x00,0x38,0x00,0x01,0xc0,0x00,0x00,0x38,0x00,0x01,0xc0,0x00,0x00,0x38,0x00,
  0x01,0xc0,0x00,0x00,0x38,0x00,0x01,0xc0,0x00,0x00,0x38,0x00,0x01,0xc0,0x00,0x00,0x38,0x00,0x01,0xc0,0x00,0x00,0x38,0x00,
  0x01,0xc0,0x00,0x00,0x38,0x00,0x01,0xc0,0x00,0x00,0x38,0x00,0x01,0xc0,0x00,0x00,0x38,0x00,0x01,0xc0,0x00,0x00,0x38,0x00,
  0x01,0xc0,0x00,0x00,0x38,0x00,0x01,0xc0,0x00,0x00,0x38,0x00,0x01,0xc0,0x00,0x00,0x38,0x00,0x01,0xc0,0x00,0x00,0x38,0x00,
  0x01,0xc0,0x00,0x00,0x38,0x00,0x01,0xc0,0x00,0x00,0x38,0x00,0x01,0xc0,0x00,0x00,0x38,0x00,0x01,0xc0,0x00,0x00,0x38,0x00,
  0x01,0xc0,0x00,0x00,0x38,0x00,0x01,0xc0,0x00,0x00,0x38,0x00,0x01,0xc0,0x00,0x00,0x38,0x00,0x01,0xc0,0x00,0x00,0x38,0x00,
  0x01,0xc0,0x00,0x00,0x38,0x00,0x01,0xc0,0x00,0x00,0x38,0x00,0x01,0xc0,0x00,0x00,0x38,0x00,0x01,0xc0,0x00,0x00,0x38,0x00,
  0x01,0xc0,0x00,0x00,0x38,0x00,0x01,0xc0,0x00,0x00,0x38,0x00,0x01,0xc0,0x00,0x00,0x38,0x00,0x01,0xc0,0x00,0x00,0x38,0x00,
  0x01,0xc0,0x00,0x00,0x38,0x00,0x01,0xff,0xff,0xff,0xf8,0x00,0x01,0xff,0xff,0xff,0xf8,0x00,0x00,0x00,0x00,0x00,0x00,0x00,
  0x00,0x00,0x00,0x00,0x00,0x00,0x00,0x00,0x00,0x00,0x00,0x00,0x00,0x00,0x00,0x00,0x00,0x00,0x00,0x00,0x00,0x00,0x00,0x00,
  0x00,0x00,0x00,0x00,0x00,0x00,0x00,0x00,0x00,0x00,0x00,0x00,0x00,0x00,0x00,0x00,0x00,0x00,0x00,0x00,0x00,0x00,0x00,0x00,
  0x00,0x00,0x00,0x00,0x00,0x00,0x00,0x00,0x00,0x00,0x00,0x00,0x00,0x00,0x00,0x00,0x00,0x00,0x00,0x00,0x00,0x00,0x00,0x00,
  0x00,0x00,0x00,0x00,0x00,0x00,0x00,0x00,0x00,0x00,0x00,0x00,0x00,0x00,0x00,0x00,0x00,0x00,0x00,0x00,0x00,0x00,0x00,0x00,
  0x00,0x00,0x00,0x00,0x00,0x00,0x00,0x00,0x00,0x00,0x00,0x00,0x00,0x00,0x00,0x00,0x00,0x00,0x00,0x00,0x00,0x00,0x00,0x00,
  0x00,0x00,0x00,0x00,0x00,0x00,0x00,0x00,0x00,0x00,0x00,0x00,0x00,0x00,0x00,0x00,0x00,0x00,0x00,0x00,0x00,0x00,0x00,0x00,
  0x00,0x00,0x00,0x00,0x00,0x00,0x00,0x00,0x00,0x00,0x00,0x00,0x00,0x00,0x00,0x00,0x00,0x00,0x01,0xff,0xff,0xff,0xf8,0x00,
  0x01,0xff,0xff,0xff,0xf8,0x00,0x01,0xc0,0x00,0x00,0x38,0x00,0x01,0xc0,0x00,0x00,0x38,0x00,0x01,0xc0,0x00,0x00,0x38,0x00,
  0x01,0xc0,0x00,0x00,0x38,0x00,0x01,0xc0,0x00,0x00,0x38,0x00,0x01,0xc0,0x00,0x00,0x38,0x00,0x01,0xc0,0x00,0x00,0x38,0x00,
  0x01,0xc0,0x00,0x00,0x38,0x00,0x01,0xc0,0x00,0x00,0x38,0x00,0x01,0xc0,0x00,0x00,0x38,0x00,0x01,0xc0,0x00,0x00,0x38,0x00,
  0x01,0xc0,0x00,0x00,0x38,0x00,0x01,0xc0,0x00,0x00,0x38,0x00,0x01,0xc0,0x00,0x00,0x38,0x00,0x01,0xc0,0x00,0x00,0x38,0x00,
  0x01,0xc0,0x00,0x00,0x38,0x00,0x01,0xc0,0x00,0x00,0x38,0x00,0x01,0xc0,0x00,0x00,0x38,0x00,0x01,0xc0,0x00,0x00,0x38,0x00,
  0x01,0xc0,0x00,0x00,0x38,0x00,0x01,0xc0,0x00,0x00,0x38,0x00,0x01,0xc0,0x00,0x00,0x38,0x00,0x01,0xc0,0x00,0x00,0x38,0x00,
  0x01,0xc0,0x00,0x00,0x38,0x00,0x01,0xc0,0x00,0x00,0x38,0x00,0x01,0xc0,0x00,0x00,0x38,0x00,0x01,0xc0,0x00,0x00,0x38,0x00,
  0x01,0xc0,0x00,0x00,0x38,0x00,0x01,0xc0,0x00,0x00,0x38,0x00,0x01,0xc0,0x00,0x00,0x38,0x00,0x01,0xc0,0x00,0x00,0x38,0x00,
  0x01,0xc0,0x00,0x00,0x38,0x00,0x01,0xff,0xff,0xff,0xf8,0x00,0x01,0xff,0xff,0xff,0xf8,0x00,0x00,0x00,0x00,0x00,0x00,0x00,
  0x00,0x00,0x00,0x00,0x00,0x00,0x00,0x00,0x00,0x00,0x00,0x00,0x00,0x00,0x00,0x00,0x00,0x00,0x00,0x00,0x00,0x00,0x00,0x00,
  0x00,0x00,0x00,0x00,0x00,0x00,0x00,0x00,0x00,0x00,0x00,0x00,0x00,0x00,0x00,0x00,0x00,0x00,0x00,0x00,0x00,0x00,0x00,0x00,
  0x00,0x00,0x00,0x00,0x00,0x00,0x00,0x00,0x00,0x00,0x00,0x00,0x00,0x00,0x00,0x00,0x00,0x00,0x00,0x00,0x00,0x00,0x00,0x00,
  0x00,0x00,0x00,0x00,0x00,0x00,0x00,0x00,0x00,0x00,0x00,0x00,0x00,0x00,0x00,0x00,0x00,0x00,0x00,0x00,0x00,0x00,0x00,0x00,
  0x00,0x00,0x00,0x00,0x00,0x00,0x00,0x00,0x00,0x00,0x00,0x00,0x00,0x00,0x00,0x00,0x00,0x00,0x00,0x00,0x00,0x00,0x00,0x00,
  0x00,0x00,0x00,0x00,0x00,0x00,0x00,0x00,0x00,0x00,0x00,0x00,0x00,0x00,0x00,0x00,0x00,0x00,0x00,0x00,0x00,0x00,0x00,0x00,
  0x00,0x00,0x00,0x00,0x00,0x00,0x00,0x00,0x00,0x00,0x00,0x00,0x00,0x00,0x00,0x00,0x00,0x00,0x01,0xff,0xff,0xff,0xf8,0x00,
  0x01,0xff,0xff,0xff,0xf8,0x00,0x01,0xc0,0x00,0x00,0x38,0x00,0x01,0xc0,0x00,0x00,0x38,0x00,0x01,0xc0,0x00,0x00,0x38,0x00,
  0x01,0xc0,0x00,0x00,0x38,0x00,0x01,0xc0,0x00,0x00,0x38,0x00,0x01,0xc0,0x00,0x00,0x38,0x00,0x01,0xc0,0x00,0x00,0x38,0x00,
  0x01,0xc0,0x00,0x00,0x38,0x00,0x01,0xc0,0x00,0x00,0x38,0x00,0x01,0xc0,0x00,0x00,0x38,0x00,0x01,0xc0,0x00,0x00,0x38,0x00,
  0x01,0xc0,0x00,0x00,0x38,0x00,0x01,0xc0,0x00,0x00,0x38,0x00,0x01,0xc0,0x00,0x00,0x38,0x00,0x01,0xc0,0x00,0x00,0x38,0x00,
  0x01,0xc0,0x00,0x00,0x38,0x00,0x01,0xc0,0x00,0x00,0x38,0x00,0x01,0xc0,0x00,0x00,0x38,0x00,0x01,0xc0,0x00,0x00,0x38,0x00,
  0x01,0xc0,0x00,0x00,0x38,0x00,0x01,0xc0,0x00,0x00,0x38,0x00,0x01,0xc0,0x00,0x00,0x38,0x00,0x01,0xc0,0x00,0x00,0x38,0x00,
  0x01,0xc0,0x00,0x00,0x38,0x00,0x01,0xc0,0x00,0x00,0x38,0x00,0x01,0xc0,0x00,0x00,0x38,0x00,0x01,0xc0,0x00,0x00,0x38,0x00,
  0x01,0xc0,0x00,0x00,0x38,0x00,0x01,0xc0,0x00,0x00,0x38,0x00,0x01,0xc0,0x00,0x00,0x38,0x00,0x01,0xc0,0x00,0x00,0x38,0x00,
  0x01,0xc0,0x00,0x00,0x38,0x00,0x01,0xff,0xff,0xff,0xf8,0x00,0x01,0xff,0xff,0xff,0xf8,0x00,0x00,0x00,0x00,0x00,0x00,0x00,
  0x00,0x00,0x00,0x00,0x00,0x00,0x00,0x00,0x00,0x00,0x00,0x00,0x00,0x00,0x00,0x00,0x00,0x00,0x00,0x00,0x00,0x00,0x00,0x00,
  0x00,0x00,0x00,0x00,0x00,0x00,0x00,0x00,0x00,0x00,0x00,0x00,0x00,0x00,0x00,0x00,0x00,0x00,0x00,0x00,0x00,0x00,0x00,0x00,
  0x00,0x00,0x00,0x00,0x00,0x00,0x00,0x00,0x00,0x00,0x00,0x00,0x00,0x00,0x00,0x00,0x00,0x00,0x00,0x00,0x00,0x00,0x00,0x00,
  0x00,0x00,0x00,0x00,0x00,0x00,0x00,0x00,0x00,0x00,0x00,0x00,0x00,0x00,0x00,0x00,0x00,0x00,0x00,0x00,0x00,0x00,0x00,0x00,
  0x00,0x00,0x00,0x00,0x00,0x00,0x00,0x00,0x00,0x00,0x00,0x00,0x00,0x00,0x00,0x00,0x00,0x00,0x00,0x00,0x00,0x00,0x00,0x00,
  0x00,0x00,0x00,0x00,0x00,0x00,0x00,0x00,0x00,0x00,0x00,0x00,0x00,0x00,0x00,0x00,0x00,0x00,0x00,0x00,0x00,0x00,0x00,0x00,
  0x00,0x00,0x00,0x00,0x00,0x00,0x00,0x00,0x00,0x00,0x00,0x00,0x00,0x00,0x00,0x00,0x00,0x00,0x01,0xff,0xff,0xff,0xf8,0x00,
  0x01,0xff,0xff,0xff,0xf8,0x00,0x01,0xc0,0x00,0x00,0x38,0x00,0x01,0xc0,0x00,0x00,0x38,0x00,0x01,0xc0,0x00,0x00,0x38,0x00,
  0x01,0xc0,0x00,0x00,0x38,0x00,0x01,0xc0,0x00,0x00,0x38,0x00,0x01,0xc0,0x00,0x00,0x38,0x00,0x01,0xc0,0x00,0x00,0x38,0x00,
  0x01,0xc0,0x00,0x00,0x38,0x00,0x01,0xc0,0x00,0x00,0x38,0x00,0x01,0xc0,0x00,0x00,0x38,0x00,0x01,0xc0,0x00,0x00,0x38,0x00,
  0x01,0xc0,0x00,0x00,0x38,0x00,0x01,0xc0,0x00,0x00,0x38,0x00,0x01,0xc0,0x00,0x00,0x38,0x00,0x01,0xc0,0x00,0x00,0x38,0x00,
  0x01,0xc0,0x00,0x00,0x38,0x00,0x01,0xc0,0x00,0x00,0x38,0x00,0x01,0xc0,0x00,0x00,0x38,0x00,0x01,0xc0,0x00,0x00,0x38,0x00,
  0x01,0xc0,0x00,0x00,0x38,0x00,0x01,0xc0,0x00,0x00,0x38,0x00,0x01,0xc0,0x00,0x00,0x38,0x00,0x01,0xc0,0x00,0x00,0x38,0x00,
  0x01,0xc0,0x00,0x00,0x38,0x00,0x01,0xc0,0x00,0x00,0x38,0x00,0x01,0xc0,0x00,0x00,0x38,0x00,0x01,0xc0,0x00,0x00,0x38,0x00,
  0x01,0xc0,0x00,0x00,0x38,0x00,0x01,0xc0,0x00,0x00,0x38,0x00,0x01,0xc0,0x00,0x00,0x38,0x00,0x01,0xc0,0x00,0x00,0x38,0x00,
  0x01,0xc0,0x00,0x00,0x38,0x00,0x01,0xff,0xff,0xff,0xf8,0x00,0x01,0xff,0xff,0xff,0xf8,0x00,0x00,0x00,0x00,0x00,0x00,0x00,
  0x00,0x00,0x00,0x00,0x00,0x00,0x00,0x00,0x00,0x00,0x00,0x00,0x00,0x00,0x00,0x00,0x00,0x00,0x00,0x00,0x00,0x00,0x00,0x00,
  0x00,0x00,0x00,0x00,0x00,0x00,0x00,0x00,0x00,0x00,0x00,0x00,0x00,0x00,0x00,0x00,0x00,0x00,0x00,0x00,0x00,0x00,0x00,0x00,
  0x00,0x00,0x00,0x00,0x00,0x00,0x00,0x00,0x00,0x00,0x00,0x00,0x00,0x00,0x00,0x00,0x00,0x00,0x00,0x00,0x00,0x00,0x00,0x00,
  0x00,0x00,0x00,0x00,0x00,0x00,0x00,0x00,0x00,0x00,0x00,0x00,0x00,0x00,0x00,0x00,0x00,0x00,0x00,0x00,0x00,0x00,0x00,0x00,
  0x00,0x00,0x00,0x00,0x00,0x00,0x00,0x00,0x00,0x00,0x00,0x00,0x00,0x00,0x00,0x00,0x00,0x00,0x00,0x00,0x00,0x00,0x00,0x00,
  0x00,0x00,0x00,0x00,0x00,0x00,0x00,0x00,0x00,0x00,0x00,0x00,0x00,0x00,0x00,0x00,0x00,0x00,0x00,0x00,0x00,0x00,0x00,0x00,
  0x00,0x00,0x00,0x00,0x00,0x00,0x00,0x00,0x00,0x00,0x00,0x00,0x00,0x00,0x00,0x00,0x00,0x00,0x01,0xff,0xff,0xff,0xf8,0x00,
  0x01,0xff,0xff,0xff,0xf8,0x00,0x01,0xc0,0x00,0x00,0x38,0x00,0x01,0xc0,0x00,0x00,0x38,0x00,0x01,0xc0,0x00,0x00,0x38,0x00,
  0x01,0xc0,0x00,0x00,0x38,0x00,0x01,0xc0,0x00,0x00,0x38,0x00,0x01,0xc0,0x00,0x00,0x38,0x00,0x01,0xc0,0x00,0x00,0x38,0x00,
  0x01,0xc0,0x00,0x00,0x38,0x00,0x01,0xc0,0x00,0x00,0x38,0x00,0x01,0xc0,0x00,0x00,0x38,0x00,0x01,0xc0,0x00,0x00,0x38,0x00,
  0x01,0xc0,0x00,0x00,0x38,0x00,0x01,0xc0,0x00,0x00,0x38,0x00,0x01,0xc0,0x00,0x00,0x38,0x00,0x01,0xc0,0x00,0x00,0x38,0x00,
  0x01,0xc0,0x00,0x00,0x38,0x00,0x01,0xc0,0x00,0x00,0x38,0x00,0x01,0xc0,0x00,0x00,0x38,0x00,0x01,0xc0,0x00,0x00,0x38,0x00,
  0x01,0xc0,0x00,0x00,0x38,0x00,0x01,0xc0,0x00,0x00,0x38,0x00,0x01,0xc0,0x00,0x00,0x38,0x00,0x01,0xc0,0x00,0x00,0x38,0x00,
  0x01,0xc0,0x00,0x00,0x38,0x00,0x01,0xc0,0x00,0x00,0x38,0x00,0x01,0xc0,0x00,0x00,0x38,0x00,0x01,0xc0,0x00,0x00,0x38,0x00,
  0x01,0xc0,0x00,0x00,0x38,0x00,0x01,0xc0,0x00,0x00,0x38,0x00,0x01,0xc0,0x00,0x00,0x38,0x00,0x01,0xc0,0x00,0x00,0x38,0x00,
  0x01,0xc0,0x00,0x00,0x38,0x00,0x01,0xff,0xff,0xff,0xf8,0x00,0x01,0xff,0xff,0xff,0xf8,0x00,0x00,0x00,0x00,0x00,0x00,0x00,
  0x00,0x00,0x00,0x00,0x00,0x00,0x00,0x00,0x00,0x00,0x00,0x00,0x00,0x00,0x00,0x00,0x00,0x00,0x00,0x00,0x00,0x00,0x00,0x00,
  0x00,0x00,0x00,0x00,0x00,0x00,0x00,0x00,0x00,0x00,0x00,0x00,0x00,0x00,0x00,0x00,0x00,0x00,0x00,0x00,0x00,0x00,0x00,0x00,
  0x00,0x00,0x00,0x00,0x00,0x00,0x00,0x00,0x00,0x00,0x00,0x00,0x00,0x00,0x00,0x00,0x00,0x00,0x00,0x00,0x00,0x00,0x00,0x00,
  0x00,0x00,0x00,0x00,0x00,0x00,0x00,0x00,0x00,0x00,0x00,0x00,0x00,0x00,0x00,0x00,0x00,0x00,0x00,0x00,0x00,0x00,0x00,0x00,
  0x00,0x00,0x00,0x00,0x00,0x00,0x00,0x00,0x00,0x00,0x00,0x00,0x00,0x00,0x00,0x00,0x00,0x00,0x00,0x00,0x00,0x00,0x00,0x00,
  0x00,0x00,0x00,0x00,0x00,0x00,0x00,0x00,0x00,0x00,0x00,0x00,0x00,0x00,0x00,0x00,0x00,0x00,0x00,0x00,0x00,0x00,0x00,0x00,
  0x00,0x00,0x00,0x00,0x00,0x00,0x00,0x00,0x00,0x00,0x00,0x00,0x00,0x00,0x00,0x00,0x00,0x00,0x01,0xff,0xff,0xff,0xf8,0x00,
  0x01,0xff,0xff,0xff,0xf8,0x00,0x01,0xc0,0x00,0x00,0x38,0x00,0x01,0xc0,0x00,0x00,0x38,0x00,0x01,0xc0,0x00,0x00,0x38,0x00,
  0x01,0xc0,0x00,0x00,0x38,0x00,0x01,0xc0,0x00,0x00,0x38,0x00,0x01,0xc0,0x00,0x00,0x38,0x00,0x01,0xc0,0x00,0x00,0x38,0x00,
  0x01,0xc0,0x00,0x00,0x38,0x00,0x01,0xc0,0x00,0x00,0x38,0x00,0x01,0xc0,0x00,0x00,0x38,0x00,0x01,0xc0,0x00,0x00,0x38,0x00,
  0x01,0xc0,0x00,0x00,0x38,0x00,0x01,0xc0,0x00,0x00,0x38,0x00,0x01,0xc0,0x00,0x00,0x38,0x00,0x01,0xc0,0x00,0x00,0x38,0x00,
  0x01,0xc0,0x00,0x00,0x38,0x00,0x01,0xc0,0x00,0x00,0x38,0x00,0x01,0xc0,0x00,0x00,0x38,0x00,0x01,0xc0,0x00,0x00,0x38,0x00,
  0x01,0xc0,0x00,0x00,0x38,0x00,0x01,0xc0,0x00,0x00,0x38,0x00,0x01,0xc0,0x00,0x00,0x38,0x00,0x01,0xc0,0x00,0x00,0x38,0x00,
  0x01,0xc0,0x00,0x00,0x38,0x00,0x01,0xc0,0x00,0x00,0x38,0x00,0x01,0xc0,0x00,0x00,0x38,0x00,0x01,0xc0,0x00,0x00,0x38,0x00,
  0x01,0xc0,0x00,0x00,0x38,0x00,0x01,0xc0,0x00,0x00,0x38,0x00,0x01,0xc0,0x00,0x00,0x38,0x00,0x01,0xc0,0x00,0x00,0x38,0x00,
  0x01,0xc0,0x00,0x00,0x38,0x00,0x01,0xff,0xff,0xff,0xf8,0x00,0x01,0xff,0xff,0xff,0xf8,0x00,0x00,0x00,0x00,0x00,0x00,0x00,
  0x00,0x00,0x00,0x00,0x00,0x00,0x00,0x00,0x00,0x00,0x00,0x00,0x00,0x00,0x00,0x00,0x00,0x00,0x00,0x00,0x00,0x00,0x00,0x00,
  0x00,0x00,0x00,0x00,0x00,0x00,0x00,0x00,0x00,0x00,0x00,0x00,0x00,0x00,0x00,0x00,0x00,0x00,0x00,0x00,0x00,0x00,0x00,0x00,
  0x00,0x00,0x00,0x00,0x00,0x00,0x00,0x00,0x00,0x00,0x00,0x00,0x00,0x00,0x00,0x00,0x00,0x00,0x00,0x00,0x00,0x00,0x00,0x00,
  0x00,0x00,0x00,0x00,0x00,0x00,0x00,0x00,0x00,0x00,0x00,0x00,0x00,0x00,0x00,0x00,0x00,0x00,0x00,0x00,0x00,0x00,0x00,0x00,
  0x00,0x00,0x00,0x00,0x00,0x00,0x00,0x00,0x00,0x00,0x00,0x00,0x00,0x00,0x00,0x00,0x00,0x00,0x00,0x00,0x00,0x00,0x00,0x00,
  0x00,0x00,0x00,0x00,0x00,0x00,0x00,0x00,0x00,0x00,0x00,0x00,0x00,0x00,0x00,0x00,0x00,0x00,0x00,0x00,0x00,0x00,0x00,0x00,
  0x00,0x00,0x00,0x00,0x00,0x00,0x00,0x00,0x00,0x00,0x00,0x00,0x00,0x00,0x00,0x00,0x00,0x00,0x01,0xff,0xff,0xff,0xf8,0x00,
  0x01,0xff,0xff,0xff,0xf8,0x00,0x01,0xc0,0x00,0x00,0x38,0x00,0x01,0xc0,0x00,0x00,0x38,0x00,0x01,0xc0,0x00,0x00,0x38,0x00,
  0x01,0xc0,0x00,0x00,0x38,0x00,0x01,0xc0,0x00,0x00,0x38,0x00,0x01,0xc0,0x00,0x00,0x38,0x00,0x01,0xc0,0x00,0x00,0x38,0x00,
  0x01,0xc0,0x00,0x00,0x38,0x00,0x01,0xc0,0x00,0x00,0x38,0x00,0x01,0xc0,0x00,0x00,0x38,0x00,0x01,0xc0,0x00,0x00,0x38,0x00,
  0x01,0xc0,0x00,0x00,0x38,0x00,0x01,0xc0,0x00,0x00,0x38,0x00,0x01,0xc0,0x00,0x00,0x38,0x00,0x01,0xc0,0x00,0x00,0x38,0x00,
  0x01,0xc0,0x00,0x00,0x38,0x00,0x01,0xc0,0x00,0x00,0x38,0x00,0x01,0xc0,0x00,0x00,0x38,0x00,0x01,0xc0,0x00,0x00,0x38,0x00,
  0x01,0xc0,0x00,0x00,0x38,0x00,0x01,0xc0,0x00,0x00,0x38,0x00,0x01,0xc0,0x00,0x00,0x38,0x00,0x01,0xc0,0x00,0x00,0x38,0x00,
  0x01,0xc0,0x00,0x00,0x38,0x00,0x01,0xc0,0x00,0x00,0x38,0x00,0x01,0xc0,0x00,0x00,0x38,0x00,0x01,0xc0,0x00,0x00,0x38,0x00,
  0x01,0xc0,0x00,0x00,0x38,0x00,0x01,0xc0,0x00,0x00,0x38,0x00,0x01,0xc0,0x00,0x00,0x38,0x00,0x01,0xc0,0x00,0x00,0x38,0x00,
  0x01,0xc0,0x00,0x00,0x38,0x00,0x01,0xff,0xff,0xff,0xf8,0x00,0x01,0xff,0xff,0xff,0xf8,0x00,0x00,0x00,0x00,0x00,0x00,0x00,
  0x00,0x00,0x00,0x00,0x00,0x00,0x00,0x00,0x00,0x00,0x00,0x00,0x00,0x00,0x00,0x00,0x00,0x00,0x00,0x00,0x00,0x00,0x00,0x00,
  0x00,0x00,0x00,0x00,0x00,0x00,0x00,0x00,0x00,0x00,0x00,0x00,0x00,0x00,0x00,0x00,0x00,0x00,0x00,0x00,0x00,0x00,0x00,0x00,
  0x00,0x00,0x00,0x00,0x00,0x00,0x00,0x00,0x00,0x00,0x00,0x00,0x00,0x00,0x00,0x00,0x00,0x00,0x00,0x00,0x00,0x00,0x00,0x00,
  0x00,0x00,0x00,0x00,0x00,0x00,0x00,0x00,0x00,0x00,0x00,0x00,0x00,0x00,0x00,0x00,0x00,0x00,0x00,0x00,0x00,0x00,0x00,0x00,
  0x00,0x00,0x00,0x00,0x00,0x00,0x00,0x00,0x00,0x00,0x00,0x00,0x00,0x00,0x00,0x00,0x00,0x00,0x00,0x00,0x00,0x00,0x00,0x00,
  0x00,0x00,0x00,0x00,0x00,0x00,0x00,0x00,0x00,0x00,0x00,0x00,0x00,0x00,0x00,0x00,0x00,0x00,0x00,0x00,0x00,0x00,0x00,0x00,
  0x00,0x00,0x00,0x00,0x00,0x00,0x00,0x00,0x00,0x00,0x00,0x00,0x00,0x00,0x00,0x00,0x00,0x00,0x01,0xff,0xff,0xff,0xf8,0x00,
  0x01,0xff,0xff,0xff,0xf8,0x00,0x01,0xc0,0x00,0x00,0x38,0x00,0x01,0xc0,0x00,0x00,0x38,0x00,0x01,0xc0,0x00,0x00,0x38,0x00,
  0x01,0xc0,0x00,0x00,0x38,0x00,0x01,0xc0,0x00,0x00,0x38,0x00,0x01,0xc0,0x00,0x00,0x38,0x00,0x01,0xc0,0x00,0x00,0x38,0x00,
  0x01,0xc0,0x00,0x00,0x38,0x00,0x01,0xc0,0x00,0x00,0x38,0x00,0x01,0xc0,0x00,0x00,0x38,0x00,0x01,0xc0,0x00,0x00,0x38,0x00,
  0x01,0xc0,0x00,0x00,0x38,0x00,0x01,0xc0,0x00,0x00,0x38,0x00,0x01,0xc0,0x00,0x00,0x38,0x00,0x01,0xc0,0x00,0x00,0x38,0x00,
  0x01,0xc0,0x00,0x00,0x38,0x00,0x01,0xc0,0x00,0x00,0x38,0x00,0x01,0xc0,0x00,0x00,0x38,0x00,0x01,0xc0,0x00,0x00,0x38,0x00,
  0x01,0xc0,0x00,0x00,0x38,0x00,0x01,0xc0,0x00,0x00,0x38,0x00,0x01,0xc0,0x00,0x00,0x38,0x00,0x01,0xc0,0x00,0x00,0x38,0x00,
  0x01,0xc0,0x00,0x00,0x38,0x00,0x01,0xc0,0x00,0x00,0x38,0x00,0x01,0xc0,0x00,0x00,0x38,0x00,0x01,0xc0,0x00,0x00,0x38,0x00,
  0x01,0xc0,0x00,0x00,0x38,0x00,0x01,0xc0,0x00,0x00,0x38,0x00,0x01,0xc0,0x00,0x00,0x38,0x00,0x01,0xc0,0x00,0x00,0x38,0x00,
  0x01,0xc0,0x00,0x00,0x38,0x00,0x01,0xff,0xff,0xff,0xf8,0x00,0x01,0xff,0xff,0xff,0xf8,0x00,0x00,0x00,0x00,0x00,0x00,0x00,
  0x00,0x00,0x00,0x00,0x00,0x00,0x00,0x00,0x00,0x00,0x00,0x00,0x00,0x00,0x00,0x00,0x00,0x00,0x00,0x00,0x00,0x00,0x00,0x00,
  0x00,0x00,0x00,0x00,0x00,0x00,0x00,0x00,0x00,0x00,0x00,0x00,0x00,0x00,0x00,0x00,0x00,0x00,0x00,0x00,0x00,0x00,0x00,0x00,
  0x00,0x00,0x00,0x00,0x00,0x00,0x00,0x00,0x00,0x00,0x00,0x00,0x00,0x00,0x00,0x00,0x00,0x00,0x00,0x00,0x00,0x00,0x00,0x00,
  0x00,0x00,0x00,0x00,0x00,0x00,0x00,0x00,0x00,0x00,0x00,0x00,0x00,0x00,0x00,0x00,0x00,0x00,0x00,0x00,0x00,0x00,0x00,0x00,
  0x00,0x00,0x00,0x00,0x00,0x00,0x00,0x00,0x00,0x00,0x00,0x00,0x00,0x00,0x00,0x00,0x00,0x00,0x00,0x00,0x00,0x00,0x00,0x00,
  0x00,0x00,0x00,0x00,0x00,0x00,0x00,0x00,0x00,0x00,0x00,0x00,0x00,0x00,0x00,0x00,0x00,0x00,0x00,0x00,0x00,0x00,0x00,0x00,
  0x00,0x00,0x00,0x00,0x00,0x00,0x00,0x00,0x00,0x00,0x00,0x00,0x00,0x00,0x00,0x00,0x00,0x00,0x01,0xff,0xff,0xff,0xf8,0x00,
  0x01,0xff,0xff,0xff,0xf8,0x00,0x01,0xc0,0x00,0x00,0x38,0x00,0x01,0xc0,0x00,0x00,0x38,0x00,0x01,0xc0,0x00,0x00,0x38,0x00,
  0x01,0xc0,0x00,0x00,0x38,0x00,0x01,0xc0,0x00,0x00,0x38,0x00,0x01,0xc0,0x00,0x00,0x38,0x00,0x01,0xc0,0x00,0x00,0x38,0x00,
  0x01,0xc0,0x00,0x00,0x38,0x00,0x01,0xc0,0x00,0x00,0x38,0x00,0x01,0xc0,0x00,0x00,0x38,0x00,0x01,0xc0,0x00,0x00,0x38,0x00,
  0x01,0xc0,0x00,0x00,0x38,0x00,0x01,0xc0,0x00,0x00,0x38,0x00,0x01,0xc0,0x00,0x00,0x38,0x00,0x01,0xc0,0x00,0x00,0x38,0x00,
  0x01,0xc0,0x00,0x00,0x38,0x00,0x01,0xc0,0x00,0x00,0x38,0x00,0x01,0xc0,0x00,0x00,0x38,0x00,0x01,0xc0,0x00,0x00,0x38,0x00,
  0x01,0xc0,0x00,0x00,0x38,0x00,0x01,0xc0,0x00,0x00,0x38,0x00,0x01,0xc0,0x00,0x00,0x38,0x00,0x01,0xc0,0x00,0x00,0x38,0x00,
  0x01,0xc0,0x00,0x00,0x38,0x00,0x01,0xc0,0x00,0x00,0x38,0x00,0x01,0xc0,0x00,0x00,0x38,0x00,0x01,0xc0,0x00,0x00,0x38,0x00,
  0x01,0xc0,0x00,0x00,0x38,0x00,0x01,0xc0,0x00,0x00,0x38,0x00,0x01,0xc0,0x00,0x00,0x38,0x00,0x01,0xc0,0x00,0x00,0x38,0x00,
  0x01,0xc0,0x00,0x00,0x38,0x00,0x01,0xff,0xff,0xff,0xf8,0x00,0x01,0xff,0xff,0xff,0xf8,0x00,0x00,0x00,0x00,0x00,0x00,0x00,
  0x00,0x00,0x00,0x00,0x00,0x00,0x00,0x00,0x00,0x00,0x00,0x00,0x00,0x00,0x00,0x00,0x00,0x00,0x00,0x00,0x00,0x00,0x00,0x00,
  0x00,0x00,0x00,0x00,0x00,0x00,0x00,0x00,0x00,0x00,0x00,0x00,0x00,0x00,0x00,0x00,0x00,0x00,0x00,0x00,0x00,0x00,0x00,0x00,
  0x00,0x00,0x00,0x00,0x00,0x00,0x00,0x00,0x00,0x00,0x00,0x00,0x00,0x00,0x00,0x00,0x00,0x00,0x00,0x00,0x00,0x00,0x00,0x00,
  0x00,0x00,0x00,0x00,0x00,0x00,0x00,0x00,0x00,0x00,0x00,0x00,0x00,0x00,0x00,0x00,0x00,0x00,0x00,0x00,0x00,0x00,0x00,0x00,
  0x00,0x00,0x00,0x00,0x00,0x00,0x00,0x00,0x00,0x00,0x00,0x00,0x00,0x00,0x00,0x00,0x00,0x00,0x00,0x00,0x00,0x00,0x00,0x00,
  0x00,0x00,0x00,0x00,0x00,0x00,0x00,0x00,0x00,0x00,0x00,0x00,0x00,0x00,0x00,0x00,0x00,0x00,0x00,0x00,0x00,0x00,0x00,0x00,
  0x00,0x00,0x00,0x00,0x00,0x00,0x00,0x00,0x00,0x00,0x00,0x00,0x00,0x00,0x00,0x00,0x00,0x00,0x01,0xff,0xff,0xff,0xf8,0x00,
  0x01,0xff,0xff,0xff,0xf8,0x00,0x01,0xc0,0x00,0x00,0x38,0x00,0x01,0xc0,0x00,0x00,0x38,0x00,0x01,0xc0,0x00,0x00,0x38,0x00,
  0x01,0xc0,0x00,0x00,0x38,0x00,0x01,0xc0,0x00,0x00,0x38,0x00,0x01,0xc0,0x00,0x00,0x38,0x00,0x01,0xc0,0x00,0x00,0x38,0x00,
  0x01,0xc0,0x00,0x00,0x38,0x00,0x01,0xc0,0x00,0x00,0x38,0x00,0x01,0xc0,0x00,0x00,0x38,0x00,0x01,0xc0,0x00,0x00,0x38,0x00,
  0x01,0xc0,0x00,0x00,0x38,0x00,0x01,0xc0,0x00,0x00,0x38,0x00,0x01,0xc0,0x00,0x00,0x38,0x00,0x01,0xc0,0x00,0x00,0x38,0x00,
  0x01,0xc0,0x00,0x00,0x38,0x00,0x01,0xc0,0x00,0x00,0x38,0x00,0x01,0xc0,0x00,0x00,0x38,0x00,0x01,0xc0,0x00,0x00,0x38,0x00,
  0x01,0xc0,0x00,0x00,0x38,0x00,0x01,0xc0,0x00,0x00,0x38,0x00,0x01,0xc0,0x00,0x00,0x38,0x00,0x01,0xc0,0x00,0x00,0x38,0x00,
  0x01,0xc0,0x00,0x00,0x38,0x00,0x01,0xc0,0x00,0x00,0x38,0x00,0x01,0xc0,0x00,0x00,0x38,0x00,0x01,0xc0,0x00,0x00,0x38,0x00,
  0x01,0xc0,0x00,0x00,0x38,0x00,0x01,0xc0,0x00,0x00,0x38,0x00,0x01,0xc0,0x00,0x00,0x38,0x00,0x01,0xc0,0x00,0x00,0x38,0x00,
  0x01,0xc0,0x00,0x00,0x38,0x00,0x01,0xff,0xff,0xff,0xf8,0x00,0x01,0xff,0xff,0xff,0xf8,0x00,0x00,0x00,0x00,0x00,0x00,0x00,
  0x00,0x00,0x00,0x00,0x00,0x00,0x00,0x00,0x00,0x00,0x00,0x00,0x00,0x00,0x00,0x00,0x00,0x00,0x00,0x00,0x00,0x00,0x00,0x00,
  0x00,0x00,0x00,0x00,0x00,0x00,0x00,0x00,0x00,0x00,0x00,0x00,0x00,0x00,0x00,0x00,0x00,0x00,0x00,0x00,0x00,0x00,0x00,0x00,
  0x00,0x00,0x00,0x00,0x00,0x00,0x00,0x00,0x00,0x00,0x00,0x00,0x00,0x00,0x00,0x00,0x00,0x00,0x00,0x00,0x00,0x00,0x00,0x00,
  0x00,0x00,0x00,0x00,0x00,0x00,0x00,0x00,0x00,0x00,0x00,0x00,0x00,0x00,0x00,0x00,0x00,0x00,0x00,0x00,0x00,0x00,0x00,0x00,
  0x00,0x00,0x00,0x00,0x00,0x00,0x00,0x00,0x00,0x00,0x00,0x00,0x00,0x00,0x00,0x00,0x00,0x00,0x00,0x00,0x00,0x00,0x00,0x00,
  0x00,0x00,0x00,0x00,0x00,0x00,0x00,0x00,0x00,0x00,0x00,0x00,0x00,0x00,0x00,0x00,0x00,0x00,0x00,0x00,0x00,0x00,0x00,0x00,
  0x00,0x00,0x00,0x00,0x00,0x00,0x00,0x00,0x00,0x00,0x00,0x00,0x00,0x00,0x00,0x00,0x00,0x00,0x01,0xff,0xff,0xff,0xf8,0x00,
  0x01,0xff,0xff,0xff,0xf8,0x00,0x01,0xc0,0x00,0x00,0x38,0x00,0x01,0xc0,0x00,0x00,0x38,0x00,0x01,0xc0,0x00,0x00,0x38,0x00,
  0x01,0xc0,0x00,0x00,0x38,0x00,0x01,0xc0,0x00,0x00,0x38,0x00,0x01,0xc0,0x00,0x00,0x38,0x00,0x01,0xc0,0x00,0x00,0x38,0x00,
  0x01,0xc0,0x00,0x00,0x38,0x00,0x01,0xc0,0x00,0x00,0x38,0x00,0x01,0xc0,0x00,0x00,0x38,0x00,0x01,0xc0,0x00,0x00,0x38,0x00,
  0x01,0xc0,0x00,0x00,0x38,0x00,0x01,0xc0,0x00,0x00,0x38,0x00,0x01,0xc0,0x00,0x00,0x38,0x00,0x01,0xc0,0x00,0x00,0x38,0x00,
  0x01,0xc0,0x00,0x00,0x38,0x00,0x01,0xc0,0x00,0x00,0x38,0x00,0x01,0xc0,0x00,0x00,0x38,0x00,0x01,0xc0,0x00,0x00,0x38,0x00,
  0x01,0xc0,0x00,0x00,0x38,0x00,0x01,0xc0,0x00,0x00,0x38,0x00,0x01,0xc0,0x00,0x00,0x38,0x00,0x01,0xc0,0x00,0x00,0x38,0x00,
  0x01,0xc0,0x00,0x00,0x38,0x00,0x01,0xc0,0x00,0x00,0x38,0x00,0x01,0xc0,0x00,0x00,0x38,0x00,0x01,0xc0,0x00,0x00,0x38,0x00,
  0x01,0xc0,0x00,0x00,0x38,0x00,0x01,0xc0,0x00,0x00,0x38,0x00,0x01,0xc0,0x00,0x00,0x38,0x00,0x01,0xc0,0x00,0x00,0x38,0x00,
  0x01,0xc0,0x00,0x00,0x38,0x00,0x01,0xff,0xff,0xff,0xf8,0x00,0x01,0xff,0xff,0xff,0xf8,0x00,0x00,0x00,0x00,0x00,0x00,0x00,
  0x00,0x00,0x00,0x00,0x00,0x00,0x00,0x00,0x00,0x00,0x00,0x00,0x00,0x00,0x00,0x00,0x00,0x00,0x00,0x00,0x00,0x00,0x00,0x00,
  0x00,0x00,0x00,0x00,0x00,0x00,0x00,0x00,0x00,0x00,0x00,0x00,0x00,0x00,0x00,0x00,0x00,0x00,0x00,0x00,0x00,0x00,0x00,0x00,
  0x00,0x00,0x00,0x00,0x00,0x00,0x00,0x00,0x00,0x00,0x00,0x00,0x00,0x00,0x00,0x00,0x00,0x00,0x00,0x00,0x00,0x00,0x00,0x00,
  0x00,0x00,0x00,0x00,0x00,0x00,0x00,0x00,0x00,0x00,0x00,0x00,0x00,0x00,0x00,0x00,0x00,0x00,0x00,0x00,0x00,0x00,0x00,0x00,
  0x00,0x00,0x00,0x00,0x00,0x00,0x00,0x00,0x00,0x00,0x00,0x00,0x00,0x00,0x00,0x00,0x00,0x00,0x00,0x00,0x00,0x00,0x00,0x00,
  0x00,0x00,0x00,0x00,0x00,0x00,0x00,0x00,0x00,0x00,0x00,0x00,0x00,0x00,0x00,0x00,0x00,0x00,0x00,0x00,0x00,0x00,0x00,0x00,
  0x00,0x00,0x00,0x00,0x00,0x00,0x00,0x00,0x00,0x00,0x00,0x00,0x00,0x00,0x00,0x00,0x00,0x00,0x01,0xff,0xff,0xff,0xf8,0x00,
  0x01,0xff,0xff,0xff,0xf8,0x00,0x01,0xc0,0x00,0x00,0x38,0x00,0x01,0xc0,0x00,0x00,0x38,0x00,0x01,0xc0,0x00,0x00,0x38,0x00,
  0x01,0xc0,0x00,0x00,0x38,0x00,0x01,0xc0,0x00,0x00,0x38,0x00,0x01,0xc0,0x00,0x00,0x38,0x00,0x01,0xc0,0x00,0x00,0x38,0x00,
  0x01,0xc0,0x00,0x00,0x38,0x00,0x01,0xc0,0x00,0x00,0x38,0x00,0x01,0xc0,0x00,0x00,0x38,0x00,0x01,0xc0,0x00,0x00,0x38,0x00,
  0x01,0xc0,0x00,0x00,0x38,0x00,0x01,0xc0,0x00,0x00,0x38,0x00,0x01,0xc0,0x00,0x00,0x38,0x00,0x01,0xc0,0x00,0x00,0x38,0x00,
  0x01,0xc0,0x00,0x00,0x38,0x00,0x01,0xc0,0x00,0x00,0x38,0x00,0x01,0xc0,0x00,0x00,0x38,0x00,0x01,0xc0,0x00,0x00,0x38,0x00,
  0x01,0xc0,0x00,0x00,0x38,0x00,0x01,0xc0,0x00,0x00,0x38,0x00,0x01,0xc0,0x00,0x00,0x38,0x00,0x01,0xc0,0x00,0x00,0x38,0x00,
  0x01,0xc0,0x00,0x00,0x38,0x00,0x01,0xc0,0x00,0x00,0x38,0x00,0x01,0xc0,0x00,0x00,0x38,0x00,0x01,0xc0,0x00,0x00,0x38,0x00,
  0x01,0xc0,0x00,0x00,0x38,0x00,0x01,0xc0,0x00,0x00,0x38,0x00,0x01,0xc0,0x00,0x00,0x38,0x00,0x01,0xc0,0x00,0x00,0x38,0x00,
  0x01,0xc0,0x00,0x00,0x38,0x00,0x01,0xff,0xff,0xff,0xf8,0x00,0x01,0xff,0xff,0xff,0xf8,0x00,0x00,0x00,0x00,0x00,0x00,0x00,
  0x00,0x00,0x00,0x00,0x00,0x00,0x00,0x00,0x00,0x00,0x00,0x00,0x00,0x00,0x00,0x00,0x00,0x00,0x00,0x00,0x00,0x00,0x00,0x00,
  0x00,0x00,0x00,0x00,0x00,0x00,0x00,0x00,0x00,0x00,0x00,0x00,0x00,0x00,0x00,0x00,0x00,0x00,0x00,0x00,0x00,0x00,0x00,0x00,
  0x00,0x00,0x00,0x00,0x00,0x00,0x00,0x00,0x00,0x00,0x00,0x00,0x00,0x00,0x00,0x00,0x00,0x00,0x00,0x00,0x00,0x00,0x00,0x00,
  0x00,0x00,0x00,0x00,0x00,0x00,0x00,0x00,0x00,0x00,0x00,0x00,0x00,0x00,0x00,0x00,0x00,0x00,0x00,0x00,0x00,0x00,0x00,0x00,
  0x00,0x00,0x00,0x00,0x00,0x00,0x00,0x00,0x00,0x00,0x00,0x00,0x00,0x00,0x00,0x00,0x00,0x00,0x00,0x00,0x00,0x00,0x00,0x00,
  0x00,0x00,0x00,0x00,0x00,0x00,0x00,0x00,0x00,0x00,0x00,0x00,0x00,0x00,0x00,0x00,0x00,0x00,0x00,0x00,0x00,0x00,0x00,0x00,
  0x00,0x00,0x00,0x00,0x00,0x00,0x00,0x00,0x00,0x00,0x00,0x00,0x00,0x00,0x00,0x00,0x00,0x00,0x01,0xff,0xff,0xff,0xf8,0x00,
  0x01,0xff,0xff,0xff,0xf8,0x00,0x01,0xc0,0x00,0x00,0x38,0x00,0x01,0xc0,0x00,0x00,0x38,0x00,0x01,0xc0,0x00,0x00,0x38,0x00,
  0x01,0xc0,0x00,0x00,0x38,0x00,0x01,0xc0,0x00,0x00,0x38,0x00,0x01,0xc0,0x00,0x00,0x38,0x00,0x01,0xc0,0x00,0x00,0x38,0x00,
  0x01,0xc0,0x00,0x00,0x38,0x00,0x01,0xc0,0x00,0x00,0x38,0x00,0x01,0xc0,0x00,0x00,0x38,0x00,0x01,0xc0,0x00,0x00,0x38,0x00,
  0x01,0xc0,0x00,0x00,0x38,0x00,0x01,0xc0,0x00,0x00,0x38,0x00,0x01,0xc0,0x00,0x00,0x38,0x00,0x01,0xc0,0x00,0x00,0x38,0x00,
  0x01,0xc0,0x00,0x00,0x38,0x00,0x01,0xc0,0x00,0x00,0x38,0x00,0x01,0xc0,0x00,0x00,0x38,0x00,0x01,0xc0,0x00,0x00,0x38,0x00,
  0x01,0xc0,0x00,0x00,0x38,0x00,0x01,0xc0,0x00,0x00,0x38,0x00,0x01,0xc0,0x00,0x00,0x38,0x00,0x01,0xc0,0x00,0x00,0x38,0x00,
  0x01,0xc0,0x00,0x00,0x38,0x00,0x01,0xc0,0x00,0x00,0x38,0x00,0x01,0xc0,0x00,0x00,0x38,0x00,0x01,0xc0,0x00,0x00,0x38,0x00,
  0x01,0xc0,0x00,0x00,0x38,0x00,0x01,0xc0,0x00,0x00,0x38,0x00,0x01,0xc0,0x00,0x00,0x38,0x00,0x01,0xc0,0x00,0x00,0x38,0x00,
  0x01,0xc0,0x00,0x00,0x38,0x00,0x01,0xff,0xff,0xff,0xf8,0x00,0x01,0xff,0xff,0xff,0xf8,0x00,0x00,0x00,0x00,0x00,0x00,0x00,
  0x00,0x00,0x00,0x00,0x00,0x00,0x00,0x00,0x00,0x00,0x00,0x00,0x00,0x00,0x00,0x00,0x00,0x00,0x00,0x00,0x00,0x00,0x00,0x00,
  0x00,0x00,0x00,0x00,0x00,0x00,0x00,0x00,0x00,0x00,0x00,0x00,0x00,0x00,0x00,0x00,0x00,0x00,0x00,0x00,0x00,0x00,0x00,0x00,
  0x00,0x00,0x00,0x00,0x00,0x00,0x00,0x00,0x00,0x00,0x00,0x00,0x00,0x00,0x00,0x00,0x00,0x00,0x00,0x00,0x00,0x00,0x00,0x00,
  0x00,0x00,0x00,0x00,0x00,0x00,0x00,0x00,0x00,0x00,0x00,0x00,0x00,0x00,0x00,0x00,0x00,0x00,0x00,0x00,0x00,0x00,0x00,0x00,
  0x00,0x00,0x00,0x00,0x00,0x00,0x00,0x00,0x00,0x00,0x00,0x00,0x00,0x00,0x00,0x00,0x00,0x00,0x00,0x00,0x00,0x00,0x00,0x00,
  0x00,0x00,0x00,0x00,0x00,0x00,0x00,0x00,0x00,0x00,0x00,0x00,0x00,0x00,0x00,0x00,0x00,0x00,0x00,0x00,0x00,0x00,0x00,0x00,
  0x00,0x00,0x00,0x00,0x00,0x00,0x00,0x00,0x00,0x00,0x00,0x00,0x00,0x00,0x00,0x00,0x00,0x00,0x01,0xff,0xff,0xff,0xf8,0x00,
  0x01,0xff,0xff,0xff,0xf8,0x00,0x01,0xc0,0x00,0x00,0x38,0x00,0x01,0xc0,0x00,0x00,0x38,0x00,0x01,0xc0,0x00,0x00,0x38,0x00,
  0x01,0xc0,0x00,0x00,0x38,0x00,0x01,0xc0,0x00,0x00,0x38,0x00,0x01,0xc0,0x00,0x00,0x38,0x00,0x01,0xc0,0x00,0x00,0x38,0x00,
  0x01,0xc0,0x00,0x00,0x38,0x00,0x01,0xc0,0x00,0x00,0x38,0x00,0x01,0xc0,0x00,0x00,0x38,0x00,0x01,0xc0,0x00,0x00,0x38,0x00,
  0x01,0xc0,0x00,0x00,0x38,0x00,0x01,0xc0,0x00,0x00,0x38,0x00,0x01,0xc0,0x00,0x00,0x38,0x00,0x01,0xc0,0x00,0x00,0x38,0x00,
  0x01,0xc0,0x00,0x00,0x38,0x00,0x01,0xc0,0x00,0x00,0x38,0x00,0x01,0xc0,0x00,0x00,0x38,0x00,0x01,0xc0,0x00,0x00,0x38,0x00,
  0x01,0xc0,0x00,0x00,0x38,0x00,0x01,0xc0,0x00,0x00,0x38,0x00,0x01,0xc0,0x00,0x00,0x38,0x00,0x01,0xc0,0x00,0x00,0x38,0x00,
  0x01,0xc0,0x00,0x00,0x38,0x00,0x01,0xc0,0x00,0x00,0x38,0x00,0x01,0xc0,0x00,0x00,0x38,0x00,0x01,0xc0,0x00,0x00,0x38,0x00,
  0x01,0xc0,0x00,0x00,0x38,0x00,0x01,0xc0,0x00,0x00,0x38,0x00,0x01,0xc0,0x00,0x00,0x38,0x00,0x01,0xc0,0x00,0x00,0x38,0x00,
  0x01,0xc0,0x00,0x00,0x38,0x00,0x01,0xff,0xff,0xff,0xf8,0x00,0x01,0xff,0xff,0xff,0xf8,0x00,0x00,0x00,0x00,0x00,0x00,0x00,
  0x00,0x00,0x00,0x00,0x00,0x00,0x00,0x00,0x00,0x00,0x00,0x00,0x00,0x00,0x00,0x00,0x00,0x00,0x00,0x00,0x00,0x00,0x00,0x00,
  0x00,0x00,0x00,0x00,0x00,0x00,0x00,0x00,0x00,0x00,0x00,0x00,0x00,0x00,0x00,0x00,0x00,0x00,0x00,0x00,0x00,0x00,0x00,0x00,
  0x00,0x00,0x00,0x00,0x00,0x00,0x00,0x00,0x00,0x00,0x00,0x00,0x00,0x00,0x00,0x00,0x00,0x00,0x00,0x00,0x00,0x00,0x00,0x00,
  0x00,0x00,0x00,0x00,0x00,0x00,0x00,0x00,0x00,0x00,0x00,0x00,0x00,0x00,0x00,0x00,0x00,0x00,0x00,0x00,0x00,0x00,0x00,0x00,
  0x00,0x00,0x00,0x00,0x00,0x00,0x00,0x00,0x00,0x00,0x00,0x00,0x00,0x00,0x00,0x00,0x00,0x00,0x00,0x00,0x00,0x00,0x00,0x00,
  0x00,0x00,0x00,0x00,0x00,0x00,0x00,0x00,0x00,0x00,0x00,0x00,0x00,0x00,0x00,0x00,0x00,0x00,0x00,0x00,0x00,0x00,0x00,0x00,
  0x00,0x00,0x00,0x00,0x00,0x00,0x00,0x00,0x00,0x00,0x00,0x00,0x00,0x00,0x00,0x00,0x00,0x00,0x01,0xff,0xff,0xff,0xf8,0x00,
  0x01,0xff,0xff,0xff,0xf8,0x00,0x01,0xc0,0x00,0x00,0x38,0x00,0x01,0xc0,0x00,0x00,0x38,0x00,0x01,0xc0,0x00,0x00,0x38,0x00,
  0x01,0xc0,0x00,0x00,0x38,0x00,0x01,0xc0,0x00,0x00,0x38,0x00,0x01,0xc0,0x00,0x00,0x38,0x00,0x01,0xc0,0x00,0x00,0x38,0x00,
  0x01,0xc0,0x00,0x00,0x38,0x00,0x01,0xc0,0x00,0x00,0x38,0x00,0x01,0xc0,0x00,0x00,0x38,0x00,0x01,0xc0,0x00,0x00,0x38,0x00,
  0x01,0xc0,0x00,0x00,0x38,0x00,0x01,0xc0,0x00,0x00,0x38,0x00,0x01,0xc0,0x00,0x00,0x38,0x00,0x01,0xc0,0x00,0x00,0x38,0x00,
  0x01,0xc0,0x00,0x00,0x38,0x00,0x01,0xc0,0x00,0x00,0x38,0x00,0x01,0xc0,0x00,0x00,0x38,0x00,0x01,0xc0,0x00,0x00,0x38,0x00,
  0x01,0xc0,0x00,0x00,0x38,0x00,0x01,0xc0,0x00,0x00,0x38,0x00,0x01,0xc0,0x00,0x00,0x38,0x00,0x01,0xc0,0x00,0x00,0x38,0x00,
  0x01,0xc0,0x00,0x00,0x38,0x00,0x01,0xc0,0x00,0x00,0x38,0x00,0x01,0xc0,0x00,0x00,0x38,0x00,0x01,0xc0,0x00,0x00,0x38,0x00,
  0x01,0xc0,0x00,0x00,0x38,0x00,0x01,0xc0,0x00,0x00,0x38,0x00,0x01,0xc0,0x00,0x00,0x38,0x00,0x01,0xc0,0x00,0x00,0x38,0x00,
  0x01,0xc0,0x00,0x00,0x38,0x00,0x01,0xff,0xff,0xff,0xf8,0x00,0x01,0xff,0xff,0xff,0xf8,0x00,0x00,0x00,0x00,0x00,0x00,0x00,
  0x00,0x00,0x00,0x00,0x00,0x00,0x00,0x00,0x00,0x00,0x00,0x00,0x00,0x00,0x00,0x00,0x00,0x00,0x00,0x00,0x00,0x00,0x00,0x00,
  0x00,0x00,0x00,0x00,0x00,0x00,0x00,0x00,0x00,0x00,0x00,0x00,0x00,0x00,0x00,0x00,0x00,0x00,0x00,0x00,0x00,0x00,0x00,0x00,
  0x00,0x00,0x00,0x00,0x00,0x00,0x00,0x00,0x00,0x00,0x00,0x00,0x00,0x00,0x00,0x00,0x00,0x00,0x00,0x00,0x00,0x00,0x00,0x00,
  0x00,0x00,0x00,0x00,0x00,0x00,0x00,0x00,0x00,0x00,0x00,0x00,0x00,0x00,0x00,0x00,0x00,0x00,0x00,0x00,0x00,0x00,0x00,0x00,
  0x00,0x00,0x00,0x00,0x00,0x00,0x00,0x00,0x00,0x00,0x00,0x00,0x00,0x00,0x00,0x00,0x00,0x00,0x00,0x00,0x00,0x00,0x00,0x00,
  0x00,0x00,0x00,0x00,0x00,0x00,0x00,0x00,0x00,0x00,0x00,0x00,0x00,0x00,0x00,0x00,0x00,0x00,0x00,0x00,0x00,0x00,0x00,0x00,
  0x00,0x00,0x00,0x00,0x00,0x00,0x00,0x00,0x00,0x00,0x00,0x00,0x00,0x00,0x00,0x00,0x00,0x00,0x01,0xff,0xff,0xff,0xf8,0x00,
  0x01,0xff,0xff,0xff,0xf8,0x00,0x01,0xc0,0x00,0x00,0x38,0x00,0x01,0xc0,0x00,0x00,0x38,0x00,0x01,0xc0,0x00,0x00,0x38,0x00,
  0x01,0xc0,0x00,0x00,0x38,0x00,0x01,0xc0,0x00,0x00,0x38,0x00,0x01,0xc0,0x00,0x00,0x38,0x00,0x01,0xc0,0x00,0x00,0x38,0x00,
  0x01,0xc0,0x00,0x00,0x38,0x00,0x01,0xc0,0x00,0x00,0x38,0x00,0x01,0xc0,0x00,0x00,0x38,0x00,0x01,0xc0,0x00,0x00,0x38,0x00,
  0x01,0xc0,0x00,0x00,0x38,0x00,0x01,0xc0,0x00,0x00,0x38,0x00,0x01,0xc0,0x00,0x00,0x38,0x00,0x01,0xc0,0x00,0x00,0x38,0x00,
  0x01,0xc0,0x00,0x00,0x38,0x00,0x01,0xc0,0x00,0x00,0x38,0x00,0x01,0xc0,0x00,0x00,0x38,0x00,0x01,0xc0,0x00,0x00,0x38,0x00,
  0x01,0xc0,0x00,0x00,0x38,0x00,0x01,0xc0,0x00,0x00,0x38,0x00,0x01,0xc0,0x00,0x00,0x38,0x00,0x01,0xc0,0x00,0x00,0x38,0x00,
  0x01,0xc0,0x00,0x00,0x38,0x00,0x01,0xc0,0x00,0x00,0x38,0x00,0x01,0xc0,0x00,0x00,0x38,0x00,0x01,0xc0,0x00,0x00,0x38,0x00,
  0x01,0xc0,0x00,0x00,0x38,0x00,0x01,0xc0,0x00,0x00,0x38,0x00,0x01,0xc0,0x00,0x00,0x38,0x00,0x01,0xc0,0x00,0x00,0x38,0x00,
  0x01,0xc0,0x00,0x00,0x38,0x00,0x01,0xff,0xff,0xff,0xf8,0x00,0x01,0xff,0xff,0xff,0xf8,0x00,0x00,0x00,0x00,0x00,0x00,0x00,
  0x00,0x00,0x00,0x00,0x00,0x00,0x00,0x00,0x00,0x00,0x00,0x00,0x00,0x00,0x00,0x00,0x00,0x00,0x00,0x00,0x00,0x00,0x00,0x00,
  0x00,0x00,0x00,0x00,0x00,0x00,0x00,0x00,0x00,0x00,0x00,0x00,0x00,0x00,0x00,0x00,0x00,0x00,0x00,0x00,0x00,0x00,0x00,0x00,
  0x00,0x00,0x00,0x00,0x00,0x00,0x00,0x00,0x00,0x00,0x00,0x00,0x00,0x00,0x00,0x00,0x00,0x00,0x00,0x00,0x00,0x00,0x00,0x00,
  0x00,0x00,0x00,0x00,0x00,0x00,0x00,0x00,0x00,0x00,0x00,0x00,0x00,0x00,0x00,0x00,0x00,0x00,0x00,0x00,0x00,0x00,0x00,0x00,
  0x00,0x00,0x00,0x00,0x00,0x00,0x00,0x00,0x00,0x00,0x00,0x00,0x00,0x00,0x00,0x00,0x00,0x00,0x00,0x00,0x00,0x00,0x00,0x00,
  0x00,0x00,0x00,0x00,0x00,0x00,0x00,0x00,0x00,0x00,0x00,0x00,0x00,0x00,0x00,0x00,0x00,0x00,0x00,0x00,0x00,0x00,0x00,0x00,
  0x00,0x00,0x00,0x00,0x00,0x00,0x00,0x00,0x00,0x00,0x00,0x00,0x00,0x00,0x00,0x00,0x00,0x00,0x01,0xff,0xff,0xff,0xf8,0x00,
  0x01,0xff,0xff,0xff,0xf8,0x00,0x01,0xc0,0x00,0x00,0x38,0x00,0x01,0xc0,0x00,0x00,0x38,0x00,0x01,0xc0,0x00,0x00,0x38,0x00,
  0x01,0xc0,0x00,0x00,0x38,0x00,0x01,0xc0,0x00,0x00,0x38,0x00,0x01,0xc0,0x00,0x00,0x38,0x00,0x01,0xc0,0x00,0x00,0x38,0x00,
  0x01,0xc0,0x00,0x00,0x38,0x00,0x01,0xc0,0x00,0x00,0x38,0x00,0x01,0xc0,0x00,0x00,0x38,0x00,0x01,0xc0,0x00,0x00,0x38,0x00,
  0x01,0xc0,0x00,0x00,0x38,0x00,0x01,0xc0,0x00,0x00,0x38,0x00,0x01,0xc0,0x00,0x00,0x38,0x00,0x01,0xc0,0x00,0x00,0x38,0x00,
  0x01,0xc0,0x00,0x00,0x38,0x00,0x01,0xc0,0x00,0x00,0x38,0x00,0x01,0xc0,0x00,0x00,0x38,0x00,0x01,0xc0,0x00,0x00,0x38,0x00,
  0x01,0xc0,0x00,0x00,0x38,0x00,0x01,0xc0,0x00,0x00,0x38,0x00,0x01,0xc0,0x00,0x00,0x38,0x00,0x01,0xc0,0x00,0x00,0x38,0x00,
  0x01,0xc0,0x00,0x00,0x38,0x00,0x01,0xc0,0x00,0x00,0x38,0x00,0x01,0xc0,0x00,0x00,0x38,0x00,0x01,0xc0,0x00,0x00,0x38,0x00,
  0x01,0xc0,0x00,0x00,0x38,0x00,0x01,0xc0,0x00,0x00,0x38,0x00,0x01,0xc0,0x00,0x00,0x38,0x00,0x01,0xc0,0x00,0x00,0x38,0x00,
  0x01,0xc0,0x00,0x00,0x38,0x00,0x01,0xff,0xff,0xff,0xf8,0x00,0x01,0xff,0xff,0xff,0xf8,0x00,0x00,0x00,0x00,0x00,0x00,0x00,
  0x00,0x00,0x00,0x00,0x00,0x00,0x00,0x00,0x00,0x00,0x00,0x00,0x00,0x00,0x00,0x00,0x00,0x00,0x00,0x00,0x00,0x00,0x00,0x00,
  0x00,0x00,0x00,0x00,0x00,0x00,0x00,0x00,0x00,0x00,0x00,0x00,0x00,0x00,0x00,0x00,0x00,0x00,0x00,0x00,0x00,0x00,0x00,0x00,
  0x00,0x00,0x00,0x00,0x00,0x00,0x00,0x00,0x00,0x00,0x00,0x00,0x00,0x00,0x00,0x00,0x00,0x00,0x00,0x00,0x00,0x00,0x00,0x00,
  0x00,0x00,0x00,0x00,0x00,0x00,0x00,0x00,0x00,0x00,0x00,0x00,0x00,0x00,0x00,0x00,0x00,0x00,0x00,0x00,0x00,0x00,0x00,0x00,
  0x00,0x00,0x00,0x00,0x00,0x00,0x00,0x00,0x00,0x00,0x00,0x00,0x00,0x00,0x00,0x00,0x00,0x00,0x00,0x00,0x00,0x00,0x00,0x00,
  0x00,0x00,0x00,0x00,0x00,0x00,0x00,0x00,0x00,0x00,0x00,0x00,0x00,0x00,0x00,0x00,0x00,0x00,0x00,0x00,0x00,0x00,0x00,0x00,
  0x00,0x00,0x00,0x00,0x00,0x00,0x00,0x00,0x00,0x00,0x00,0x00,0x00,0x00,0x00,0x00,0x00,0x00,0x01,0xff,0xff,0xff,0xf8,0x00,
  0x01,0xff,0xff,0xff,0xf8,0x00,0x01,0xc0,0x00,0x00,0x38,0x00,0x01,0xc0,0x00,0x00,0x38,0x00,0x01,0xc0,0x00,0x00,0x38,0x00,
  0x01,0xc0,0x00,0x00,0x38,0x00,0x01,0xc0,0x00,0x00,0x38,0x00,0x01,0xc0,0x00,0x00,0x38,0x00,0x01,0xc0,0x00,0x00,0x38,0x00,
  0x01,0xc0,0x00,0x00,0x38,0x00,0x01,0xc0,0x00,0x00,0x38,0x00,0x01,0xc0,0x00,0x00,0x38,0x00,0x01,0xc0,0x00,0x00,0x38,0x00,
  0x01,0xc0,0x00,0x00,0x38,0x00,0x01,0xc0,0x00,0x00,0x38,0x00,0x01,0xc0,0x00,0x00,0x38,0x00,0x01,0xc0,0x00,0x00,0x38,0x00,
  0x01,0xc0,0x00,0x00,0x38,0x00,0x01,0xc0,0x00,0x00,0x38,0x00,0x01,0xc0,0x00,0x00,0x38,0x00,0x01,0xc0,0x00,0x00,0x38,0x00,
  0x01,0xc0,0x00,0x00,0x38,0x00,0x01,0xc0,0x00,0x00,0x38,0x00,0x01,0xc0,0x00,0x00,0x38,0x00,0x01,0xc0,0x00,0x00,0x38,0x00,
  0x01,0xc0,0x00,0x00,0x38,0x00,0x01,0xc0,0x00,0x00,0x38,0x00,0x01,0xc0,0x00,0x00,0x38,0x00,0x01,0xc0,0x00,0x00,0x38,0x00,
  0x01,0xc0,0x00,0x00,0x38,0x00,0x01,0xc0,0x00,0x00,0x38,0x00,0x01,0xc0,0x00,0x00,0x38,0x00,0x01,0xc0,0x00,0x00,0x38,0x00,
  0x01,0xc0,0x00,0x00,0x38,0x00,0x01,0xff,0xff,0xff,0xf8,0x00,0x01,0xff,0xff,0xff,0xf8,0x00,0x00,0x00,0x00,0x00,0x00,0x00,
  0x00,0x00,0x00,0x00,0x00,0x00,0x00,0x00,0x00,0x00,0x00,0x00,0x00,0x00,0x00,0x00,0x00,0x00,0x00,0x00,0x00,0x00,0x00,0x00,
  0x00,0x00,0x00,0x00,0x00,0x00,0x00,0x00,0x00,0x00,0x00,0x00,0x00,0x00,0x00,0x00,0x00,0x00,0x00,0x00,0x00,0x00,0x00,0x00,
  0x00,0x00,0x00,0x00,0x00,0x00,0x00,0x00,0x00,0x00,0x00,0x00,0x00,0x00,0x00,0x00,0x00,0x00,0x00,0x00,0x00,0x00,0x00,0x00,
  0x00,0x00,0x00,0x00,0x00,0x00,0x00,0x00,0x00,0x00,0x00,0x00,0x00,0x00,0x00,0x00,0x00,0x00,0x00,0x00,0x00,0x00,0x00,0x00,
  0x00,0x00,0x00,0x00,0x00,0x00,0x00,0x00,0x00,0x00,0x00,0x00,0x00,0x00,0x00,0x00,0x00,0x00,0x00,0x00,0x00,0x00,0x00,0x00,
  0x00,0x00,0x00,0x00,0x00,0x00,0x00,0x00,0x00,0x00,0x00,0x00,0x00,0x00,0x00,0x00,0x00,0x00,0x00,0x00,0x00,0x00,0x00,0x00,
  0x00,0x00,0x00,0x00,0x00,0x00,0x00,0x00,0x00,0x00,0x00,0x00,0x00,0x00,0x00,0x00,0x00,0x00,0x01,0xff,0xff,0xff,0xf8,0x00,
  0x01,0xff,0xff,0xff,0xf8,0x00,0x01,0xc0,0x00,0x00,0x38,0x00,0x01,0xc0,0x00,0x00,0x38,0x00,0x01,0xc0,0x00,0x00,0x38,0x00,
  0x01,0xc0,0x00,0x00,0x38,0x00,0x01,0xc0,0x00,0x00,0x38,0x00,0x01,0xc0,0x00,0x00,0x38,0x00,0x01,0xc0,0x00,0x00,0x38,0x00,
  0x01,0xc0,0x00,0x00,0x38,0x00,0x01,0xc0,0x00,0x00,0x38,0x00,0x01,0xc0,0x00,0x00,0x38,0x00,0x01,0xc0,0x00,0x00,0x38,0x00,
  0x01,0xc0,0x00,0x00,0x38,0x00,0x01,0xc0,0x00,0x00,0x38,0x00,0x01,0xc0,0x00,0x00,0x38,0x00,0x01,0xc0,0x00,0x00,0x38,0x00,
  0x01,0xc0,0x00,0x00,0x38,0x00,0x01,0xc0,0x00,0x00,0x38,0x00,0x01,0xc0,0x00,0x00,0x38,0x00,0x01,0xc0,0x00,0x00,0x38,0x00,
  0x01,0xc0,0x00,0x00,0x38,0x00,0x01,0xc0,0x00,0x00,0x38,0x00,0x01,0xc0,0x00,0x00,0x38,0x00,0x01,0xc0,0x00,0x00,0x38,0x00,
  0x01,0xc0,0x00,0x00,0x38,0x00,0x01,0xc0,0x00,0x00,0x38,0x00,0x01,0xc0,0x00,0x00,0x38,0x00,0x01,0xc0,0x00,0x00,0x38,0x00,
  0x01,0xc0,0x00,0x00,0x38,0x00,0x01,0xc0,0x00,0x00,0x38,0x00,0x01,0xc0,0x00,0x00,0x38,0x00,0x01,0xc0,0x00,0x00,0x38,0x00,
  0x01,0xc0,0x00,0x00,0x38,0x00,0x01,0xff,0xff,0xff,0xf8,0x00,0x01,0xff,0xff,0xff,0xf8,0x00,0x00,0x00,0x00,0x00,0x00,0x00,
  0x00,0x00,0x00,0x00,0x00,0x00,0x00,0x00,0x00,0x00,0x00,0x00,0x00,0x00,0x00,0x00,0x00,0x00,0x00,0x00,0x00,0x00,0x00,0x00,
  0x00,0x00,0x00,0x00,0x00,0x00,0x00,0x00,0x00,0x00,0x00,0x00,0x00,0x00,0x00,0x00,0x00,0x00,0x00,0x00,0x00,0x00,0x00,0x00,
  0x00,0x00,0x00,0x00,0x00,0x00,0x00,0x00,0x00,0x00,0x00,0x00,0x00,0x00,0x00,0x00,0x00,0x00,0x00,0x00,0x00,0x00,0x00,0x00,
  0x00,0x00,0x00,0x00,0x00,0x00,0x00,0x00,0x00,0x00,0x00,0x00,0x00,0x00,0x00,0x00,0x00,0x00,0x00,0x00,0x00,0x00,0x00,0x00,
  0x00,0x00,0x00,0x00,0x00,0x00,0x00,0x00,0x00,0x00,0x00,0x00,0x00,0x00,0x00,0x00,0x00,0x00,0x00,0x00,0x00,0x00,0x00,0x00,
  0x00,0x00,0x00,0x00,0x00,0x00,0x00,0x00,0x00,0x00,0x00,0x00,0x00,0x00,0x00,0x00,0x00,0x00,0x00,0x00,0x00,0x00,0x00,0x00,
  0x00,0x00,0x00,0x00,0x00,0x00,0x00,0x00,0x00,0x00,0x00,0x00,0x00,0x00,0x00,0x00,0x00,0x00,0x01,0xff,0xff,0xff,0xf8,0x00,
  0x01,0xff,0xff,0xff,0xf8,0x00,0x01,0xc0,0x00,0x00,0x38,0x00,0x01,0xc0,0x00,0x00,0x38,0x00,0x01,0xc0,0x00,0x00,0x38,0x00,
  0x01,0xc0,0x00,0x00,0x38,0x00,0x01,0xc0,0x00,0x00,0x38,0x00,0x01,0xc0,0x00,0x00,0x38,0x00,0x01,0xc0,0x00,0x00,0x38,0x00,
  0x01,0xc0,0x00,0x00,0x38,0x00,0x01,0xc0,0x00,0x00,0x38,0x00,0x01,0xc0,0x00,0x00,0x38,0x00,0x01,0xc0,0x00,0x00,0x38,0x00,
  0x01,0xc0,0x00,0x00,0x38,0x00,0x01,0xc0,0x00,0x00,0x38,0x00,0x01,0xc0,0x00,0x00,0x38,0x00,0x01,0xc0,0x00,0x00,0x38,0x00,
  0x01,0xc0,0x00,0x00,0x38,0x00,0x01,0xc0,0x00,0x00,0x38,0x00,0x01,0xc0,0x00,0x00,0x38,0x00,0x01,0xc0,0x00,0x00,0x38,0x00,
  0x01,0xc0,0x00,0x00,0x38,0x00,0x01,0xc0,0x00,0x00,0x38,0x00,0x01,0xc0,0x00,0x00,0x38,0x00,0x01,0xc0,0x00,0x00,0x38,0x00,
  0x01,0xc0,0x00,0x00,0x38,0x00,0x01,0xc0,0x00,0x00,0x38,0x00,0x01,0xc0,0x00,0x00,0x38,0x00,0x01,0xc0,0x00,0x00,0x38,0x00,
  0x01,0xc0,0x00,0x00,0x38,0x00,0x01,0xc0,0x00,0x00,0x38,0x00,0x01,0xc0,0x00,0x00,0x38,0x00,0x01,0xc0,0x00,0x00,0x38,0x00,
  0x01,0xc0,0x00,0x00,0x38,0x00,0x01,0xff,0xff,0xff,0xf8,0x00,0x01,0xff,0xff,0xff,0xf8,0x00,0x00,0x00,0x00,0x00,0x00,0x00,
  0x00,0x00,0x00,0x00,0x00,0x00,0x00,0x00,0x00,0x00,0x00,0x00,0x00,0x00,0x00,0x00,0x00,0x00,0x00,0x00,0x00,0x00,0x00,0x00,
  0x00,0x00,0x00,0x00,0x00,0x00,0x00,0x00,0x00,0x00,0x00,0x00,0x00,0x00,0x00,0x00,0x00,0x00,0x00,0x00,0x00,0x00,0x00,0x00,
  0x00,0x00,0x00,0x00,0x00,0x00,0x00,0x00,0x00,0x00,0x00,0x00,0x00,0x00,0x00,0x00,0x00,0x00,0x00,0x00,0x00,0x00,0x00,0x00,
  0x00,0x00,0x00,0x00,0x00,0x00,0x00,0x00,0x00,0x00,0x00,0x00,0x00,0x00,0x00,0x00,0x00,0x00,0x00,0x00,0x00,0x00,0x00,0x00,
  0x00,0x00,0x00,0x00,0x00,0x00,0x00,0x00,0x00,0x00,0x00,0x00,0x00,0x00,0x00,0x00,0x00,0x00,0x00,0x00,0x00,0x00,0x00,0x00,
  0x00,0x00,0x00,0x00,0x00,0x00,0x00,0x00,0x00,0x00,0x00,0x00,0x00,0x00,0x00,0x00,0x00,0x00,0x00,0x00,0x00,0x00,0x00,0x00,
  0x00,0x00,0x00,0x00,0x00,0x00,0x00,0x00,0x00,0x00,0x00,0x00,0x00,0x00,0x00,0x00,0x00,0x00,0x01,0xff,0xff,0xff,0xf8,0x00,
  0x01,0xff,0xff,0xff,0xf8,0x00,0x01,0xc0,0x00,0x00,0x38,0x00,0x01,0xc0,0x00,0x00,0x38,0x00,0x01,0xc0,0x00,0x00,0x38,0x00,
  0x01,0xc0,0x00,0x00,0x38,0x00,0x01,0xc0,0x00,0x00,0x38,0x00,0x01,0xc0,0x00,0x00,0x38,0x00,0x01,0xc0,0x00,0x00,0x38,0x00,
  0x01,0xc0,0x00,0x00,0x38,0x00,0x01,0xc0,0x00,0x00,0x38,0x00,0x01,0xc0,0x00,0x00,0x38,0x00,0x01,0xc0,0x00,0x00,0x38,0x00,
  0x01,0xc0,0x00,0x00,0x38,0x00,0x01,0xc0,0x00,0x00,0x38,0x00,0x01,0xc0,0x00,0x00,0x38,0x00,0x01,0xc0,0x00,0x00,0x38,0x00,
  0x01,0xc0,0x00,0x00,0x38,0x00,0x01,0xc0,0x00,0x00,0x38,0x00,0x01,0xc0,0x00,0x00,0x38,0x00,0x01,0xc0,0x00,0x00,0x38,0x00,
  0x01,0xc0,0x00,0x00,0x38,0x00,0x01,0xc0,0x00,0x00,0x38,0x00,0x01,0xc0,0x00,0x00,0x38,0x00,0x01,0xc0,0x00,0x00,0x38,0x00,
  0x01,0xc0,0x00,0x00,0x38,0x00,0x01,0xc0,0x00,0x00,0x38,0x00,0x01,0xc0,0x00,0x00,0x38,0x00,0x01,0xc0,0x00,0x00,0x38,0x00,
  0x01,0xc0,0x00,0x00,0x38,0x00,0x01,0xc0,0x00,0x00,0x38,0x00,0x01,0xc0,0x00,0x00,0x38,0x00,0x01,0xc0,0x00,0x00,0x38,0x00,
  0x01,0xc0,0x00,0x00,0x38,0x00,0x01,0xff,0xff,0xff,0xf8,0x00,0x01,0xff,0xff,0xff,0xf8,0x00,0x00,0x00,0x00,0x00,0x00,0x00,
  0x00,0x00,0x00,0x00,0x00,0x00,0x00,0x00,0x00,0x00,0x00,0x00,0x00,0x00,0x00,0x00,0x00,0x00,0x00,0x00,0x00,0x00,0x00,0x00,
  0x00,0x00,0x00,0x00,0x00,0x00,0x00,0x00,0x00,0x00,0x00,0x00,0x00,0x00,0x00,0x00,0x00,0x00,0x00,0x00,0x00,0x00,0x00,0x00,
  0x00,0x00,0x00,0x00,0x00,0x00,0x00,0x00,0x00,0x00,0x00,0x00,0x00,0x00,0x00,0x00,0x00,0x00,0x00,0x00,0x00,0x00,0x00,0x00,
  0x00,0x00,0x00,0x00,0x00,0x00,0x00,0x00,0x00,0x00,0x00,0x00,0x00,0x00,0x00,0x00,0x00,0x00,0x00,0x00,0x00,0x00,0x00,0x00,
  0x00,0x00,0x00,0x00,0x00,0x00,0x00,0x00,0x00,0x00,0x00,0x00,0x00,0x00,0x00,0x00,0x00,0x00,0x00,0x00,0x00,0x00,0x00,0x00,
  0x00,0x00,0x00,0x00,0x00,0x00,0x00,0x00,0x00,0x00,0x00,0x00,0x00,0x00,0x00,0x00,0x00,0x00,0x00,0x00,0x00,0x00,0x00,0x00,
  0x00,0x00,0x00,0x00,0x00,0x00,0x00,0x00,0x00,0x00,0x00,0x00,0x00,0x00,0x00,0x00,0x00,0x00,0x01,0xff,0xff,0xff,0xf8,0x00,
  0x01,0xff,0xff,0xff,0xf8,0x00,0x01,0xc0,0x00,0x00,0x38,0x00,0x01,0xc0,0x00,0x00,0x38,0x00,0x01,0xc0,0x00,0x00,0x38,0x00,
  0x01,0xc0,0x00,0x00,0x38,0x00,0x01,0xc0,0x00,0x00,0x38,0x00,0x01,0xc0,0x00,0x00,0x38,0x00,0x01,0xc0,0x00,0x00,0x38,0x00,
  0x01,0xc0,0x00,0x00,0x38,0x00,0x01,0xc0,0x00,0x00,0x38,0x00,0x01,0xc0,0x00,0x00,0x38,0x00,0x01,0xc0,0x00,0x00,0x38,0x00,
  0x01,0xc0,0x00,0x00,0x38,0x00,0x01,0xc0,0x00,0x00,0x38,0x00,0x01,0xc0,0x00,0x00,0x38,0x00,0x01,0xc0,0x00,0x00,0x38,0x00,
  0x01,0xc0,0x00,0x00,0x38,0x00,0x01,0xc0,0x00,0x00,0x38,0x00,0x01,0xc0,0x00,0x00,0x38,0x00,0x01,0xc0,0x00,0x00,0x38,0x00,
  0x01,0xc0,0x00,0x00,0x38,0x00,0x01,0xc0,0x00,0x00,0x38,0x00,0x01,0xc0,0x00,0x00,0x38,0x00,0x01,0xc0,0x00,0x00,0x38,0x00,
  0x01,0xc0,0x00,0x00,0x38,0x00,0x01,0xc0,0x00,0x00,0x38,0x00,0x01,0xc0,0x00,0x00,0x38,0x00,0x01,0xc0,0x00,0x00,0x38,0x00,
  0x01,0xc0,0x00,0x00,0x38,0x00,0x01,0xc0,0x00,0x00,0x38,0x00,0x01,0xc0,0x00,0x00,0x38,0x00,0x01,0xc0,0x00,0x00,0x38,0x00,
  0x01,0xc0,0x00,0x00,0x38,0x00,0x01,0xff,0xff,0xff,0xf8,0x00,0x01,0xff,0xff,0xff,0xf8,0x00,0x00,0x00,0x00,0x00,0x00,0x00,
  0x00,0x00,0x00,0x00,0x00,0x00,0x00,0x00,0x00,0x00,0x00,0x00,0x00,0x00,0x00,0x00,0x00,0x00,0x00,0x00,0x00,0x00,0x00,0x00,
  0x00,0x00,0x00,0x00,0x00,0x00,0x00,0x00,0x00,0x00,0x00,0x00,0x00,0x00,0x00,0x00,0x00,0x00,0x00,0x00,0x00,0x00,0x00,0x00,
  0x00,0x00,0x00,0x00,0x00,0x00,0x00,0x00,0x00,0x00,0x00,0x00,0x00,0x00,0x00,0x00,0x00,0x00,0x00,0x00,0x00,0x00,0x00,0x00,
  0x00,0x00,0x00,0x00,0x00,0x00,0x00,0x00,0x00,0x00,0x00,0x00,0x00,0x00,0x00,0x00,0x00,0x00,0x00,0x00,0x00,0x00,0x00,0x00,
  0x00,0x00,0x00,0x00,0x00,0x00,0x00,0x00,0x00,0x00,0x00,0x00,0x00,0x00,0x00,0x00,0x00,0x00,0x00,0x00,0x00,0x00,0x00,0x00,
  0x00,0x00,0x00,0x00,0x00,0x00,0x00,0x00,0x00,0x00,0x00,0x00,0x00,0x00,0x00,0x00,0x00,0x00,0x00,0x00,0x00,0x00,0x00,0x00,
  0x00,0x00,0x00,0x00,0x00,0x00,0x00,0x00,0x00,0x00,0x00,0x00,0x00,0x00,0x00,0x00,0x00,0x00,0x00,0x00,0x00,0x00,0x00,0x00,
  0x00,0x00,0x00,0x00,0x00,0x00,0x00,0x00,0x00,0x00,0x00,0x00,0x00,0x00,0x00,0x00,0x00,0x00,0x00,0x00,0x00,0x00,0x00,0x00,
  0x00,0x00,0x00,0x00,0x00,0x00,0x00,0x00,0x00,0x00,0x00,0x00,0x00,0x00,0x00,0x00,0x00,0x00,0x00,0x00,0x00,0x00,0x00,0x00,
  0x00,0x00,0x00,0x00,0x00,0x00,0x00,0x00,0x00,0x00,0x00,0x00,0x00,0x00,0x00,0x00,0x00,0x00,0x00,0x00,0x00,0x00,0x00,0x00,
  0x00,0x00,0x00,0x00,0x00,0x00,0x00,0x00,0x00,0x00,0x00,0x00,0x00,0x00,0x00,0x00,0x00,0x00,0x00,0x00,0x00,0x00,0x00,0x00,
  0x00,0x00,0x03,0xf8,0x00,0x03,0xf8,0x00,0x03,0xf8,0x00,0x03,0xf8,0x00,0x03,0xf8,0x00,0x03,0xf8,0x00,0x03,0xf8,0x00,0x03,
  0xf8,0x00,0x00,0x00,0x00,0x00,0x00,0x00,0x00,0x00,0x00,0x01,0xe0,0x00,0x01,0xf0,0x00,0x01,0xf0,0x00,0x01,0xf0,0x00,0x01,
  0xf0,0x00,0x01,0xf0,0x00,0x01,0xf0,0x00,0x01,0xf0,0x00,0x03,0xf0,0x00,0x03,0xf0,0x00,0x03,0xf0,0x00,0x03,0xf8,0x00,0x03,
  0xf8,0x00,0x03,0xf8,0x00,0x03,0xf8,0x00,0x03,0xf8,0x00,0x03,0xf8,0x00,0x03,0xf8,0x00,0x07,0xf8,0x00,0x07,0xf8,0x00,0x07,
  0xf8,0x00,0x07,0xf8,0x00,0x07,0xf8,0x00,0x07,0xf8,0x00,0x07,0xf8,0x00,0x07,0xf8,0x00,0x07,0xf8,0x00,0x07,0xf8,0x00,0x07,
  0xf8,0x00,0x00,0x00,0x00,0x00,0x00,0x00,0x00,0x00,0x00,0x00,0x00,0x00,0x00,0x00,0x00,0x00,0x00,0x00,0x00,0x00,0x00,0x00,
  0x00,0x00,0x00,0x00,0x00,0x00,0x00,0x00,0x00,0x00,0x00,0x00,0x00,0x00,0x00,0x00,0x00,0x00,0x00,0x00,0x00,0x00,0x00,0x00,
  0x00,0x00,0x00,0x00,0x00,0x00,0x02,0x00,0x00,0x00,0x07,0x80,0x00,0x00,0x07,0x80,0x00,0x00,0x07,0x00,0x00,0x00,0x0f,0x00,
  0x00,0x00,0x0f,0x00,0x00,0x00,0x0e,0x00,0x00,0x00,0x0e,0x00,0x00,0x00,0x1e,0x00,0x00,0x00,0x1c,0x00,0x00,0x07,0xfc,0x00,
  0x00,0x3f,0xfe,0x00,0x00,0xff,0xff,0x00,0x01,0xff,0xff,0xc0,0x03,0xff,0xff,0xe0,0x07,0xff,0xff,0xe0,0x0f,0xfc,0x7f,0xf0,
  0x0f,0xf0,0x7f,0xf0,0x1f,0xe0,0xf7,0xf8,0x1f,0xe0,0xe7,0xf8,0x1f,0xc0,0xe3,0x80,0x1f,0xc1,0xe0,0x00,0x1f,0xc1,0xe0,0x00,
  0x3f,0xc1,0xc0,0x00,0x3f,0xc1,0xc0,0x00,0x3f,0xc3,0xc0,0x00,0x3f,0xc3,0x80,0x00,0x1f,0xc3,0x80,0x00,0x1f,0xc7,0x80,0x00,
  0x1f,0xe7,0x83,0x80,0x1f,0xe7,0x03,0xf8,0x1f,0xef,0x03,0xf8,0x0f,0xff,0x07,0xf8,0x0f,0xfe,0x0f,0xf8,0x0f,0xfe,0x1f,0xf0,
  0x07,0xff,0xff,0xe0,0x03,0xff,0xff,0xe0,0x01,0xff,0xff,0xc0,0x00,0xff,0xff,0x80,0x00,0x3f,0xfe,0x00,0x00,0x3f,0xf0,0x00,
  0x00,0x78,0x00,0x00,0x00,0x78,0x00,0x00,0x00,0x70,0x00,0x00,0x00,0x70,0x00,0x00,0x00,0xf0,0x00,0x00,0x00,0xe0,0x00,0x00,
  0x00,0xe0,0x00,0x00,0x01,0xe0,0x00,0x00,0x01,0xe0,0x00,0x00,0x00,0x40,0x00,0x00,0x00,0x00,0x00,0x00,0x00,0x00,0x00,0x00,
  0x00,0x00,0x00,0x00,0x00,0x00,0x00,0x00,0x00,0x00,0x00,0x00,0x00,0x00,0x00,0x00,0x00,0x00,0x00,0x00,0x00,0x00,0x00,0x00,
  0x00,0x00,0x00,0x00,0x00,0x00,0x00,0x00,0x00,0x00,0x00,0x00,0x00,0x00,0x00,0x00,0x00,0x07,0xf0,0x00,0x00,0x3f,0xfe,0x00,
  0x00,0xff,0xff,0x80,0x01,0xff,0xff,0xc0,0x03,0xff,0xff,0xc0,0x07,0xff,0xff,0xe0,0x07,0xfc,0x1f,0xf0,0x0f,0xf8,0x0f,0xf0,
  0x0f,0xf0,0x0f,0xf0,0x0f,0xe0,0x07,0xf8,0x0f,0xe0,0x07,0xf8,0x0f,0xe0,0x03,0x00,0x0f,0xe0,0x00,0x00,0x0f,0xe0,0x00,0x00,
  0x0f,0xe0,0x00,0x00,0x0f,0xf0,0x00,0x00,0x0f,0xf0,0x00,0x00,0x07,0xf0,0x00,0x00,0x7f,0xff,0xf8,0x00,0x7f,0xff,0xf8,0x00,
  0x7f,0xff,0xf8,0x00,0x7f,0xff,0xf8,0x00,0x7f,0xff,0xf8,0x00,0x7f,0xff,0xf8,0x00,0x03,0xfc,0x00,0x00,0x03,0xfc,0x00,0x00,
  0x03,0xfc,0x00,0x00,0x03,0xfc,0x00,0x00,0x03,0xf8,0x00,0x00,0x07,0xf8,0x00,0x00,0x07,0xf8,0x00,0x00,0x0f,0xf0,0x00,0x00,
  0x0f,0xe0,0x00,0x00,0x1f,0xe0,0x00,0x00,0x3f,0xff,0x00,0x30,0x7f,0xff,0xe0,0xf0,0x7f,0xff,0xff,0xf8,0x3f,0xff,0xff,0xf8,
  0x3f,0xff,0xff,0xf8,0x3f,0xff,0xff,0xfc,0x1e,0x03,0xff,0xf8,0x10,0x00,0x1f,0xc0,0x00,0x00,0x00,0x00,0x00,0x00,0x00,0x00,
  0x00,0x00,0x00,0x00,0x00,0x00,0x00,0x00,0x00,0x00,0x00,0x00,0x00,0x00,0x00,0x00,0x00,0x00,0x00,0x00,0x00,0x00,0x00,0x00,
  0x00,0x00,0x00,0x00,0x00,0x00,0x00,0x00,0x00,0x00,0x00,0x00,0x00,0x00,0x00,0x00,0x00,0x00,0x00,0x00,0x00,0x00,0x00,0x00,
  0x00,0x00,0x00,0x00,0x00,0x00,0x00,0x00,0x00,0x00,0x00,0x00,0x00,0x00,0x00,0x00,0x00,0x00,0x00,0x00,0x00,0x00,0x00,0x00,
  0x00,0x00,0x00,0x00,0x00,0x00,0x00,0x00,0x00,0x00,0x00,0x00,0x00,0x00,0x00,0x00,0x00,0x00,0x00,0x00,0x00,0x00,0x00,0x00,
  0x00,0x00,0x00,0x00,0x00,0x00,0x00,0x00,0x00,0x00,0x00,0x00,0x04,0x00,0x00,0x80,0x0e,0x00,0x00,0xc0,0x0f,0x07,0xc1,0xe0,
  0x1f,0xbf,0xf3,0xf0,0x3f,0xff,0xff,0xf8,0x3f,0xff,0xff,0xf8,0x1f,0xff,0xff,0xf0,0x0f,0xff,0xff,0xc0,0x07,0xff,0xff,0xc0,
  0x0f,0xf8,0x3f,0xe0,0x0f,0xf0,0x1f,0xe0,0x0f,0xe0,0x0f,0xe0,0x0f,0xc0,0x07,0xe0,0x0f,0xc0,0x07,0xe0,0x0f,0xc0,0x07,0xe0,
  0x0f,0xc0,0x07,0xe0,0x0f,0xe0,0x0f,0xe0,0x0f,0xf0,0x1f,0xe0,0x0f,0xf8,0x3f,0xc0,0x07,0xff,0xff,0xc0,0x07,0xff,0xff,0xc0,
  0x1f,0xff,0xff,0xf0,0x3f,0xff,0xff,0xf8,0x3f,0xff,0xff,0xf8,0x1f,0x9f,0xf3,0xf0,0x0f,0x07,0xc1,0xe0,0x06,0x00,0x00,0xc0,
  0x02,0x00,0x00,0x80,0x00,0x00,0x00,0x00,0x00,0x00,0x00,0x00,0x00,0x00,0x00,0x00,0x00,0x00,0x00,0x00,0x00,0x00,0x00,0x00,
  0x00,0x00,0x00,0x00,0x00,0x00,0x00,0x00,0x00,0x00,0x00,0x00,0x00,0x00,0x00,0x00,0x00,0x00,0x00,0x00,0x00,0x00,0x00,0x00,
  0x00,0x00,0x00,0x00,0x00,0x00,0x00,0x00,0x00,0x00,0x00,0x00,0x00,0x00,0x00,0x00,0x00,0x00,0x00,0x00,0x00,0x00,0x00,0x00,
  0x00,0x00,0x00,0x00,0x00,0x00,0x00,0x00,0x00,0x00,0x00,0x00,0x00,0x00,0x00,0x00,0x00,0x00,0x00,0x00,0x00,0x00,0x00,0x00,
  0x00,0x00,0x00,0x00,0x00,0x00,0x00,0x00,0x00,0x00,0x00,0x00,0x00,0x00,0x00,0x00,0x00,0x00,0x00,0x00,0x00,0x00,0x00,0x00,
  0x00,0x00,0x00,0x00,0xff,0x80,0x03,0xfe,0x7f,0x80,0x03,0xfc,0x7f,0xc0,0x07,0xfc,0x3f,0xc0,0x07,0xf8,0x3f,0xc0,0x07,0xf8,
  0x1f,0xe0,0x0f,0xf0,0x1f,0xe0,0x0f,0xf0,0x0f,0xf0,0x1f,0xe0,0x0f,0xf0,0x1f,0xe0,0x07,0xf8,0x3f,0xc0,0x07,0xf8,0x3f,0xc0,
  0x03,0xfc,0x7f,0x80,0x03,0xfc,0x7f,0x80,0x01,0xfc,0xff,0x00,0x01,0xfe,0xff,0x00,0x00,0xff,0xfe,0x00,0x00,0xff,0xfe,0x00,
  0x3f,0xff,0xff,0xfc,0x3f,0xff,0xff,0xfc,0x3f,0xff,0xff,0xfc,0x3f,0xff,0xff,0xfc,0x3f,0xff,0xff,0xfc,0x3f,0xff,0xff,0xfc,
  0x00,0x0f,0xe0,0x00,0x00,0x0f,0xe0,0x00,0x00,0x0f,0xe0,0x00,0x3f,0xff,0xff,0xfc,0x3f,0xff,0xff,0xfc,0x3f,0xff,0xff,0xfc,
  0x3f,0xff,0xff,0xfc,0x3f,0xff,0xff,0xfc,0x3f,0xff,0xff,0xfc,0x00,0x0f,0xe0,0x00,0x00,0x0f,0xe0,0x00,0x00,0x0f,0xe0,0x00,
  0x00,0x0f,0xe0,0x00,0x00,0x0f,0xe0,0x00,0x00,0x0f,0xe0,0x00,0x00,0x0f,0xe0,0x00,0x00,0x0f,0xe0,0x00,0x00,0x00,0x00,0x00,
  0x00,0x00,0x00,0x00,0x00,0x00,0x00,0x00,0x00,0x00,0x00,0x00,0x00,0x00,0x00,0x00,0x00,0x00,0x00,0x00,0x00,0x00,0x00,0x00,
  0x00,0x00,0x00,0x00,0x00,0x00,0x00,0x00,0x00,0x00,0x00,0x00,0x00,0x00,0x00,0x00,0x00,0x00,0x00,0x00,0x00,0x00,0x00,0x00,
  0x00,0x00,0x00,0x00,0x00,0x00,0x00,0x00,0x00,0x00,0x00,0x00,0x00,0x00,0x00,0x00,0x00,0x00,0x00,0x00,0x00,0x00,0x07,0xe0,
  0x07,0xe0,0x07,0xe0,0x07,0xe0,0x07,0xe0,0x07,0xe0,0x07,0xe0,0x07,0xe0,0x07,0xe0,0x07,0xe0,0x07,0xe0,0x07,0xe0,0x07,0xe0,
  0x07,0xe0,0x07,0xe0,0x07,0xe0,0x07,0xe0,0x07,0xe0,0x07,0xe0,0x07,0xe0,0x07,0xe0,0x07,0xe0,0x00,0x00,0x00,0x00,0x00,0x00,
  0x00,0x00,0x00,0x00,0x00,0x00,0x00,0x00,0x00,0x00,0x00,0x00,0x07,0xe0,0x07,0xe0,0x07,0xe0,0x07,0xe0,0x07,0xe0,0x07,0xe0,
  0x07,0xe0,0x07,0xe0,0x07,0xe0,0x07,0xe0,0x07,0xe0,0x07,0xe0,0x07,0xe0,0x07,0xe0,0x07,0xe0,0x07,0xe0,0x07,0xe0,0x07,0xe0,
  0x07,0xe0,0x07,0xe0,0x07,0xe0,0x07,0xe0,0x00,0x00,0x00,0x00,0x00,0x00,0x00,0x00,0x00,0x00,0x00,0x00,0x00,0x00,0x00,0x00,
  0x00,0x00,0x00,0x00,0x00,0x00,0x00,0x00,0x00,0x00,0x00,0x00,0x00,0x00,0x00,0x00,0x00,0x00,0x00,0x00,0x00,0x00,0x00,0x00,
  0x00,0x1f,0xe0,0x00,0x00,0xff,0xfc,0x00,0x01,0xff,0xfe,0x00,0x03,0xff,0xff,0x00,0x07,0xff,0xff,0x80,0x07,0xff,0xff,0xc0,
  0x0f,0xf8,0x3f,0xc0,0x0f,0xf0,0x1f,0xc0,0x0f,0xf0,0x1f,0xe0,0x0f,0xf0,0x1c,0x00,0x0f,0xf0,0x00,0x00,0x0f,0xf8,0x00,0x00,
  0x07,0xfe,0x00,0x00,0x03,0xff,0x00,0x00,0x03,0xff,0xc0,0x00,0x03,0xff,0xe0,0x00,0x07,0xff,0xf8,0x00,0x0f,0xff,0xfc,0x00,
  0x1f,0xff,0xff,0x00,0x1f,0xcf,0xff,0x80,0x3f,0x83,0xff,0xc0,0x3f,0x81,0xff,0xe0,0x3f,0x80,0xff,0xf0,0x3f,0x80,0x3f,0xf0,
  0x3f,0x80,0x1f,0xf8,0x3f,0xc0,0x0f,0xf8,0x3f,0xe0,0x07,0xf8,0x3f,0xf0,0x03,0xf8,0x1f,0xf8,0x03,0xf8,0x1f,0xfe,0x03,0xf8,
  0x0f,0xff,0x03,0xf8,0x07,0xff,0xc3,0xf0,0x03,0xff,0xe7,0xf0,0x01,0xff,0xff,0xe0,0x00,0x7f,0xff,0xc0,0x00,0x3f,0xff,0x80,
  0x00,0x0f,0xff,0x00,0x00,0x07,0xff,0x80,0x00,0x01,0xff,0xc0,0x00,0x00,0xff,0xe0,0x00,0x00,0x3f,0xe0,0x00,0x00,0x1f,0xe0,
  0x00,0xe0,0x0f,0xe0,0x1f,0xe0,0x0f,0xe0,0x0f,0xf0,0x0f,0xe0,0x0f,0xf0,0x1f,0xe0,0x0f,0xfc,0x3f,0xe0,0x07,0xff,0xff,0xe0,
  0x03,0xff,0xff,0xc0,0x03,0xff,0xff,0x80,0x00,0xff,0xff,0x00,0x00,0x7f,0xfe,0x00,0x00,0x0f,0xf0,0x00,0x00,0x00,0x00,0x00,
  0x00,0x00,0x00,0x00,0x00,0x00,0x00,0x00,0x00,0x00,0x00,0x00,0x00,0x00,0x00,0x00,0x00,0x00,0x00,0x00,0x00,0x00,0x00,0x00,
  0x00,0x00,0x00,0x00,0x00,0x00,0x00,0x00,0x00,0xfe,0x0f,0xc0,0xfe,0x0f,0xc0,0xfe,0x0f,0xc0,0xfe,0x0f,0xc0,0xfe,0x0f,0xc0,
  0xfe,0x0f,0xc0,0xfe,0x0f,0xc0,0x00,0x00,0x00,0x00,0x00,0x00,0x00,0x00,0x00,0x00,0x00,0x00,0x00,0x00,0x00,0x00,0x00,0x00,
  0x00,0x00,0x00,0x00,0x00,0x00,0x00,0x00,0x00,0x00,0x00,0x00,0x00,0x00,0x00,0x00,0x00,0x00,0x00,0x00,0x00,0x00,0x00,0x00,
  0x00,0x00,0x00,0x00,0x00,0x00,0x00,0x00,0x00,0x00,0x00,0x00,0x00,0x00,0x00,0x00,0x00,0x00,0x00,0x00,0x00,0x00,0x00,0x00,
  0x00,0x00,0x00,0x00,0x00,0x00,0x00,0x00,0x00,0x00,0x00,0x00,0x00,0x00,0x00,0x00,0x00,0x00,0x00,0x00,0x00,0x00,0x00,0x00,
  0x00,0x00,0x00,0x00,0x00,0x00,0x00,0x00,0x00,0x00,0x00,0x00,0x00,0x00,0x00,0x00,0x00,0x00,0x00,0x00,0x00,0x00,0x00,0x00,
  0x00,0x00,0x00,0x00,0x00,0x00,0x00,0x00,0x00,0x00,0x00,0x00,0x00,0x00,0x00,0x00,0x00,0x00,0x00,0x00,0x00,0x00,0x00,0x00,
  0x00,0x00,0x00,0x00,0x00,0x00,0x00,0x00,0x00,0x00,0x00,0x00,0x00,0x00,0x00,0x00,0x00,0x00,0x00,0x00,0x00,0x00,0x00,0x00,
  0x00,0x00,0x00,0x00,0x00,0x00,0x00,0x00,0x00,0x00,0x00,0x00,0x00,0x00,0x00,0x00,0x00,0x00,0x00,0x00,0x00,0x00,0x00,0x00,
  0x00,0x00,0x00,0x00,0x00,0x00,0x00,0x00,0x00,0x00,0x00,0x00,0x00,0x00,0x3f,0xc0,0x00,0x00,0x00,0x03,0xff,0xf8,0x00,0x00,
  0x00,0x0f,0xff,0xfe,0x00,0x00,0x00,0x3f,0xff,0xff,0x80,0x00,0x00,0x7f,0x80,0x3f,0xe0,0x00,0x00,0xfe,0x00,0x07,0xf0,0x00,
  0x03,0xf8,0x00,0x01,0xf8,0x00,0x03,0xe0,0x00,0x00,0xfc,0x00,0x07,0xc0,0x00,0x00,0x7c,0x00,0x0f,0x80,0x1f,0x80,0x3e,0x00,
  0x0f,0x00,0x7f,0xe0,0x1f,0x00,0x1f,0x01,0xff,0xf8,0x0f,0x00,0x1e,0x03,0xff,0xf8,0x0f,0x80,0x3e,0x03,0xf0,0xfc,0x07,0x80,
  0x3c,0x07,0xc0,0x7c,0x07,0xc0,0x3c,0x07,0x80,0x3e,0x03,0xc0,0x78,0x0f,0x80,0x10,0x03,0xc0,0x78,0x0f,0x80,0x00,0x03,0xc0,
  0x78,0x0f,0x00,0x00,0x03,0xc0,0x78,0x0f,0x00,0x00,0x03,0xc0,0x78,0x0f,0x00,0x00,0x01,0xc0,0x78,0x0f,0x00,0x00,0x01,0xc0,
  0x78,0x0f,0x00,0x00,0x03,0xc0,0x78,0x0f,0x00,0x00,0x03,0xc0,0x78,0x0f,0x80,0x00,0x03,0xc0,0x78,0x0f,0x80,0x10,0x03,0xc0,
  0x3c,0x07,0x80,0x3e,0x03,0xc0,0x3c,0x07,0xc0,0x7c,0x07,0xc0,0x3e,0x03,0xe0,0xfc,0x07,0x80,0x1e,0x03,0xff,0xf8,0x0f,0x80,
  0x1f,0x01,0xff,0xf0,0x0f,0x00,0x0f,0x00,0x7f,0xe0,0x1f,0x00,0x0f,0x80,0x1f,0x80,0x3e,0x00,0x07,0xc0,0x00,0x00,0x7c,0x00,
  0x03,0xe0,0x00,0x00,0xfc,0x00,0x01,0xf8,0x00,0x01,0xf8,0x00,0x00,0xfe,0x00,0x07,0xf0,0x00,0x00,0x7f,0x80,0x3f,0xe0,0x00,
  0x00,0x3f,0xff,0xff,0x80,0x00,0x00,0x0f,0xff,0xfe,0x00,0x00,0x00,0x03,0xff,0xf8,0x00,0x00,0x00,0x00,0x3f,0xc0,0x00,0x00,
  0x00,0x00,0x00,0x00,0x00,0x00,0x00,0x00,0x00,0x00,0x00,0x00,0x00,0x00,0x00,0x00,0x00,0x00,0x00,0x00,0x00,0x00,0x00,0x00,
  0x00,0x00,0x00,0x00,0x00,0x00,0x00,0x00,0x00,0x00,0x00,0x00,0x00,0x00,0x00,0x00,0x00,0x00,0x00,0x00,0x00,0x00,0x00,0x00,
  0x00,0x00,0x00,0x00,0x00,0x00,0x00,0x00,0x00,0x00,0x00,0x00,0x00,0x00,0x00,0x00,0x00,0x00,0x00,0x00,0x00,0x00,0x00,0x00,
  0x00,0x00,0x00,0x00,0x00,0x00,0x00,0x00,0x00,0x00,0x00,0x00,0x00,0x00,0x00,0x00,0x00,0x00,0x00,0x00,0x00,0x00,0x00,0x00,
  0x00,0x00,0x00,0x00,0x00,0x00,0x03,0xfc,0x00,0x0f,0xff,0x00,0x1f,0xff,0x80,0x3f,0xff,0xc0,0x3f,0x0f,0xc0,0x06,0x07,0xc0,
  0x00,0x07,0xc0,0x00,0x07,0xc0,0x00,0x7f,0xc0,0x07,0xff,0xc0,0x1f,0xff,0xc0,0x3f,0xf7,0xc0,0x7f,0x07,0xc0,0x7e,0x07,0xc0,
  0x7e,0x07,0xc0,0x7e,0x0f,0xc0,0x7f,0x1f,0xc0,0x3f,0xff,0xc0,0x3f,0xff,0xc0,0x1f,0xfb,0xe0,0x07,0xe3,0xe0,0x00,0x00,0x00,
  0x00,0x00,0x00,0x00,0x00,0x00,0x00,0x00,0x00,0x00,0x00,0x00,0x00,0x00,0x00,0x00,0x00,0x00,0x00,0x00,0x00,0x00,0x00,0x00,
  0x00,0x00,0x00,0x00,0x00,0x00,0x00,0x00,0x00,0x00,0x00,0x00,0x00,0x00,0x00,0x00,0x00,0x00,0x00,0x00,0x00,0x00,0x00,0x00,
  0x00,0x00,0x00,0x00,0x00,0x00,0x00,0x00,0x00,0x00,0x00,0x00,0x00,0x00,0x00,0x00,0x00,0x00,0x00,0x00,0x00,0x00,0x00,0x00,
  0x00,0x00,0x00,0x00,0x00,0x00,0x00,0x00,0x00,0x00,0x00,0x00,0x00,0x00,0x00,0x00,0x00,0x00,0x00,0x00,0x00,0x00,0x00,0x00,
  0x00,0x00,0x00,0x00,0x00,0x00,0x00,0x00,0x00,0x00,0x00,0x00,0x00,0x00,0x00,0x00,0x00,0x00,0x00,0x00,0x00,0x00,0x00,0x00,
  0x00,0x00,0x00,0x00,0x00,0x00,0x00,0x00,0x00,0x00,0x00,0x00,0x00,0x00,0x00,0x00,0x00,0x00,0x00,0x00,0x00,0x00,0x00,0x00,
  0x00,0x00,0x00,0x00,0x00,0x00,0x00,0x00,0x00,0x00,0x00,0x00,0x00,0x00,0x00,0x00,0x00,0x00,0x00,0x00,0x00,0x00,0x00,0x00,
  0x00,0x00,0x00,0x00,0x00,0x00,0x00,0x00,0x00,0x00,0x00,0x00,0x00,0x00,0x00,0x00,0x00,0x00,0x00,0x00,0x00,0x00,0x00,0x00,
  0x00,0x1f,0x83,0xf0,0x00,0x3f,0x07,0xe0,0x00,0x3f,0x0f,0xe0,0x00,0x7e,0x0f,0xc0,0x00,0xfe,0x1f,0x80,0x00,0xfc,0x3f,0x80,
  0x01,0xf8,0x3f,0x00,0x03,0xf8,0x7f,0x00,0x07,0xf0,0xfe,0x00,0x07,0xf1,0xfe,0x00,0x0f,0xe1,0xfc,0x00,0x1f,0xe3,0xf8,0x00,
  0x1f,0xc3,0xf8,0x00,0x0f,0xe3,0xfc,0x00,0x0f,0xe1,0xfc,0x00,0x07,0xf0,0xfe,0x00,0x03,0xf0,0xfe,0x00,0x03,0xf8,0x7f,0x00,
  0x01,0xfc,0x3f,0x00,0x00,0xfc,0x3f,0x80,0x00,0xfe,0x1f,0x80,0x00,0x7e,0x0f,0xc0,0x00,0x3f,0x0f,0xe0,0x00,0x3f,0x07,0xe0,
  0x00,0x1f,0x83,0xf0,0x00,0x00,0x00,0x00,0x00,0x00,0x00,0x00,0x00,0x00,0x00,0x00,0x00,0x00,0x00,0x00,0x00,0x00,0x00,0x00,
  0x00,0x00,0x00,0x00,0x00,0x00,0x00,0x00,0x00,0x00,0x00,0x00,0x00,0x00,0x00,0x00,0x00,0x00,0x00,0x00,0x00,0x00,0x00,0x00,
  0x00,0x00,0x00,0x00,0x00,0x00,0x00,0x00,0x00,0x00,0x00,0x00,0x00,0x00,0x00,0x00,0x00,0x00,0x00,0x00,0x00,0x00,0x00,0x00,
  0x00,0x00,0x00,0x00,0x00,0x00,0x00,0x00,0x00,0x00,0x00,0x00,0x00,0x00,0x00,0x00,0x00,0x00,0x00,0x00,0x00,0x00,0x00,0x00,
  0x00,0x00,0x00,0x00,0x00,0x00,0x00,0x00,0x00,0x00,0x00,0x00,0x00,0x00,0x00,0x00,0x00,0x00,0x00,0x00,0x00,0x00,0x00,0x00,
  0x00,0x00,0x00,0x00,0x00,0x00,0x00,0x00,0x00,0x00,0x00,0x00,0x00,0x00,0x00,0x00,0x00,0x00,0x00,0x00,0x00,0x00,0x00,0x00,
  0x00,0x00,0x00,0x00,0x00,0x00,0x00,0x00,0x00,0x00,0x00,0x00,0x00,0x00,0x00,0x00,0x00,0x00,0x00,0x00,0x00,0x00,0x00,0x00,
  0x00,0x00,0x00,0x00,0x00,0x00,0x3f,0xff,0xff,0xfc,0x00,0x3f,0xff,0xff,0xfc,0x00,0x3f,0xff,0xff,0xfc,0x00,0x3f,0xff,0xff,
  0xfc,0x00,0x3f,0xff,0xff,0xfc,0x00,0x3f,0xff,0xff,0xfc,0x00,0x3f,0xff,0xff,0xfc,0x00,0x00,0x00,0x01,0xfc,0x00,0x00,0x00,
  0x01,0xfc,0x00,0x00,0x00,0x01,0xfc,0x00,0x00,0x00,0x01,0xfc,0x00,0x00,0x00,0x01,0xfc,0x00,0x00,0x00,0x01,0xfc,0x00,0x00,
  0x00,0x01,0xfc,0x00,0x00,0x00,0x01,0xfc,0x00,0x00,0x00,0x01,0xfc,0x00,0x00,0x00,0x01,0xfc,0x00,0x00,0x00,0x01,0xfc,0x00,
  0x00,0x00,0x01,0xfc,0x00,0x00,0x00,0x00,0x00,0x00,0x00,0x00,0x00,0x00,0x00,0x00,0x00,0x00,0x00,0x00,0x00,0x00,0x00,0x00,
  0x00,0x00,0x00,0x00,0x00,0x00,0x00,0x00,0x00,0x00,0x00,0x00,0x00,0x00,0x00,0x00,0x00,0x00,0x00,0x00,0x00,0x00,0x00,0x00,
  0x00,0x00,0x00,0x00,0x00,0x00,0x00,0x00,0x00,0x00,0x00,0x00,0x00,0x00,0x00,0x00,0x00,0x00,0x00,0x00,0x00,0x00,0x00,0x00,
  0x00,0x00,0x00,0x00,0x00,0x00,0x00,0x00,0x00,0x00,0x00,0x00,0x00,0x00,0x00,0x00,0x00,0x00,0x00,0x00,0x00,0x00,0x00,0x00,
  0x00,0x00,0x00,0x00,0x00,0x00,0x00,0x00,0x00,0x00,0x00,0x00,0x00,0x00,0x00,0x00,0x00,0x00,0x00,0x00,0x00,0x00,0x00,0x00,
  0x00,0x00,0x00,0x00,0x00,0x00,0x00,0x00,0x00,0x00,0x00,0x00,0x00,0x00,0x00,0x00,0x00,0x00,0x00,0x00,0x00,0x00,0x00,0x00,
  0x00,0x00,0x00,0x00,0x00,0x00,0x00,0x00,0x00,0x00,0x00,0x00,0x00,0x00,0x00,0x00,0x00,0x00,0x00,0x00,0x00,0x00,0x00,0x00,
  0x00,0x00,0x00,0x00,0x00,0x00,0x00,0x00,0x00,0x00,0x00,0x00,0x00,0x00,0x00,0x00,0x00,0x00,0x00,0x00,0x00,0x00,0x00,0x00,
  0x00,0x00,0x00,0x00,0x00,0x00,0x00,0x00,0x00,0x00,0x00,0x00,0x00,0x00,0x00,0x00,0x00,0x00,0x00,0x00,0x00,0x00,0x00,0x00,
  0x00,0x00,0x00,0x00,0x00,0x00,0x00,0x00,0x00,0x00,0x00,0x00,0x00,0x00,0x00,0x00,0x00,0x00,0x00,0x00,0x00,0x00,0x00,0x00,
  0x00,0x00,0x00,0x00,0x00,0x00,0x3f,0xc0,0x00,0x00,0x00,0x03,0xff,0xf8,0x00,0x00,0x00,0x0f,0xff,0xff,0x00,0x00,0x00,0x3f,
  0xff,0xff,0x80,0x00,0x00,0x7f,0x80,0x3f,0xe0,0x00,0x01,0xfe,0x00,0x07,0xf0,0x00,0x03,0xf8,0x00,0x01,0xf8,0x00,0x03,0xe0,
  0x00,0x00,0xfc,0x00,0x07,0xc0,0x00,0x00,0x7c,0x00,0x0f,0x8f,0xff,0xc0,0x3e,0x00,0x0f,0x0f,0xff,0xf0,0x1f,0x00,0x1f,0x0f,
  0xff,0xf8,0x0f,0x00,0x1e,0x0f,0xff,0xf8,0x0f,0x80,0x3e,0x0f,0x80,0xfc,0x07,0x80,0x3c,0x0f,0x80,0x7c,0x07,0xc0,0x3c,0x0f,
  0x80,0x7c,0x03,0xc0,0x78,0x0f,0x80,0x7c,0x03,0xc0,0x78,0x0f,0x80,0x7c,0x03,0xc0,0x78,0x0f,0x80,0xfc,0x03,0xc0,0x78,0x0f,
  0xff,0xf8,0x03,0xc0,0x78,0x0f,0xff,0xf0,0x01,0xc0,0x78,0x0f,0xff,0xe0,0x01,0xc0,0x78,0x0f,0xff,0x80,0x03,0xc0,0x78,0x0f,
  0x8f,0xc0,0x03,0xc0,0x78,0x0f,0x83,0xe0,0x03,0xc0,0x78,0x0f,0x83,0xe0,0x03,0xc0,0x3c,0x0f,0x81,0xf0,0x03,0xc0,0x3c,0x0f,
  0x81,0xf8,0x07,0xc0,0x3e,0x0f,0x80,0xf8,0x07,0x80,0x1e,0x0f,0x80,0xfc,0x0f,0x80,0x1f,0x0f,0x80,0x7c,0x0f,0x00,0x0f,0x0f,
  0x80,0x7e,0x1f,0x00,0x0f,0x8f,0x80,0x3e,0x3e,0x00,0x07,0xc0,0x00,0x00,0x7c,0x00,0x03,0xe0,0x00,0x00,0xfc,0x00,0x01,0xf8,
  0x00,0x01,0xf8,0x00,0x00,0xfe,0x00,0x07,0xf0,0x00,0x00,0x7f,0x80,0x3f,0xe0,0x00,0x00,0x3f,0xff,0xff,0x80,0x00,0x00,0x0f,
  0xff,0xfe,0x00,0x00,0x00,0x03,0xff,0xf8,0x00,0x00,0x00,0x00,0x3f,0xc0,0x00,0x00,0x00,0x00,0x00,0x00,0x00,0x00,0x00,0x00,
  0x00,0x00,0x00,0x00,0x00,0x00,0x00,0x00,0x00,0x00,0x00,0x00,0x00,0x00,0x00,0x00,0x00,0x00,0x00,0x00,0x00,0x00,0x00,0x00,
  0x00,0x00,0x00,0x00,0x00,0x00,0x00,0x00,0x00,0x00,0x00,0x00,0x00,0x00,0x00,0x00,0x00,0x00,0x00,0x00,0x00,0x00,0x00,0x00,
  0x00,0x00,0x00,0x00,0x00,0x00,0x00,0x00,0x00,0x00,0x00,0x00,0x00,0x00,0x00,0x00,0x00,0x00,0x00,0x00,0x00,0x00,0x00,0x00,
  0x00,0x00,0x00,0x00,0x00,0x00,0x00,0x7f,0xff,0xff,0xff,0x00,0x7f,0xff,0xff,0xff,0x00,0x7f,0xff,0xff,0xff,0x00,0x7f,0xff,
  0xff,0xff,0x00,0x7f,0xff,0xff,0xff,0x00,0x7f,0xff,0xff,0xff,0x00,0x00,0x00,0x00,0x00,0x00,0x00,0x00,0x00,0x00,0x00,0x00,
  0x00,0x00,0x00,0x00,0x00,0x00,0x00,0x00,0x00,0x00,0x00,0x00,0x00,0x00,0x00,0x00,0x00,0x00,0x00,0x00,0x00,0x00,0x00,0x00,
  0x00,0x00,0x00,0x00,0x00,0x00,0x00,0x00,0x00,0x00,0x00,0x00,0x00,0x00,0x00,0x00,0x00,0x00,0x00,0x00,0x00,0x00,0x00,0x00,
  0x00,0x00,0x00,0x00,0x00,0x00,0x00,0x00,0x00,0x00,0x00,0x00,0x00,0x00,0x00,0x00,0x00,0x00,0x00,0x00,0x00,0x00,0x00,0x00,
  0x00,0x00,0x00,0x00,0x00,0x00,0x00,0x00,0x00,0x00,0x00,0x00,0x00,0x00,0x00,0x00,0x00,0x00,0x00,0x00,0x00,0x00,0x00,0x00,
  0x00,0x00,0x00,0x00,0x00,0x00,0x00,0x00,0x00,0x00,0x00,0x00,0x00,0x00,0x00,0x00,0x00,0x00,0x00,0x00,0x00,0x00,0x00,0x00,
  0x00,0x00,0x00,0x00,0x00,0x00,0x00,0x00,0x00,0x00,0x00,0x00,0x00,0x00,0x00,0x00,0x00,0x00,0x00,0x00,0x00,0x00,0x00,0x00,
  0x00,0x00,0x00,0x00,0x00,0x00,0x00,0x00,0x00,0x00,0x00,0x00,0x00,0x00,0x00,0x00,0x00,0x00,0x00,0x00,0x00,0x00,0x00,0x00,
  0x00,0x00,0x00,0x00,0x00,0x00,0x00,0x00,0x00,0x00,0x00,0x00,0x00,0x00,0x00,0x00,0x00,0x00,0x00,0x00,0x00,0x00,0x00,0x00,
  0x00,0x00,0x00,0x00,0x00,0x00,0x00,0x00,0x00,0x00,0x00,0x00,0x00,0x00,0x00,0x00,0x00,0x00,0x00,0x00,0x00,0x00,0x00,0x00,
  0x00,0x00,0x00,0x00,0x00,0x00,0x00,0x00,0x00,0x00,0x00,0x00,0x00,0x00,0x00,0x00,0x00,0x00,0x00,0x00,0x00,0x00,0x00,0x00,
  0x00,0x00,0x00,0x00,0x00,0x00,0x00,0x00,0x00,0x00,0x00,0x00,0x00,0x00,0x00,0x00,0x00,0x00,0x00,0x00,0x00,0x00,0x00,0x00,
  0x00,0x00,0x00,0x00,0x00,0x00,0x00,0x00,0x00,0x00,0x00,0x00,0x00,0x00,0x00,0x00,0x00,0x00,0x00,0x00,0x00,0x00,0x00,0x00,
  0x00,0x00,0x00,0x00,0x00,0x00,0x00,0xfc,0x00,0x03,0xff,0x00,0x07,0xff,0x80,0x0f,0xff,0xc0,0x0f,0xff,0xc0,0x1f,0x87,0xe0,
  0x1f,0x03,0xe0,0x1e,0x01,0xe0,0x3e,0x01,0xf0,0x3e,0x01,0xf0,0x1e,0x01,0xe0,0x1f,0x03,0xe0,0x1f,0x87,0xe0,0x0f,0xff,0xc0,
  0x0f,0xff,0xc0,0x07,0xff,0x80,0x03,0xff,0x00,0x00,0xfc,0x00,0x00,0x00,0x00,0x00,0x00,0x00,0x00,0x00,0x00,0x00,0x00,0x00,
  0x00,0x00,0x00,0x00,0x00,0x00,0x00,0x00,0x00,0x00,0x00,0x00,0x00,0x00,0x00,0x00,0x00,0x00,0x00,0x00,0x00,0x00,0x00,0x00,
  0x00,0x00,0x00,0x00,0x00,0x00,0x00,0x00,0x00,0x00,0x00,0x00,0x00,0x00,0x00,0x00,0x00,0x00,0x00,0x00,0x00,0x00,0x00,0x00,
  0x00,0x00,0x00,0x00,0x00,0x00,0x00,0x00,0x00,0x00,0x00,0x00,0x00,0x00,0x00,0x00,0x00,0x00,0x00,0x00,0x00,0x00,0x00,0x00,
  0x00,0x00,0x00,0x00,0x00,0x00,0x00,0x00,0x00,0x00,0x00,0x00,0x00,0x00,0x00,0x00,0x00,0x00,0x00,0x00,0x00,0x00,0x00,0x00,
  0x00,0x00,0x00,0x00,0x00,0x00,0x00,0x00,0x00,0x00,0x00,0x00,0x00,0x00,0x00,0x00,0x00,0x00,0x00,0x00,0x00,0x00,0x00,0x00,
  0x00,0x00,0x00,0x00,0x00,0x00,0x00,0x00,0x00,0x00,0x00,0x00,0x00,0x00,0x00,0x00,0x00,0x00,0x00,0x00,0x00,0x00,0x00,0x00,
  0x00,0x00,0x00,0x00,0x00,0x00,0x00,0x00,0x00,0x0f,0xe0,0x00,0x00,0x0f,0xe0,0x00,0x00,0x0f,0xe0,0x00,0x00,0x0f,0xe0,0x00,
  0x00,0x0f,0xe0,0x00,0x00,0x0f,0xe0,0x00,0x00,0x0f,0xe0,0x00,0x00,0x0f,0xe0,0x00,0x00,0x0f,0xe0,0x00,0x00,0x0f,0xe0,0x00,
  0x7f,0xff,0xff,0xf8,0x7f,0xff,0xff,0xf8,0x7f,0xff,0xff,0xf8,0x7f,0xff,0xff,0xf8,0x7f,0xff,0xff,0xf8,0x7f,0xff,0xff,0xf8,
  0x7f,0xff,0xff,0xf8,0x00,0x0f,0xe0,0x00,0x00,0x0f,0xe0,0x00,0x00,0x0f,0xe0,0x00,0x00,0x0f,0xe0,0x00,0x00,0x0f,0xe0,0x00,
  0x00,0x0f,0xe0,0x00,0x00,0x0f,0xe0,0x00,0x00,0x0f,0xe0,0x00,0x00,0x0f,0xe0,0x00,0x00,0x0f,0xe0,0x00,0x00,0x00,0x00,0x00,
  0x00,0x00,0x00,0x00,0x00,0x00,0x00,0x00,0x7f,0xff,0xff,0xf8,0x7f,0xff,0xff,0xf8,0x7f,0xff,0xff,0xf8,0x7f,0xff,0xff,0xf8,
  0x7f,0xff,0xff,0xf8,0x7f,0xff,0xff,0xf8,0x7f,0xff,0xff,0xf8,0x00,0x00,0x00,0x00,0x00,0x00,0x00,0x00,0x00,0x00,0x00,0x00,
  0x00,0x00,0x00,0x00,0x00,0x00,0x00,0x00,0x00,0x00,0x00,0x00,0x00,0x00,0x00,0x00,0x00,0x00,0x00,0x00,0x00,0x00,0x00,0x00,
  0x00,0x00,0x00,0x00,0x00,0x00,0x00,0x00,0x00,0x00,0x00,0x00,0x00,0x00,0x00,0x00,0x00,0x00,0x00,0x00,0x00,0x00,0x00,0x00,
  0x00,0x00,0x00,0x00,0x00,0x00,0x00,0x00,0x00,0x00,0x00,0x00,0x00,0x00,0x00,0x00,0x00,0x00,0x00,0x00,0x00,0x00,0x03,0xf8,
  0x00,0x0f,0xfe,0x00,0x1f,0xff,0x00,0x3f,0xff,0x80,0x3e,0x1f,0x80,0x3e,0x0f,0x80,0x3c,0x0f,0x80,0x00,0x0f,0x80,0x00,0x1f,
  0x80,0x00,0x3f,0x00,0x00,0x7f,0x00,0x00,0xfe,0x00,0x01,0xfc,0x00,0x07,0xf8,0x00,0x0f,0xf0,0x00,0x1f,0xc0,0x00,0x3f,0x80,
  0x00,0x3f,0xff,0x80,0x7f,0xff,0x80,0x7f,0xff,0x80,0x7f,0xff,0x80,0x00,0x00,0x00,0x00,0x00,0x00,0x00,0x00,0x00,0x00,0x00,
  0x00,0x00,0x00,0x00,0x00,0x00,0x00,0x00,0x00,0x00,0x00,0x00,0x00,0x00,0x00,0x00,0x00,0x00,0x00,0x00,0x00,0x00,0x00,0x00,
  0x00,0x00,0x00,0x00,0x00,0x00,0x00,0x00,0x00,0x00,0x00,0x00,0x00,0x00,0x00,0x00,0x00,0x00,0x00,0x00,0x00,0x00,0x00,0x00,
  0x00,0x00,0x00,0x00,0x00,0x00,0x00,0x00,0x00,0x00,0x00,0x00,0x00,0x00,0x00,0x00,0x00,0x00,0x00,0x00,0x00,0x00,0x00,0x00,
  0x00,0x00,0x00,0x00,0x00,0x00,0x00,0x00,0x00,0x00,0x00,0x00,0x00,0x00,0x00,0x00,0x00,0x00,0x00,0x00,0x00,0x00,0x00,0x00,
  0x00,0x00,0x00,0x00,0x00,0x00,0x00,0x00,0x00,0x00,0x00,0x00,0x00,0x00,0x00,0x00,0x00,0x00,0x00,0x00,0x00,0x00,0x03,0xf0,
  0x00,0x0f,0xfc,0x00,0x1f,0xfe,0x00,0x3f,0xff,0x00,0x3e,0x1f,0x00,0x3e,0x1f,0x00,0x0c,0x3f,0x00,0x00,0xfe,0x00,0x01,0xfc,
  0x00,0x01,0xfe,0x00,0x01,0xff,0x00,0x00,0x1f,0x80,0x00,0x0f,0x80,0x00,0x0f,0x80,0x1c,0x0f,0x80,0x7e,0x0f,0x80,0x3e,0x1f,
  0x80,0x3f,0xff,0x00,0x1f,0xff,0x00,0x0f,0xfc,0x00,0x03,0xf0,0x00,0x00,0x00,0x00,0x00,0x00,0x00,0x00,0x00,0x00,0x00,0x00,
  0x00,0x00,0x00,0x00,0x00,0x00,0x00,0x00,0x00,0x00,0x00,0x00,0x00,0x00,0x00,0x00,0x00,0x00,0x00,0x00,0x00,0x00,0x00,0x00,
  0x00,0x00,0x00,0x00,0x00,0x00,0x00,0x00,0x00,0x00,0x00,0x00,0x00,0x00,0x00,0x00,0x00,0x00,0x00,0x00,0x00,0x00,0x00,0x00,
  0x00,0x00,0x00,0x00,0x00,0x00,0x00,0x00,0x00,0x00,0x00,0x00,0x00,0x00,0x00,0x00,0x00,0x00,0x00,0x00,0x00,0x00,0x00,0x00,
  0x00,0x00,0x00,0x00,0x00,0x00,0x00,0x00,0x00,0x00,0x00,0x00,0x00,0x00,0x00,0x00,0x00,0x00,0x00,0x00,0x00,0x00,0x00,0x00,
  0x00,0x00,0x00,0x00,0x00,0x00,0x00,0x00,0x00,0x00,0x00,0x00,0x00,0x00,0x00,0x00,0x00,0x00,0x00,0x00,0x00,0x00,0x00,0x00,
  0x00,0x00,0x7f,0x80,0x00,0xff,0x00,0x00,0xfe,0x00,0x01,0xfc,0x00,0x01,0xf8,0x00,0x03,0xf0,0x00,0x03,0xe0,0x00,0x07,0xc0,
  0x00,0x00,0x00,0x00,0x00,0x00,0x00,0x00,0x00,0x00,0x00,0x00,0x00,0x00,0x00,0x00,0x00,0x00,0x00,0x00,0x00,0x00,0x00,0x00,
  0x00,0x00,0x00,0x00,0x00,0x00,0x00,0x00,0x00,0x00,0x00,0x00,0x00,0x00,0x00,0x00,0x00,0x00,0x00,0x00,0x00,0x00,0x00,0x00,
  0x00,0x00,0x00,0x00,0x00,0x00,0x00,0x00,0x00,0x00,0x00,0x00,0x00,0x00,0x00,0x00,0x00,0x00,0x00,0x00,0x00,0x00,0x00,0x00,
  0x00,0x00,0x00,0x00,0x00,0x00,0x00,0x00,0x00,0x00,0x00,0x00,0x00,0x00,0x00,0x00,0x00,0x00,0x00,0x00,0x00,0x00,0x00,0x00,
  0x00,0x00,0x00,0x00,0x00,0x00,0x00,0x00,0x00,0x00,0x00,0x00,0x00,0x00,0x00,0x00,0x00,0x00,0x00,0x00,0x00,0x00,0x00,0x00,
  0x00,0x00,0x00,0x00,0x00,0x00,0x00,0x00,0x00,0x00,0x00,0x00,0x00,0x00,0x00,0x00,0x00,0x00,0x00,0x00,0x00,0x00,0x00,0x00,
  0x00,0x00,0x00,0x00,0x00,0x00,0x00,0x00,0x00,0x00,0x00,0x00,0x00,0x00,0x00,0x00,0x00,0x00,0x00,0x00,0x00,0x00,0x00,0x00,
  0x00,0x00,0x00,0x00,0x00,0x00,0x00,0x00,0x00,0x00,0x00,0x00,0x00,0x00,0x00,0x00,0x00,0x00,0x00,0x00,0x00,0x00,0x00,0x00,
  0x00,0x00,0x00,0x00,0x00,0x00,0x00,0x00,0x00,0x00,0x00,0x00,0x00,0x00,0x00,0x00,0x00,0x00,0x00,0x00,0x00,0x00,0x00,0x00,
  0x00,0x00,0x00,0x00,0x00,0x00,0x00,0x00,0x00,0x00,0x00,0x00,0x00,0x00,0x00,0x00,0x00,0x00,0x00,0x00,0x00,0x00,0x00,0x00,
  0x00,0x00,0x00,0x00,0x00,0x00,0x1f,0xe0,0x03,0xf8,0x00,0x1f,0xe0,0x03,0xf8,0x00,0x1f,0xe0,0x03,0xf8,0x00,0x1f,0xe0,0x03,
  0xf8,0x00,0x1f,0xe0,0x03,0xf8,0x00,0x1f,0xe0,0x03,0xf8,0x00,0x1f,0xe0,0x03,0xf8,0x00,0x1f,0xe0,0x03,0xf8,0x00,0x1f,0xe0,
  0x03,0xf8,0x00,0x1f,0xe0,0x03,0xf8,0x00,0x1f,0xe0,0x03,0xf8,0x00,0x1f,0xe0,0x03,0xf8,0x00,0x1f,0xe0,0x03,0xf8,0x00,0x1f,
  0xe0,0x03,0xf8,0x00,0x1f,0xe0,0x03,0xf8,0x00,0x1f,0xe0,0x03,0xf8,0x00,0x1f,0xe0,0x03,0xf8,0x00,0x1f,0xe0,0x03,0xf8,0x00,
  0x1f,0xe0,0x03,0xf8,0x00,0x1f,0xe0,0x07,0xf8,0x00,0x1f,0xf0,0x07,0xf8,0x00,0x1f,0xf0,0x07,0xf8,0x00,0x1f,0xf8,0x0f,0xf8,
  0x00,0x1f,0xfc,0x3f,0xf8,0x00,0x1f,0xff,0xff,0xf8,0x00,0x1f,0xff,0xff,0xf8,0x00,0x1f,0xff,0xff,0xf8,0x00,0x1f,0xef,0xfb,
  0xf8,0x00,0x1f,0xe7,0xf3,0xf8,0x00,0x1f,0xe3,0xc0,0x00,0x00,0x1f,0xe0,0x00,0x00,0x00,0x1f,0xe0,0x00,0x00,0x00,0x1f,0xe0,
  0x00,0x00,0x00,0x1f,0xe0,0x00,0x00,0x00,0x1f,0xe0,0x00,0x00,0x00,0x1f,0xe0,0x00,0x00,0x00,0x1f,0xe0,0x00,0x00,0x00,0x1f,
  0xe0,0x00,0x00,0x00,0x1f,0xe0,0x00,0x00,0x00,0x1f,0xe0,0x00,0x00,0x00,0x00,0x00,0x00,0x00,0x00,0x00,0x00,0x00,0x00,0x00,
  0x00,0x00,0x00,0x00,0x00,0x00,0x00,0x00,0x00,0x00,0x00,0x00,0x00,0x00,0x00,0x00,0x00,0x00,0x00,0x00,0x00,0x00,0x00,0x00,
  0x00,0x00,0x00,0x00,0x00,0x00,0x00,0x00,0x00,0x00,0x00,0x00,0x00,0x00,0x00,0x00,0x00,0x00,0x00,0x00,0x00,0xff,0xff,0xfe,
  0x07,0xff,0xff,0xfe,0x0f,0xff,0xff,0xfe,0x1f,0xff,0xff,0xfe,0x3f,0xff,0xff,0xfe,0x7f,0xff,0xff,0xfe,0x7f,0xff,0x83,0xf0,
  0x7f,0xff,0x83,0xf0,0xff,0xff,0x83,0xf0,0xff,0xff,0x83,0xf0,0xff,0xff,0x83,0xf0,0xff,0xff,0x83,0xf0,0xff,0xff,0x83,0xf0,
  0xff,0xff,0x83,0xf0,0x7f,0xff,0x83,0xf0,0x7f,0xff,0x83,0xf0,0x7f,0xff,0x83,0xf0,0x3f,0xff,0x83,0xf0,0x1f,0xff,0x83,0xf0,
  0x0f,0xff,0x83,0xf0,0x07,0xff,0x83,0xf0,0x00,0xff,0x83,0xf0,0x00,0x1f,0x83,0xf0,0x00,0x1f,0x83,0xf0,0x00,0x1f,0x83,0xf0,
  0x00,0x1f,0x83,0xf0,0x00,0x1f,0x83,0xf0,0x00,0x1f,0x83,0xf0,0x00,0x1f,0x83,0xf0,0x00,0x1f,0x83,0xf0,0x00,0x1f,0x83,0xf0,
  0x00,0x1f,0x83,0xf0,0x00,0x1f,0x83,0xf0,0x00,0x1f,0x83,0xf0,0x00,0x1f,0x83,0xf0,0x00,0x1f,0x83,0xf0,0x00,0x1f,0x83,0xf0,
  0x00,0x1f,0x83,0xf0,0x00,0x1f,0x83,0xf0,0x00,0x1f,0x83,0xf0,0x00,0x1f,0x83,0xf0,0x00,0x1f,0x83,0xf0,0x00,0x1f,0x83,0xf0,
  0x00,0x1f,0x83,0xf0,0x00,0x1f,0x83,0xf0,0x00,0x1f,0x83,0xf0,0x00,0x1f,0x83,0xf0,0x00,0x1f,0x83,0xf0,0x00,0x1f,0x83,0xf0,
  0x00,0x1f,0x83,0xf0,0x00,0x1f,0x83,0xf0,0x00,0x00,0x00,0x00,0x00,0x00,0x00,0x00,0x00,0x00,0x00,0x00,0x00,0x00,0x00,0x00,
  0x00,0x00,0x00,0x00,0x00,0x00,0x00,0x00,0x00,0x00,0x00,0x00,0x00,0x00,0x00,0x00,0x00,0x00,0x00,0x00,0x00,0x00,0x00,0x00,
  0x00,0x00,0x00,0x00,0x00,0x00,0x00,0x00,0x00,0x00,0x00,0x00,0x00,0x00,0x00,0x00,0x00,0x00,0x00,0x00,0x00,0x00,0x00,0x00,
  0x00,0x00,0x00,0x00,0x00,0x00,0x00,0x00,0x00,0x00,0x00,0x00,0x00,0x00,0x00,0x00,0x00,0x00,0x00,0x00,0x00,0x00,0x00,0x00,
  0x00,0x03,0xf8,0x00,0x03,0xf8,0x00,0x03,0xf8,0x00,0x03,0xf8,0x00,0x03,0xf8,0x00,0x03,0xf8,0x00,0x03,0xf8,0x00,0x03,0xf8,
  0x00,0x00,0x00,0x00,0x00,0x00,0x00,0x00,0x00,0x00,0x00,0x00,0x00,0x00,0x00,0x00,0x00,0x00,0x00,0x00,0x00,0x00,0x00,0x00,
  0x00,0x00,0x00,0x00,0x00,0x00,0x00,0x00,0x00,0x00,0x00,0x00,0x00,0x00,0x00,0x00,0x00,0x00,0x00,0x00,0x00,0x00,0x00,0x00,
  0x00,0x00,0x00,0x00,0x00,0x00,0x00,0x00,0x00,0x00,0x00,0x00,0x00,0x00,0x00,0x00,0x00,0x00,0x00,0x00,0x00,0x00,0x00,0x00,
  0x00,0x00,0x00,0x00,0x00,0x00,0x00,0x00,0x00,0x00,0x00,0x00,0x00,0x00,0x00,0x00,0x00,0x00,0x00,0x00,0x00,0x00,0x00,0x00,
  0x00,0x00,0x00,0x00,0x00,0x00,0x00,0x00,0x00,0x00,0x00,0x00,0x00,0x00,0x00,0x00,0x00,0x00,0x00,0x00,0x00,0x00,0x00,0x00,
  0x00,0x00,0x00,0x00,0x00,0x00,0x00,0x00,0x00,0x00,0x00,0x00,0x00,0x00,0x00,0x00,0x00,0x00,0x00,0x00,0x00,0x00,0x00,0x00,
  0x00,0x00,0x00,0x00,0x00,0x00,0x00,0x00,0x00,0x00,0x00,0x00,0x00,0x00,0x00,0x00,0x00,0x00,0x00,0x00,0x00,0x00,0x00,0x00,
  0x00,0x00,0x00,0x00,0x00,0x00,0x00,0x00,0x00,0x00,0x00,0x00,0x00,0x00,0x00,0x00,0x00,0x00,0x00,0x00,0x00,0x00,0x00,0x00,
  0x00,0x00,0x00,0x00,0x00,0x00,0x00,0x00,0x00,0x00,0x00,0x00,0x00,0x00,0x00,0x00,0x00,0x00,0x00,0x00,0x00,0x00,0x00,0x00,
  0x00,0x00,0x00,0x00,0x00,0x00,0x00,0x00,0x00,0x00,0x00,0x00,0x00,0x00,0x00,0x00,0x00,0x00,0x00,0x00,0x00,0x00,0x00,0x00,
  0x00,0x03,0xf0,0x00,0x0f,0xfc,0x00,0x0f,0xfe,0x00,0x00,0x3f,0x00,0x00,0x1f,0x00,0x00,0x1f,0x00,0x00,0x7e,0x00,0x7f,0xfe,
  0x00,0x7f,0xf8,0x00,0x1f,0xc0,0x00,0x00,0x00,0x00,0x00,0x00,0x00,0x00,0x00,0x00,0x00,0x00,0x00,0x00,0x00,0x00,0x00,0x00,
  0x00,0x00,0x00,0x00,0x00,0x00,0x00,0x00,0x00,0x00,0x00,0x00,0x00,0x00,0x00,0x00,0x00,0x00,0x00,0x00,0x00,0x00,0x00,0x78,
  0x00,0x00,0xf8,0x00,0x01,0xf8,0x00,0x03,0xf8,0x00,0x0f,0xf8,0x00,0x3f,0xf8,0x00,0x3f,0xf8,0x00,0x3c,0xf8,0x00,0x30,0xf8,
  0x00,0x00,0xf8,0x00,0x00,0xf8,0x00,0x00,0xf8,0x00,0x00,0xf8,0x00,0x00,0xf8,0x00,0x00,0xf8,0x00,0x00,0xf8,0x00,0x00,0xf8,
  0x00,0x00,0xf8,0x00,0x00,0xf8,0x00,0x00,0xf8,0x00,0x00,0xf8,0x00,0x00,0x00,0x00,0x00,0x00,0x00,0x00,0x00,0x00,0x00,0x00,
  0x00,0x00,0x00,0x00,0x00,0x00,0x00,0x00,0x00,0x00,0x00,0x00,0x00,0x00,0x00,0x00,0x00,0x00,0x00,0x00,0x00,0x00,0x00,0x00,
  0x00,0x00,0x00,0x00,0x00,0x00,0x00,0x00,0x00,0x00,0x00,0x00,0x00,0x00,0x00,0x00,0x00,0x00,0x00,0x00,0x00,0x00,0x00,0x00,
  0x00,0x00,0x00,0x00,0x00,0x00,0x00,0x00,0x00,0x00,0x00,0x00,0x00,0x00,0x00,0x00,0x00,0x00,0x00,0x00,0x00,0x00,0x00,0x00,
  0x00,0x00,0x00,0x00,0x00,0x00,0x00,0x00,0x00,0x00,0x00,0x00,0x00,0x00,0x00,0x00,0x00,0x00,0x00,0x00,0x00,0x00,0x00,0x00,
  0x00,0x00,0x00,0x00,0x00,0x00,0x00,0x00,0x00,0x00,0x00,0x00,0x00,0x00,0x00,0x00,0x00,0x00,0x00,0x00,0x00,0x00,0x01,0xf8,
  0x00,0x07,0xfe,0x00,0x1f,0xff,0x80,0x1f,0xff,0x80,0x3f,0x0f,0xc0,0x3e,0x07,0xe0,0x7e,0x07,0xe0,0x7e,0x07,0xe0,0x7c,0x03,
  0xe0,0x7c,0x03,0xe0,0x7c,0x03,0xe0,0x7c,0x03,0xe0,0x7c,0x03,0xe0,0x7e,0x07,0xe0,0x7e,0x07,0xe0,0x3e,0x07,0xe0,0x3f,0x0f,
  0xc0,0x1f,0xff,0x80,0x1f,0xff,0x80,0x07,0xfe,0x00,0x01,0xf8,0x00,0x00,0x00,0x00,0x00,0x00,0x00,0x00,0x00,0x00,0x00,0x00,
  0x00,0x00,0x00,0x00,0x00,0x00,0x00,0x00,0x00,0x00,0x00,0x00,0x00,0x00,0x00,0x00,0x00,0x00,0x00,0x00,0x00,0x00,0x00,0x00,
  0x00,0x00,0x00,0x00,0x00,0x00,0x00,0x00,0x00,0x00,0x00,0x00,0x00,0x00,0x00,0x00,0x00,0x00,0x00,0x00,0x00,0x00,0x00,0x00,
  0x00,0x00,0x00,0x00,0x00,0x00,0x00,0x00,0x00,0x00,0x00,0x00,0x00,0x00,0x00,0x00,0x00,0x00,0x00,0x00,0x00,0x00,0x00,0x00,
  0x00,0x00,0x00,0x00,0x00,0x00,0x00,0x00,0x00,0x00,0x00,0x00,0x00,0x00,0x00,0x00,0x00,0x00,0x00,0x00,0x00,0x00,0x00,0x00,
  0x00,0x00,0x00,0x00,0x00,0x00,0x00,0x00,0x00,0x00,0x00,0x00,0x00,0x00,0x00,0x00,0x00,0x00,0x00,0x00,0x00,0x00,0x00,0x00,
  0x00,0x00,0x00,0x00,0x00,0x00,0x00,0x00,0x00,0x00,0x00,0x00,0x00,0x00,0x00,0x00,0x00,0x00,0x00,0x00,0x00,0x00,0x00,0x00,
  0x00,0x00,0x00,0x00,0x00,0x00,0x00,0x00,0x00,0x00,0x00,0x00,0x00,0x00,0x00,0x00,0x00,0x00,0x00,0x00,0x00,0x00,0x00,0x00,
  0x00,0x00,0x00,0x00,0x00,0x00,0x00,0x00,0x00,0x00,0x00,0x00,0x00,0x00,0x00,0x00,0x1f,0x83,0xf0,0x00,0x0f,0xc3,0xf0,0x00,
  0x0f,0xc1,0xf8,0x00,0x07,0xe0,0xfc,0x00,0x03,0xf0,0xfc,0x00,0x03,0xf0,0x7e,0x00,0x01,0xf8,0x7f,0x00,0x01,0xfc,0x3f,0x80,
  0x00,0xfe,0x3f,0x80,0x00,0xfe,0x1f,0xc0,0x00,0x7f,0x0f,0xe0,0x00,0x7f,0x8f,0xe0,0x00,0x3f,0x87,0xf0,0x00,0x3f,0x8f,0xf0,
  0x00,0x7f,0x0f,0xe0,0x00,0xfe,0x1f,0xc0,0x00,0xfe,0x1f,0x80,0x01,0xfc,0x3f,0x80,0x01,0xf8,0x7f,0x00,0x03,0xf8,0x7e,0x00,
  0x03,0xf0,0xfe,0x00,0x07,0xe0,0xfc,0x00,0x0f,0xc1,0xf8,0x00,0x0f,0xc1,0xf0,0x00,0x1f,0x83,0xf0,0x00,0x00,0x00,0x00,0x00,
  0x00,0x00,0x00,0x00,0x00,0x00,0x00,0x00,0x00,0x00,0x00,0x00,0x00,0x00,0x00,0x00,0x00,0x00,0x00,0x00,0x00,0x00,0x00,0x00,
  0x00,0x00,0x00,0x00,0x00,0x00,0x00,0x00,0x00,0x00,0x00,0x00,0x00,0x00,0x00,0x00,0x00,0x00,0x00,0x00,0x00,0x00,0x00,0x00,
  0x00,0x00,0x00,0x00,0x00,0x00,0x00,0x00,0x00,0x00,0x00,0x00,0x00,0x00,0x00,0x00,0x00,0x00,0x00,0x00,0x00,0x00,0x00,0x00,
  0x00,0x00,0x00,0x00,0x00,0x00,0x00,0x00,0x00,0x00,0x00,0x00,0x00,0x00,0x00,0x00,0x00,0x00,0x00,0x00,0x00,0x00,0x00,0x00,
  0x00,0x00,0x00,0x00,0x00,0x00,0x00,0x00,0x00,0x00,0x00,0x00,0x00,0x00,0x00,0x00,0x00,0x00,0x00,0x00,0x00,0x00,0x00,0x00,
  0x00,0x00,0x00,0x78,0x00,0x00,0x78,0x00,0x00,0xf8,0x00,0x00,0xf0,0x00,0x01,0xf8,0x00,0x00,0xf0,0x00,0x03,0xf8,0x00,0x01,
  0xe0,0x00,0x0f,0xf8,0x00,0x03,0xe0,0x00,0x1f,0xf8,0x00,0x03,0xc0,0x00,0x1f,0xf8,0x00,0x07,0x80,0x00,0x1c,0xf8,0x00,0x07,
  0x80,0x00,0x10,0xf8,0x00,0x0f,0x00,0x00,0x00,0xf8,0x00,0x0f,0x00,0x00,0x00,0xf8,0x00,0x1e,0x00,0x00,0x00,0xf8,0x00,0x3e,
  0x00,0x00,0x00,0xf8,0x00,0x3c,0x00,0x00,0x00,0xf8,0x00,0x78,0x00,0x00,0x00,0xf8,0x00,0x78,0x00,0x00,0x00,0xf8,0x00,0xf0,
  0x00,0x00,0x00,0xf8,0x00,0xf0,0x00,0x00,0x00,0xf8,0x01,0xe0,0x00,0x00,0x00,0xf8,0x03,0xe0,0x00,0x00,0x00,0xf8,0x03,0xc0,
  0x01,0xe0,0x00,0xf8,0x07,0x80,0x03,0xe0,0x00,0x00,0x07,0x80,0x07,0xe0,0x00,0x00,0x0f,0x00,0x0f,0xe0,0x00,0x00,0x1f,0x00,
  0x1f,0xe0,0x00,0x00,0x1e,0x00,0x1f,0xe0,0x00,0x00,0x3c,0x00,0x3f,0xe0,0x00,0x00,0x3c,0x00,0x7f,0xe0,0x00,0x00,0x78,0x00,
  0xfb,0xe0,0x00,0x00,0x78,0x01,0xf3,0xe0,0x00,0x00,0xf0,0x01,0xe3,0xe0,0x00,0x01,0xf0,0x03,0xc3,0xe0,0x00,0x01,0xe0,0x07,
  0xc3,0xe0,0x00,0x03,0xc0,0x07,0xff,0xfc,0x00,0x03,0xc0,0x07,0xff,0xfc,0x00,0x07,0x80,0x07,0xff,0xfc,0x00,0x07,0x80,0x07,
  0xff,0xfc,0x00,0x0f,0x00,0x00,0x03,0xe0,0x00,0x1f,0x00,0x00,0x03,0xe0,0x00,0x1e,0x00,0x00,0x03,0xe0,0x00,0x3c,0x00,0x00,
  0x03,0xe0,0x00,0x3c,0x00,0x00,0x00,0x00,0x00,0x00,0x00,0x00,0x00,0x00,0x00,0x00,0x00,0x00,0x00,0x00,0x00,0x00,0x00,0x00,
  0x00,0x00,0x00,0x00,0x00,0x00,0x00,0x00,0x00,0x00,0x00,0x00,0x00,0x00,0x00,0x00,0x00,0x00,0x00,0x00,0x00,0x00,0x00,0x00,
  0x00,0x00,0x00,0x00,0x00,0x00,0x00,0x00,0x00,0x00,0x00,0x00,0x00,0x00,0x00,0x00,0x00,0x00,0x00,0x00,0x00,0x00,0x00,0x00,
  0x00,0x00,0x00,0x00,0x00,0x00,0x00,0x00,0x00,0x00,0x00,0x00,0x00,0x00,0x00,0x00,0x00,0x00,0x00,0x00,0x00,0x00,0x00,0x00,
  0x00,0x00,0x00,0x00,0x00,0x00,0x00,0x00,0x00,0x00,0x00,0x00,0x00,0x00,0x00,0x00,0x00,0x00,0x00,0x00,0x00,0x00,0x00,0x00,
  0x00,0x00,0x00,0x00,0x00,0x00,0x00,0x00,0x00,0x00,0x00,0x00,0x00,0x00,0x00,0x00,0x00,0x00,0x00,0x00,0x00,0x78,0x00,0x00,
  0x78,0x00,0x00,0xf8,0x00,0x00,0xf0,0x00,0x01,0xf8,0x00,0x00,0xf0,0x00,0x03,0xf8,0x00,0x01,0xe0,0x00,0x0f,0xf8,0x00,0x01,
  0xe0,0x00,0x1f,0xf8,0x00,0x03,0xc0,0x00,0x1f,0xf8,0x00,0x07,0xc0,0x00,0x1c,0xf8,0x00,0x07,0x80,0x00,0x10,0xf8,0x00,0x0f,
  0x80,0x00,0x00,0xf8,0x00,0x0f,0x00,0x00,0x00,0xf8,0x00,0x1e,0x00,0x00,0x00,0xf8,0x00,0x1e,0x00,0x00,0x00,0xf8,0x00,0x3c,
  0x00,0x00,0x00,0xf8,0x00,0x3c,0x00,0x00,0x00,0xf8,0x00,0x78,0x00,0x00,0x00,0xf8,0x00,0xf8,0x00,0x00,0x00,0xf8,0x00,0xf0,
  0x00,0x00,0x00,0xf8,0x01,0xe0,0x00,0x00,0x00,0xf8,0x01,0xe0,0x00,0x00,0x00,0xf8,0x03,0xc0,0x00,0x00,0x00,0xf8,0x03,0xc0,
  0x3f,0x80,0x00,0x00,0x07,0x80,0xff,0xe0,0x00,0x00,0x0f,0x81,0xff,0xf0,0x00,0x00,0x0f,0x03,0xff,0xf8,0x00,0x00,0x1e,0x03,
  0xe1,0xf8,0x00,0x00,0x1e,0x03,0xe0,0xf8,0x00,0x00,0x3c,0x03,0xc0,0xf8,0x00,0x00,0x3c,0x00,0x00,0xf8,0x00,0x00,0x78,0x00,
  0x01,0xf8,0x00,0x00,0xf8,0x00,0x03,0xf0,0x00,0x00,0xf0,0x00,0x07,0xf0,0x00,0x01,0xe0,0x00,0x0f,0xe0,0x00,0x01,0xe0,0x00,
  0x3f,0xc0,0x00,0x03,0xc0,0x00,0x7f,0x80,0x00,0x03,0xc0,0x00,0xfe,0x00,0x00,0x07,0x80,0x01,0xfc,0x00,0x00,0x0f,0x80,0x03,
  0xf8,0x00,0x00,0x0f,0x00,0x03,0xff,0xf8,0x00,0x1f,0x00,0x07,0xff,0xf8,0x00,0x1e,0x00,0x07,0xff,0xf8,0x00,0x3c,0x00,0x07,
  0xff,0xf8,0x00,0x3c,0x00,0x00,0x00,0x00,0x00,0x00,0x00,0x00,0x00,0x00,0x00,0x00,0x00,0x00,0x00,0x00,0x00,0x00,0x00,0x00,
  0x00,0x00,0x00,0x00,0x00,0x00,0x00,0x00,0x00,0x00,0x00,0x00,0x00,0x00,0x00,0x00,0x00,0x00,0x00,0x00,0x00,0x00,0x00,0x00,
  0x00,0x00,0x00,0x00,0x00,0x00,0x00,0x00,0x00,0x00,0x00,0x00,0x00,0x00,0x00,0x00,0x00,0x00,0x00,0x00,0x00,0x00,0x00,0x00,
  0x00,0x00,0x00,0x00,0x00,0x00,0x00,0x00,0x00,0x00,0x00,0x00,0x00,0x00,0x00,0x00,0x00,0x00,0x00,0x00,0x00,0x00,0x00,0x00,
  0x00,0x00,0x00,0x00,0x00,0x00,0x00,0x00,0x00,0x00,0x00,0x00,0x00,0x00,0x00,0x00,0x00,0x00,0x00,0x00,0x00,0x00,0x00,0x00,
  0x00,0x00,0x00,0x00,0x00,0x00,0x00,0x00,0x00,0x00,0x00,0x00,0x00,0x00,0x00,0x00,0x00,0x00,0x00,0x00,0x03,0xf0,0x00,0x00,
  0x00,0x00,0x0f,0xfc,0x00,0x00,0x7c,0x00,0x1f,0xfe,0x00,0x00,0x78,0x00,0x3f,0xff,0x00,0x00,0xf8,0x00,0x3e,0x1f,0x00,0x00,
  0xf0,0x00,0x3c,0x1f,0x00,0x01,0xe0,0x00,0x0c,0x3f,0x00,0x01,0xe0,0x00,0x01,0xfe,0x00,0x03,0xc0,0x00,0x01,0xfc,0x00,0x07,
  0xc0,0x00,0x01,0xfe,0x00,0x07,0x80,0x00,0x01,0xff,0x00,0x0f,0x00,0x00,0x00,0x1f,0x80,0x0f,0x00,0x00,0x00,0x0f,0x80,0x1e,
  0x00,0x00,0x00,0x0f,0x80,0x1e,0x00,0x00,0x3c,0x0f,0x80,0x3c,0x00,0x00,0x7c,0x0f,0x80,0x7c,0x00,0x00,0x3e,0x1f,0x80,0x78,
  0x00,0x00,0x3f,0xff,0x00,0xf0,0x00,0x00,0x1f,0xfe,0x00,0xf0,0x00,0x00,0x0f,0xfc,0x01,0xe0,0x00,0x00,0x03,0xf0,0x03,0xe0,
  0x01,0xe0,0x00,0x00,0x03,0xc0,0x03,0xe0,0x00,0x00,0x07,0x80,0x07,0xe0,0x00,0x00,0x07,0x80,0x0f,0xe0,0x00,0x00,0x0f,0x00,
  0x1f,0xe0,0x00,0x00,0x0f,0x00,0x1f,0xe0,0x00,0x00,0x1e,0x00,0x3f,0xe0,0x00,0x00,0x3e,0x00,0x7f,0xe0,0x00,0x00,0x3c,0x00,
  0xfb,0xe0,0x00,0x00,0x78,0x00,0xf3,0xe0,0x00,0x00,0x78,0x01,0xe3,0xe0,0x00,0x00,0xf0,0x03,0xe3,0xe0,0x00,0x01,0xf0,0x07,
  0xc3,0xe0,0x00,0x01,0xe0,0x07,0xff,0xfc,0x00,0x03,0xc0,0x07,0xff,0xfc,0x00,0x03,0xc0,0x07,0xff,0xfc,0x00,0x07,0x80,0x07,
  0xff,0xfc,0x00,0x07,0x80,0x00,0x03,0xe0,0x00,0x0f,0x00,0x00,0x03,0xe0,0x00,0x1f,0x00,0x00,0x03,0xe0,0x00,0x1e,0x00,0x00,
  0x03,0xe0,0x00,0x3c,0x00,0x00,0x00,0x00,0x00,0x00,0x00,0x00,0x00,0x00,0x00,0x00,0x00,0x00,0x00,0x00,0x00,0x00,0x00,0x00,
  0x00,0x00,0x00,0x00,0x00,0x00,0x00,0x00,0x00,0x00,0x00,0x00,0x00,0x00,0x00,0x00,0x00,0x00,0x00,0x00,0x00,0x00,0x00,0x00,
  0x00,0x00,0x00,0x00,0x00,0x00,0x00,0x00,0x00,0x00,0x00,0x00,0x00,0x00,0x00,0x00,0x00,0x00,0x00,0x00,0x00,0x00,0x00,0x00,
  0x00,0x00,0x00,0x00,0x00,0x00,0x00,0x00,0x00,0x00,0x00,0x00,0x00,0x00,0x00,0x00,0x00,0x00,0x00,0x00,0x00,0x00,0x00,0x00,
  0x00,0x00,0x00,0x00,0x00,0x00,0x00,0x00,0x00,0x00,0x00,0x00,0x00,0x00,0x00,0x00,0x00,0x00,0x00,0x00,0x00,0x00,0x00,0x00,
  0x00,0x00,0x00,0x00,0x00,0x00,0x00,0x00,0x00,0x00,0x00,0x00,0x00,0x00,0x00,0x00,0x00,0x00,0x00,0x00,0x00,0x00,0x00,0x00,
  0x00,0x00,0x00,0x00,0x00,0x00,0x00,0x00,0x00,0x00,0x00,0x00,0x00,0x00,0x00,0x00,0x00,0x00,0x00,0x00,0x00,0x00,0x00,0x00,
  0x00,0x00,0x00,0x00,0x00,0x00,0x00,0x00,0x00,0x00,0x00,0x00,0x00,0x00,0x00,0x00,0x00,0x00,0x00,0x00,0x00,0x00,0x00,0x03,
  0xf8,0x00,0x00,0x00,0x03,0xf8,0x00,0x00,0x00,0x03,0xf8,0x00,0x00,0x00,0x03,0xf8,0x00,0x00,0x00,0x03,0xf8,0x00,0x00,0x00,
  0x03,0xf8,0x00,0x00,0x00,0x03,0xf8,0x00,0x00,0x00,0x03,0xf8,0x00,0x00,0x00,0x00,0x00,0x00,0x00,0x00,0x00,0x00,0x00,0x00,
  0x00,0x00,0x00,0x00,0x00,0x00,0x03,0xf8,0x00,0x00,0x00,0x03,0xf8,0x00,0x00,0x00,0x03,0xf8,0x00,0x00,0x00,0x03,0xf8,0x00,
  0x00,0x00,0x07,0xf8,0x00,0x00,0x00,0x07,0xf0,0x00,0x00,0x00,0x0f,0xf0,0x00,0x00,0x00,0x1f,0xf0,0x00,0x00,0x00,0x7f,0xe0,
  0x00,0x00,0x00,0xff,0xc0,0x00,0x00,0x01,0xff,0x80,0x00,0x00,0x03,0xff,0x00,0x00,0x00,0x07,0xfe,0x00,0x00,0x00,0x0f,0xfc,
  0x00,0x00,0x00,0x0f,0xf0,0x00,0x00,0x00,0x1f,0xe0,0x00,0x00,0x00,0x1f,0xe0,0x00,0x00,0x00,0x1f,0xc0,0x00,0x00,0x00,0x1f,
  0xc0,0x00,0xe0,0x00,0x1f,0xc0,0x00,0xfe,0x00,0x1f,0xe0,0x00,0xfe,0x00,0x1f,0xe0,0x01,0xfe,0x00,0x0f,0xf0,0x03,0xfe,0x00,
  0x0f,0xfc,0x0f,0xfc,0x00,0x07,0xff,0xff,0xf8,0x00,0x03,0xff,0xff,0xf8,0x00,0x01,0xff,0xff,0xf0,0x00,0x00,0xff,0xff,0xc0,
  0x00,0x00,0x3f,0xff,0x00,0x00,0x00,0x07,0xf8,0x00,0x00,0x00,0x00,0x00,0x00,0x00,0x00,0x07,0xf8,0x00,0x00,0x00,0x00,0x03,
  0xf8,0x00,0x00,0x00,0x00,0x01,0xfc,0x00,0x00,0x00,0x00,0x00,0xfc,0x00,0x00,0x00,0x00,0x00,0x7e,0x00,0x00,0x00,0x00,0x00,
  0x3e,0x00,0x00,0x00,0x00,0x00,0x1f,0x00,0x00,0x00,0x00,0x00,0x00,0x00,0x00,0x00,0x00,0x00,0x00,0x00,0x00,0x00,0x00,0x00,
  0x00,0x00,0x00,0x00,0x00,0x00,0x00,0x00,0x00,0x00,0x00,0x00,0xff,0x00,0x00,0x00,0x00,0x01,0xff,0x00,0x00,0x00,0x00,0x01,
  0xff,0x80,0x00,0x00,0x00,0x01,0xff,0x80,0x00,0x00,0x00,0x03,0xff,0xc0,0x00,0x00,0x00,0x03,0xff,0xc0,0x00,0x00,0x00,0x07,
  0xff,0xc0,0x00,0x00,0x00,0x07,0xff,0xe0,0x00,0x00,0x00,0x07,0xff,0xe0,0x00,0x00,0x00,0x0f,0xff,0xf0,0x00,0x00,0x00,0x0f,
  0xff,0xf0,0x00,0x00,0x00,0x1f,0xef,0xf8,0x00,0x00,0x00,0x1f,0xe7,0xf8,0x00,0x00,0x00,0x1f,0xc7,0xf8,0x00,0x00,0x00,0x3f,
  0xc3,0xfc,0x00,0x00,0x00,0x3f,0xc3,0xfc,0x00,0x00,0x00,0x7f,0x83,0xfe,0x00,0x00,0x00,0x7f,0x81,0xfe,0x00,0x00,0x00,0x7f,
  0x81,0xfe,0x00,0x00,0x00,0xff,0x00,0xff,0x00,0x00,0x00,0xff,0x00,0xff,0x00,0x00,0x01,0xfe,0x00,0xff,0x80,0x00,0x01,0xfe,
  0x00,0x7f,0x80,0x00,0x01,0xfe,0x00,0x7f,0x80,0x00,0x03,0xff,0xff,0xff,0xc0,0x00,0x03,0xff,0xff,0xff,0xc0,0x00,0x07,0xff,
  0xff,0xff,0xe0,0x00,0x07,0xff,0xff,0xff,0xe0,0x00,0x07,0xff,0xff,0xff,0xf0,0x00,0x0f,0xff,0xff,0xff,0xf0,0x00,0x0f,0xff,
  0xff,0xff,0xf0,0x00,0x1f,0xf0,0x00,0x0f,0xf8,0x00,0x1f,0xe0,0x00,0x07,0xf8,0x00,0x1f,0xe0,0x00,0x07,0xfc,0x00,0x3f,0xe0,
  0x00,0x07,0xfc,0x00,0x3f,0xc0,0x00,0x03,0xfc,0x00,0x7f,0xc0,0x00,0x03,0xfe,0x00,0x7f,0x80,0x00,0x01,0xfe,0x00,0x7f,0x80,
  0x00,0x01,0xff,0x00,0xff,0x80,0x00,0x01,0xff,0x00,0x00,0x00,0x00,0x00,0x00,0x00,0x00,0x00,0x00,0x00,0x00,0x00,0x00,0x00,
  0x00,0x00,0x00,0x00,0x00,0x00,0x00,0x00,0x00,0x00,0x00,0x00,0x00,0x00,0x00,0x00,0x00,0x00,0x00,0x00,0x00,0x00,0x00,0x00,
  0x00,0x00,0x00,0x00,0x00,0x00,0x00,0x00,0x00,0x00,0x00,0x00,0x00,0x00,0x00,0x00,0x00,0x00,0x00,0x00,0x00,0x00,0x00,0x00,
  0x00,0x00,0x00,0x00,0x00,0x00,0x00,0x00,0x00,0x00,0x00,0x00,0x00,0x00,0x00,0x00,0x00,0x00,0x3f,0xc0,0x00,0x00,0x00,0x00,
  0x3f,0x80,0x00,0x00,0x00,0x00,0x7f,0x00,0x00,0x00,0x00,0x00,0x7e,0x00,0x00,0x00,0x00,0x00,0xfc,0x00,0x00,0x00,0x00,0x00,
  0xf8,0x00,0x00,0x00,0x00,0x01,0xf0,0x00,0x00,0x00,0x00,0x00,0x00,0x00,0x00,0x00,0x00,0x00,0x00,0x00,0x00,0x00,0x00,0x00,
  0x00,0x00,0x00,0x00,0x00,0x00,0x00,0x00,0x00,0x00,0x00,0x00,0xff,0x00,0x00,0x00,0x00,0x01,0xff,0x00,0x00,0x00,0x00,0x01,
  0xff,0x80,0x00,0x00,0x00,0x01,0xff,0x80,0x00,0x00,0x00,0x03,0xff,0xc0,0x00,0x00,0x00,0x03,0xff,0xc0,0x00,0x00,0x00,0x07,
  0xff,0xc0,0x00,0x00,0x00,0x07,0xff,0xe0,0x00,0x00,0x00,0x07,0xff,0xe0,0x00,0x00,0x00,0x0f,0xff,0xf0,0x00,0x00,0x00,0x0f,
  0xff,0xf0,0x00,0x00,0x00,0x1f,0xef,0xf8,0x00,0x00,0x00,0x1f,0xe7,0xf8,0x00,0x00,0x00,0x1f,0xc7,0xf8,0x00,0x00,0x00,0x3f,
  0xc3,0xfc,0x00,0x00,0x00,0x3f,0xc3,0xfc,0x00,0x00,0x00,0x7f,0x83,0xfe,0x00,0x00,0x00,0x7f,0x81,0xfe,0x00,0x00,0x00,0x7f,
  0x81,0xfe,0x00,0x00,0x00,0xff,0x00,0xff,0x00,0x00,0x00,0xff,0x00,0xff,0x00,0x00,0x01,0xfe,0x00,0xff,0x80,0x00,0x01,0xfe,
  0x00,0x7f,0x80,0x00,0x01,0xfe,0x00,0x7f,0x80,0x00,0x03,0xff,0xff,0xff,0xc0,0x00,0x03,0xff,0xff,0xff,0xc0,0x00,0x07,0xff,
  0xff,0xff,0xe0,0x00,0x07,0xff,0xff,0xff,0xe0,0x00,0x07,0xff,0xff,0xff,0xf0,0x00,0x0f,0xff,0xff,0xff,0xf0,0x00,0x0f,0xff,
  0xff,0xff,0xf0,0x00,0x1f,0xf0,0x00,0x0f,0xf8,0x00,0x1f,0xe0,0x00,0x07,0xf8,0x00,0x1f,0xe0,0x00,0x07,0xfc,0x00,0x3f,0xe0,
  0x00,0x07,0xfc,0x00,0x3f,0xc0,0x00,0x03,0xfc,0x00,0x7f,0xc0,0x00,0x03,0xfe,0x00,0x7f,0x80,0x00,0x01,0xfe,0x00,0x7f,0x80,
  0x00,0x01,0xff,0x00,0xff,0x80,0x00,0x01,0xff,0x00,0x00,0x00,0x00,0x00,0x00,0x00,0x00,0x00,0x00,0x00,0x00,0x00,0x00,0x00,
  0x00,0x00,0x00,0x00,0x00,0x00,0x00,0x00,0x00,0x00,0x00,0x00,0x00,0x00,0x00,0x00,0x00,0x00,0x00,0x00,0x00,0x00,0x00,0x00,
  0x00,0x00,0x00,0x00,0x00,0x00,0x00,0x00,0x00,0x00,0x00,0x00,0x00,0x00,0x00,0x00,0x00,0x00,0x00,0x00,0x00,0x00,0x00,0x00,
  0x00,0x00,0x00,0x00,0x00,0x00,0x00,0x00,0x00,0x00,0x00,0x00,0x00,0x00,0x00,0x00,0x00,0x01,0xff,0x00,0x00,0x00,0x00,0x01,
  0xff,0x80,0x00,0x00,0x00,0x03,0xff,0x80,0x00,0x00,0x00,0x07,0xef,0xc0,0x00,0x00,0x00,0x0f,0xc7,0xe0,0x00,0x00,0x00,0x0f,
  0xc3,0xf0,0x00,0x00,0x00,0x1f,0x83,0xf0,0x00,0x00,0x00,0x00,0x00,0x00,0x00,0x00,0x00,0x00,0x00,0x00,0x00,0x00,0x00,0x00,
  0x00,0x00,0x00,0x00,0x00,0x00,0x00,0x00,0x00,0x00,0x00,0x00,0xff,0x00,0x00,0x00,0x00,0x01,0xff,0x00,0x00,0x00,0x00,0x01,
  0xff,0x80,0x00,0x00,0x00,0x01,0xff,0x80,0x00,0x00,0x00,0x03,0xff,0xc0,0x00,0x00,0x00,0x03,0xff,0xc0,0x00,0x00,0x00,0x07,
  0xff,0xc0,0x00,0x00,0x00,0x07,0xff,0xe0,0x00,0x00,0x00,0x07,0xff,0xe0,0x00,0x00,0x00,0x0f,0xff,0xf0,0x00,0x00,0x00,0x0f,
  0xff,0xf0,0x00,0x00,0x00,0x1f,0xef,0xf8,0x00,0x00,0x00,0x1f,0xe7,0xf8,0x00,0x00,0x00,0x1f,0xc7,0xf8,0x00,0x00,0x00,0x3f,
  0xc3,0xfc,0x00,0x00,0x00,0x3f,0xc3,0xfc,0x00,0x00,0x00,0x7f,0x83,0xfe,0x00,0x00,0x00,0x7f,0x81,0xfe,0x00,0x00,0x00,0x7f,
  0x81,0xfe,0x00,0x00,0x00,0xff,0x00,0xff,0x00,0x00,0x00,0xff,0x00,0xff,0x00,0x00,0x01,0xfe,0x00,0xff,0x80,0x00,0x01,0xfe,
  0x00,0x7f,0x80,0x00,0x01,0xfe,0x00,0x7f,0x80,0x00,0x03,0xff,0xff,0xff,0xc0,0x00,0x03,0xff,0xff,0xff,0xc0,0x00,0x07,0xff,
  0xff,0xff,0xe0,0x00,0x07,0xff,0xff,0xff,0xe0,0x00,0x07,0xff,0xff,0xff,0xf0,0x00,0x0f,0xff,0xff,0xff,0xf0,0x00,0x0f,0xff,
  0xff,0xff,0xf0,0x00,0x1f,0xf0,0x00,0x0f,0xf8,0x00,0x1f,0xe0,0x00,0x07,0xf8,0x00,0x1f,0xe0,0x00,0x07,0xfc,0x00,0x3f,0xe0,
  0x00,0x07,0xfc,0x00,0x3f,0xc0,0x00,0x03,0xfc,0x00,0x7f,0xc0,0x00,0x03,0xfe,0x00,0x7f,0x80,0x00,0x01,0xfe,0x00,0x7f,0x80,
  0x00,0x01,0xff,0x00,0xff,0x80,0x00,0x01,0xff,0x00,0x00,0x00,0x00,0x00,0x00,0x00,0x00,0x00,0x00,0x00,0x00,0x00,0x00,0x00,
  0x00,0x00,0x00,0x00,0x00,0x00,0x00,0x00,0x00,0x00,0x00,0x00,0x00,0x00,0x00,0x00,0x00,0x00,0x00,0x00,0x00,0x00,0x00,0x00,
  0x00,0x00,0x00,0x00,0x00,0x00,0x00,0x00,0x00,0x00,0x00,0x00,0x00,0x00,0x00,0x00,0x00,0x00,0x00,0x00,0x00,0x00,0x00,0x00,
  0x00,0x00,0x00,0x00,0x00,0x00,0x00,0x00,0x00,0x00,0x00,0x00,0x00,0x00,0x00,0x00,0x00,0x07,0xc0,0x38,0x00,0x00,0x00,0x0f,
  0xf8,0x78,0x00,0x00,0x00,0x1f,0xff,0xf8,0x00,0x00,0x00,0x1f,0xff,0xf8,0x00,0x00,0x00,0x1f,0xff,0xf0,0x00,0x00,0x00,0x1c,
  0x1f,0xf0,0x00,0x00,0x00,0x1c,0x03,0xc0,0x00,0x00,0x00,0x00,0x00,0x00,0x00,0x00,0x00,0x00,0x00,0x00,0x00,0x00,0x00,0x00,
  0x00,0x00,0x00,0x00,0x00,0x00,0x00,0x00,0x00,0x00,0x00,0x00,0xff,0x00,0x00,0x00,0x00,0x01,0xff,0x00,0x00,0x00,0x00,0x01,
  0xff,0x80,0x00,0x00,0x00,0x01,0xff,0x80,0x00,0x00,0x00,0x03,0xff,0xc0,0x00,0x00,0x00,0x03,0xff,0xc0,0x00,0x00,0x00,0x07,
  0xff,0xc0,0x00,0x00,0x00,0x07,0xff,0xe0,0x00,0x00,0x00,0x07,0xff,0xe0,0x00,0x00,0x00,0x0f,0xff,0xf0,0x00,0x00,0x00,0x0f,
  0xff,0xf0,0x00,0x00,0x00,0x1f,0xef,0xf8,0x00,0x00,0x00,0x1f,0xe7,0xf8,0x00,0x00,0x00,0x1f,0xc7,0xf8,0x00,0x00,0x00,0x3f,
  0xc3,0xfc,0x00,0x00,0x00,0x3f,0xc3,0xfc,0x00,0x00,0x00,0x7f,0x83,0xfe,0x00,0x00,0x00,0x7f,0x81,0xfe,0x00,0x00,0x00,0x7f,
  0x81,0xfe,0x00,0x00,0x00,0xff,0x00,0xff,0x00,0x00,0x00,0xff,0x00,0xff,0x00,0x00,0x01,0xfe,0x00,0xff,0x80,0x00,0x01,0xfe,
  0x00,0x7f,0x80,0x00,0x01,0xfe,0x00,0x7f,0x80,0x00,0x03,0xff,0xff,0xff,0xc0,0x00,0x03,0xff,0xff,0xff,0xc0,0x00,0x07,0xff,
  0xff,0xff,0xe0,0x00,0x07,0xff,0xff,0xff,0xe0,0x00,0x07,0xff,0xff,0xff,0xf0,0x00,0x0f,0xff,0xff,0xff,0xf0,0x00,0x0f,0xff,
  0xff,0xff,0xf0,0x00,0x1f,0xf0,0x00,0x0f,0xf8,0x00,0x1f,0xe0,0x00,0x07,0xf8,0x00,0x1f,0xe0,0x00,0x07,0xfc,0x00,0x3f,0xe0,
  0x00,0x07,0xfc,0x00,0x3f,0xc0,0x00,0x03,0xfc,0x00,0x7f,0xc0,0x00,0x03,0xfe,0x00,0x7f,0x80,0x00,0x01,0xfe,0x00,0x7f,0x80,
  0x00,0x01,0xff,0x00,0xff,0x80,0x00,0x01,0xff,0x00,0x00,0x00,0x00,0x00,0x00,0x00,0x00,0x00,0x00,0x00,0x00,0x00,0x00,0x00,
  0x00,0x00,0x00,0x00,0x00,0x00,0x00,0x00,0x00,0x00,0x00,0x00,0x00,0x00,0x00,0x00,0x00,0x00,0x00,0x00,0x00,0x00,0x00,0x00,
  0x00,0x00,0x00,0x00,0x00,0x00,0x00,0x00,0x00,0x00,0x00,0x00,0x00,0x00,0x00,0x00,0x00,0x00,0x00,0x00,0x00,0x00,0x00,0x00,
  0x00,0x00,0x00,0x00,0x00,0x00,0x00,0x00,0x00,0x00,0x00,0x00,0x00,0x00,0x00,0x00,0x00,0x1f,0x83,0xf8,0x00,0x00,0x00,0x1f,
  0x83,0xf8,0x00,0x00,0x00,0x1f,0x83,0xf8,0x00,0x00,0x00,0x1f,0x83,0xf8,0x00,0x00,0x00,0x1f,0x83,0xf8,0x00,0x00,0x00,0x1f,
  0x83,0xf8,0x00,0x00,0x00,0x1f,0x83,0xf8,0x00,0x00,0x00,0x00,0x00,0x00,0x00,0x00,0x00,0x00,0x00,0x00,0x00,0x00,0x00,0x00,
  0x00,0x00,0x00,0x00,0x00,0x00,0x00,0x00,0x00,0x00,0x00,0x00,0xff,0x00,0x00,0x00,0x00,0x01,0xff,0x00,0x00,0x00,0x00,0x01,
  0xff,0x80,0x00,0x00,0x00,0x01,0xff,0x80,0x00,0x00,0x00,0x03,0xff,0xc0,0x00,0x00,0x00,0x03,0xff,0xc0,0x00,0x00,0x00,0x07,
  0xff,0xc0,0x00,0x00,0x00,0x07,0xff,0xe0,0x00,0x00,0x00,0x07,0xff,0xe0,0x00,0x00,0x00,0x0f,0xff,0xf0,0x00,0x00,0x00,0x0f,
  0xff,0xf0,0x00,0x00,0x00,0x1f,0xef,0xf8,0x00,0x00,0x00,0x1f,0xe7,0xf8,0x00,0x00,0x00,0x1f,0xc7,0xf8,0x00,0x00,0x00,0x3f,
  0xc3,0xfc,0x00,0x00,0x00,0x3f,0xc3,0xfc,0x00,0x00,0x00,0x7f,0x83,0xfe,0x00,0x00,0x00,0x7f,0x81,0xfe,0x00,0x00,0x00,0x7f,
  0x81,0xfe,0x00,0x00,0x00,0xff,0x00,0xff,0x00,0x00,0x00,0xff,0x00,0xff,0x00,0x00,0x01,0xfe,0x00,0xff,0x80,0x00,0x01,0xfe,
  0x00,0x7f,0x80,0x00,0x01,0xfe,0x00,0x7f,0x80,0x00,0x03,0xff,0xff,0xff,0xc0,0x00,0x03,0xff,0xff,0xff,0xc0,0x00,0x07,0xff,
  0xff,0xff,0xe0,0x00,0x07,0xff,0xff,0xff,0xe0,0x00,0x07,0xff,0xff,0xff,0xf0,0x00,0x0f,0xff,0xff,0xff,0xf0,0x00,0x0f,0xff,
  0xff,0xff,0xf0,0x00,0x1f,0xf0,0x00,0x0f,0xf8,0x00,0x1f,0xe0,0x00,0x07,0xf8,0x00,0x1f,0xe0,0x00,0x07,0xfc,0x00,0x3f,0xe0,
  0x00,0x07,0xfc,0x00,0x3f,0xc0,0x00,0x03,0xfc,0x00,0x7f,0xc0,0x00,0x03,0xfe,0x00,0x7f,0x80,0x00,0x01,0xfe,0x00,0x7f,0x80,
  0x00,0x01,0xff,0x00,0xff,0x80,0x00,0x01,0xff,0x00,0x00,0x00,0x00,0x00,0x00,0x00,0x00,0x00,0x00,0x00,0x00,0x00,0x00,0x00,
  0x00,0x00,0x00,0x00,0x00,0x00,0x00,0x00,0x00,0x00,0x00,0x00,0x00,0x00,0x00,0x00,0x00,0x00,0x00,0x00,0x00,0x00,0x00,0x00,
  0x00,0x00,0x00,0x00,0x00,0x00,0x00,0x00,0x00,0x00,0x00,0x00,0x00,0x00,0x00,0x00,0x00,0x00,0x00,0x00,0x00,0x00,0x00,0x00,
  0x00,0x00,0x00,0x00,0x00,0x00,0x00,0x00,0x00,0x00,0x00,0x00,0x00,0x00,0x00,0x00,0x00,0x00,0x00,0x00,0x00,0x00,0x00,0x00,
  0x00,0x00,0x00,0x00,0x00,0x00,0x00,0x00,0x00,0x00,0x00,0x00,0x00,0x00,0x00,0x00,0x00,0x00,0x3c,0x00,0x00,0x00,0x00,0x00,
  0xff,0x00,0x00,0x00,0x00,0x00,0xff,0x80,0x00,0x00,0x00,0x01,0xe3,0x80,0x00,0x00,0x00,0x01,0xc1,0x80,0x00,0x00,0x00,0x01,
  0xc1,0x80,0x00,0x00,0x00,0x01,0xe3,0x80,0x00,0x00,0x00,0x00,0xff,0x80,0x00,0x00,0x00,0x01,0xff,0x00,0x00,0x00,0x00,0x01,
  0xff,0x80,0x00,0x00,0x00,0x01,0xff,0x80,0x00,0x00,0x00,0x03,0xff,0xc0,0x00,0x00,0x00,0x03,0xff,0xc0,0x00,0x00,0x00,0x07,
  0xff,0xc0,0x00,0x00,0x00,0x07,0xff,0xe0,0x00,0x00,0x00,0x07,0xff,0xe0,0x00,0x00,0x00,0x0f,0xff,0xf0,0x00,0x00,0x00,0x0f,
  0xff,0xf0,0x00,0x00,0x00,0x1f,0xef,0xf8,0x00,0x00,0x00,0x1f,0xe7,0xf8,0x00,0x00,0x00,0x1f,0xc7,0xf8,0x00,0x00,0x00,0x3f,
  0xc3,0xfc,0x00,0x00,0x00,0x3f,0xc3,0xfc,0x00,0x00,0x00,0x7f,0x83,0xfe,0x00,0x00,0x00,0x7f,0x81,0xfe,0x00,0x00,0x00,0x7f,
  0x81,0xfe,0x00,0x00,0x00,0xff,0x00,0xff,0x00,0x00,0x00,0xff,0x00,0xff,0x00,0x00,0x01,0xfe,0x00,0xff,0x80,0x00,0x01,0xfe,
  0x00,0x7f,0x80,0x00,0x01,0xfe,0x00,0x7f,0x80,0x00,0x03,0xff,0xff,0xff,0xc0,0x00,0x03,0xff,0xff,0xff,0xc0,0x00,0x07,0xff,
  0xff,0xff,0xe0,0x00,0x07,0xff,0xff,0xff,0xe0,0x00,0x07,0xff,0xff,0xff,0xf0,0x00,0x0f,0xff,0xff,0xff,0xf0,0x00,0x0f,0xff,
  0xff,0xff,0xf0,0x00,0x1f,0xf0,0x00,0x0f,0xf8,0x00,0x1f,0xe0,0x00,0x07,0xf8,0x00,0x1f,0xe0,0x00,0x07,0xfc,0x00,0x3f,0xe0,
  0x00,0x07,0xfc,0x00,0x3f,0xc0,0x00,0x03,0xfc,0x00,0x7f,0xc0,0x00,0x03,0xfe,0x00,0x7f,0x80,0x00,0x01,0xfe,0x00,0x7f,0x80,
  0x00,0x01,0xff,0x00,0xff,0x80,0x00,0x01,0xff,0x00,0x00,0x00,0x00,0x00,0x00,0x00,0x00,0x00,0x00,0x00,0x00,0x00,0x00,0x00,
  0x00,0x00,0x00,0x00,0x00,0x00,0x00,0x00,0x00,0x00,0x00,0x00,0x00,0x00,0x00,0x00,0x00,0x00,0x00,0x00,0x00,0x00,0x00,0x00,
  0x00,0x00,0x00,0x00,0x00,0x00,0x00,0x00,0x00,0x00,0x00,0x00,0x00,0x00,0x00,0x00,0x00,0x00,0x00,0x00,0x00,0x00,0x00,0x00,
  0x00,0x00,0x00,0x00,0x00,0x00,0x00,0x00,0x00,0x00,0x00,0x00,0x00,0x00,0x00,0x00,0x00,0x00,0x00,0x00,0x00,0x00,0x00,0x00,
  0x00,0x00,0x00,0x00,0x00,0x00,0x00,0x00,0x00,0x00,0x00,0x00,0x00,0x00,0x00,0x00,0x00,0x00,0x00,0x00,0x00,0x00,0x00,0x00,
  0x00,0x00,0x00,0x00,0x00,0x00,0x00,0x00,0x00,0x00,0x00,0x00,0x00,0x00,0x00,0x00,0x00,0x00,0x00,0x00,0x00,0x00,0x00,0x00,
  0x00,0x00,0x00,0x00,0x00,0x00,0x00,0x00,0x00,0x00,0x00,0x00,0x00,0x00,0x00,0x00,0x00,0x00,0x00,0x00,0x00,0x00,0x00,0x00,
  0x00,0x00,0x00,0x00,0x00,0x00,0x00,0x00,0x00,0x00,0x1f,0xff,0xff,0xff,0xfe,0x00,0x00,0x00,0x1f,0xff,0xff,0xff,0xfe,0x00,
  0x00,0x00,0x3f,0xff,0xff,0xff,0xfe,0x00,0x00,0x00,0x3f,0xff,0xff,0xff,0xfe,0x00,0x00,0x00,0x7f,0xff,0xff,0xff,0xfe,0x00,
  0x00,0x00,0x7f,0xff,0xff,0xff,0xfe,0x00,0x00,0x00,0xff,0x0f,0xff,0xff,0xfe,0x00,0x00,0x00,0xff,0x0f,0xf0,0x00,0x00,0x00,
  0x00,0x01,0xfe,0x0f,0xf0,0x00,0x00,0x00,0x00,0x01,0xfe,0x0f,0xf0,0x00,0x00,0x00,0x00,0x03,0xfe,0x0f,0xf0,0x00,0x00,0x00,
  0x00,0x03,0xfc,0x0f,0xf0,0x00,0x00,0x00,0x00,0x03,0xfc,0x0f,0xf0,0x00,0x00,0x00,0x00,0x07,0xf8,0x0f,0xf0,0x00,0x00,0x00,
  0x00,0x07,0xf8,0x0f,0xf0,0x00,0x00,0x00,0x00,0x0f,0xf0,0x0f,0xff,0xff,0xfc,0x00,0x00,0x0f,0xf0,0x0f,0xff,0xff,0xfc,0x00,
  0x00,0x1f,0xe0,0x0f,0xff,0xff,0xfc,0x00,0x00,0x1f,0xe0,0x0f,0xff,0xff,0xfc,0x00,0x00,0x3f,0xe0,0x0f,0xff,0xff,0xfc,0x00,
  0x00,0x3f,0xc0,0x0f,0xff,0xff,0xfc,0x00,0x00,0x7f,0xc0,0x0f,0xff,0xff,0xfc,0x00,0x00,0x7f,0x80,0x0f,0xf0,0x00,0x00,0x00,
  0x00,0xff,0x80,0x0f,0xf0,0x00,0x00,0x00,0x00,0xff,0xff,0xff,0xf0,0x00,0x00,0x00,0x01,0xff,0xff,0xff,0xf0,0x00,0x00,0x00,
  0x01,0xff,0xff,0xff,0xf0,0x00,0x00,0x00,0x01,0xff,0xff,0xff,0xf0,0x00,0x00,0x00,0x03,0xff,0xff,0xff,0xf0,0x00,0x00,0x00,
  0x03,0xff,0xff,0xff,0xf0,0x00,0x00,0x00,0x07,0xff,0xff,0xff,0xf0,0x00,0x00,0x00,0x07,0xf8,0x00,0x0f,0xf0,0x00,0x00,0x00,
  0x0f,0xf8,0x00,0x0f,0xf0,0x00,0x00,0x00,0x0f,0xf0,0x00,0x0f,0xff,0xff,0xff,0x00,0x1f,0xf0,0x00,0x0f,0xff,0xff,0xff,0x00,
  0x1f,0xf0,0x00,0x0f,0xff,0xff,0xff,0x00,0x3f,0xe0,0x00,0x0f,0xff,0xff,0xff,0x00,0x3f,0xe0,0x00,0x0f,0xff,0xff,0xff,0x00,
  0x7f,0xc0,0x00,0x0f,0xff,0xff,0xff,0x00,0x7f,0xc0,0x00,0x0f,0xff,0xff,0xff,0x00,0x00,0x00,0x00,0x00,0x00,0x00,0x00,0x00,
  0x00,0x00,0x00,0x00,0x00,0x00,0x00,0x00,0x00,0x00,0x00,0x00,0x00,0x00,0x00,0x00,0x00,0x00,0x00,0x00,0x00,0x00,0x00,0x00,
  0x00,0x00,0x00,0x00,0x00,0x00,0x00,0x00,0x00,0x00,0x00,0x00,0x00,0x00,0x00,0x00,0x00,0x00,0x00,0x00,0x00,0x00,0x00,0x00,
  0x00,0x00,0x00,0x00,0x00,0x00,0x00,0x00,0x00,0x00,0x00,0x00,0x00,0x00,0x00,0x00,0x00,0x00,0x00,0x00,0x00,0x00,0x00,0x00,
  0x00,0x00,0x00,0x00,0x00,0x00,0x00,0x00,0x00,0x00,0x00,0x00,0x00,0x00,0x00,0x00,0x00,0x00,0x00,0x00,0x00,0x00,0x00,0x00,
  0x00,0x00,0x00,0x00,0x00,0x00,0x00,0x00,0x00,0x00,0x00,0x00,0x00,0x00,0x00,0x00,0x00,0x00,0x00,0x00,0x00,0x00,0x00,0x00,
  0x00,0x00,0x00,0x00,0x00,0x00,0x00,0x00,0x00,0x00,0x00,0x00,0x00,0x00,0x00,0x00,0x00,0x00,0x00,0x00,0x00,0x00,0x00,0x00,
  0x00,0x00,0x00,0x00,0x00,0x00,0x00,0x00,0x00,0x00,0x00,0x00,0x00,0x00,0x7f,0xc0,0x00,0x00,0x00,0x03,0xff,0xf8,0x00,0x00,
  0x00,0x0f,0xff,0xfe,0x00,0x00,0x00,0x3f,0xff,0xff,0x00,0x00,0x00,0x7f,0xff,0xff,0x80,0x00,0x00,0xff,0xff,0xff,0xc0,0x00,
  0x01,0xff,0xff,0xff,0xe0,0x00,0x03,0xff,0xc0,0xff,0xf0,0x00,0x03,0xff,0x00,0x3f,0xf0,0x00,0x07,0xfc,0x00,0x1f,0xf8,0x00,
  0x07,0xf8,0x00,0x0f,0xf8,0x00,0x0f,0xf8,0x00,0x07,0xf8,0x00,0x0f,0xf0,0x00,0x07,0xe0,0x00,0x0f,0xf0,0x00,0x06,0x00,0x00,
  0x1f,0xf0,0x00,0x00,0x00,0x00,0x1f,0xe0,0x00,0x00,0x00,0x00,0x1f,0xe0,0x00,0x00,0x00,0x00,0x1f,0xe0,0x00,0x00,0x00,0x00,
  0x1f,0xe0,0x00,0x00,0x00,0x00,0x1f,0xe0,0x00,0x00,0x00,0x00,0x1f,0xe0,0x00,0x00,0x00,0x00,0x1f,0xe0,0x00,0x00,0x00,0x00,
  0x1f,0xe0,0x00,0x00,0x00,0x00,0x1f,0xe0,0x00,0x00,0x00,0x00,0x1f,0xe0,0x00,0x00,0x00,0x00,0x1f,0xe0,0x00,0x02,0x00,0x00,
  0x1f,0xf0,0x00,0x03,0xe0,0x00,0x0f,0xf0,0x00,0x07,0xf8,0x00,0x0f,0xf0,0x00,0x07,0xf8,0x00,0x0f,0xf8,0x00,0x0f,0xf8,0x00,
  0x07,0xf8,0x00,0x0f,0xf0,0x00,0x07,0xfc,0x00,0x1f,0xf0,0x00,0x03,0xff,0x00,0x3f,0xf0,0x00,0x03,0xff,0x80,0xff,0xe0,0x00,
  0x01,0xff,0xff,0xff,0xc0,0x00,0x00,0xff,0xff,0xff,0xc0,0x00,0x00,0x7f,0xff,0xff,0x80,0x00,0x00,0x3f,0xff,0xff,0x00,0x00,
  0x00,0x0f,0xff,0xfc,0x00,0x00,0x00,0x07,0xff,0xf0,0x00,0x00,0x00,0x00,0x7f,0x80,0x00,0x00,0x00,0x00,0x7f,0x00,0x00,0x00,
  0x00,0x00,0xff,0xc0,0x00,0x00,0x00,0x01,0xff,0xc0,0x00,0x00,0x00,0x00,0x07,0xe0,0x00,0x00,0x00,0x00,0x03,0xe0,0x00,0x00,
  0x00,0x00,0x03,0xe0,0x00,0x00,0x00,0x00,0x07,0xe0,0x00,0x00,0x00,0x07,0xff,0xc0,0x00,0x00,0x00,0x07,0xff,0x80,0x00,0x00,
  0x00,0x03,0xfc,0x00,0x00,0x00,0x00,0x00,0x00,0x00,0x00,0x00,0x00,0x00,0x00,0x00,0x00,0x00,0x00,0x00,0x00,0x00,0x00,0x00,
  0x00,0x07,0xf8,0x00,0x00,0x00,0x03,0xf8,0x00,0x00,0x00,0x01,0xfc,0x00,0x00,0x00,0x00,0xfc,0x00,0x00,0x00,0x00,0x7e,0x00,
  0x00,0x00,0x00,0x3e,0x00,0x00,0x00,0x00,0x1f,0x00,0x00,0x00,0x00,0x00,0x00,0x00,0x00,0x00,0x00,0x00,0x00,0x00,0x00,0x00,
  0x00,0x00,0x00,0x00,0x00,0x00,0x00,0x0f,0xff,0xff,0xff,0xc0,0x0f,0xff,0xff,0xff,0xc0,0x0f,0xff,0xff,0xff,0xc0,0x0f,0xff,
  0xff,0xff,0xc0,0x0f,0xff,0xff,0xff,0xc0,0x0f,0xff,0xff,0xff,0xc0,0x0f,0xff,0xff,0xff,0xc0,0x0f,0xf0,0x00,0x00,0x00,0x0f,
  0xf0,0x00,0x00,0x00,0x0f,0xf0,0x00,0x00,0x00,0x0f,0xf0,0x00,0x00,0x00,0x0f,0xf0,0x00,0x00,0x00,0x0f,0xf0,0x00,0x00,0x00,
  0x0f,0xf0,0x00,0x00,0x00,0x0f,0xf0,0x00,0x00,0x00,0x0f,0xf0,0x00,0x00,0x00,0x0f,0xff,0xff,0xff,0x00,0x0f,0xff,0xff,0xff,
  0x00,0x0f,0xff,0xff,0xff,0x00,0x0f,0xff,0xff,0xff,0x00,0x0f,0xff,0xff,0xff,0x00,0x0f,0xff,0xff,0xff,0x00,0x0f,0xff,0xff,
  0xff,0x00,0x0f,0xf0,0x00,0x00,0x00,0x0f,0xf0,0x00,0x00,0x00,0x0f,0xf0,0x00,0x00,0x00,0x0f,0xf0,0x00,0x00,0x00,0x0f,0xf0,
  0x00,0x00,0x00,0x0f,0xf0,0x00,0x00,0x00,0x0f,0xf0,0x00,0x00,0x00,0x0f,0xf0,0x00,0x00,0x00,0x0f,0xf0,0x00,0x00,0x00,0x0f,
  0xf0,0x00,0x00,0x00,0x0f,0xff,0xff,0xff,0xc0,0x0f,0xff,0xff,0xff,0xc0,0x0f,0xff,0xff,0xff,0xc0,0x0f,0xff,0xff,0xff,0xc0,
  0x0f,0xff,0xff,0xff,0xc0,0x0f,0xff,0xff,0xff,0xc0,0x0f,0xff,0xff,0xff,0xc0,0x00,0x00,0x00,0x00,0x00,0x00,0x00,0x00,0x00,
  0x00,0x00,0x00,0x00,0x00,0x00,0x00,0x00,0x00,0x00,0x00,0x00,0x00,0x00,0x00,0x00,0x00,0x00,0x00,0x00,0x00,0x00,0x00,0x00,
  0x00,0x00,0x00,0x00,0x00,0x00,0x00,0x00,0x00,0x00,0x00,0x00,0x00,0x00,0x00,0x00,0x00,0x00,0x00,0x00,0x00,0x00,0x00,0x00,
  0x00,0x00,0x00,0x00,0x00,0x00,0x00,0x00,0x00,0x00,0x7f,0x80,0x00,0x00,0x00,0x7f,0x00,0x00,0x00,0x00,0xfe,0x00,0x00,0x00,
  0x00,0xfc,0x00,0x00,0x00,0x01,0xf8,0x00,0x00,0x00,0x01,0xf0,0x00,0x00,0x00,0x03,0xe0,0x00,0x00,0x00,0x00,0x00,0x00,0x00,
  0x00,0x00,0x00,0x00,0x00,0x00,0x00,0x00,0x00,0x00,0x00,0x00,0x00,0x00,0x00,0x0f,0xff,0xff,0xff,0xc0,0x0f,0xff,0xff,0xff,
  0xc0,0x0f,0xff,0xff,0xff,0xc0,0x0f,0xff,0xff,0xff,0xc0,0x0f,0xff,0xff,0xff,0xc0,0x0f,0xff,0xff,0xff,0xc0,0x0f,0xff,0xff,
  0xff,0xc0,0x0f,0xf0,0x00,0x00,0x00,0x0f,0xf0,0x00,0x00,0x00,0x0f,0xf0,0x00,0x00,0x00,0x0f,0xf0,0x00,0x00,0x00,0x0f,0xf0,
  0x00,0x00,0x00,0x0f,0xf0,0x00,0x00,0x00,0x0f,0xf0,0x00,0x00,0x00,0x0f,0xf0,0x00,0x00,0x00,0x0f,0xf0,0x00,0x00,0x00,0x0f,
  0xff,0xff,0xff,0x00,0x0f,0xff,0xff,0xff,0x00,0x0f,0xff,0xff,0xff,0x00,0x0f,0xff,0xff,0xff,0x00,0x0f,0xff,0xff,0xff,0x00,
  0x0f,0xff,0xff,0xff,0x00,0x0f,0xff,0xff,0xff,0x00,0x0f,0xf0,0x00,0x00,0x00,0x0f,0xf0,0x00,0x00,0x00,0x0f,0xf0,0x00,0x00,
  0x00,0x0f,0xf0,0x00,0x00,0x00,0x0f,0xf0,0x00,0x00,0x00,0x0f,0xf0,0x00,0x00,0x00,0x0f,0xf0,0x00,0x00,0x00,0x0f,0xf0,0x00,
  0x00,0x00,0x0f,0xf0,0x00,0x00,0x00,0x0f,0xf0,0x00,0x00,0x00,0x0f,0xff,0xff,0xff,0xc0,0x0f,0xff,0xff,0xff,0xc0,0x0f,0xff,
  0xff,0xff,0xc0,0x0f,0xff,0xff,0xff,0xc0,0x0f,0xff,0xff,0xff,0xc0,0x0f,0xff,0xff,0xff,0xc0,0x0f,0xff,0xff,0xff,0xc0,0x00,
  0x00,0x00,0x00,0x00,0x00,0x00,0x00,0x00,0x00,0x00,0x00,0x00,0x00,0x00,0x00,0x00,0x00,0x00,0x00,0x00,0x00,0x00,0x00,0x00,
  0x00,0x00,0x00,0x00,0x00,0x00,0x00,0x00,0x00,0x00,0x00,0x00,0x00,0x00,0x00,0x00,0x00,0x00,0x00,0x00,0x00,0x00,0x00,0x00,
  0x00,0x00,0x00,0x00,0x00,0x00,0x00,0x00,0x00,0x00,0x00,0x00,0x00,0x00,0x00,0x00,0x00,0x03,0xfe,0x00,0x00,0x00,0x03,0xff,
  0x00,0x00,0x00,0x07,0xff,0x00,0x00,0x00,0x0f,0xdf,0x80,0x00,0x00,0x1f,0x8f,0xc0,0x00,0x00,0x1f,0x87,0xe0,0x00,0x00,0x3f,
  0x07,0xe0,0x00,0x00,0x00,0x00,0x00,0x00,0x00,0x00,0x00,0x00,0x00,0x00,0x00,0x00,0x00,0x00,0x00,0x00,0x00,0x00,0x00,0x0f,
  0xff,0xff,0xff,0xc0,0x0f,0xff,0xff,0xff,0xc0,0x0f,0xff,0xff,0xff,0xc0,0x0f,0xff,0xff,0xff,0xc0,0x0f,0xff,0xff,0xff,0xc0,
  0x0f,0xff,0xff,0xff,0xc0,0x0f,0xff,0xff,0xff,0xc0,0x0f,0xf0,0x00,0x00,0x00,0x0f,0xf0,0x00,0x00,0x00,0x0f,0xf0,0x00,0x00,
  0x00,0x0f,0xf0,0x00,0x00,0x00,0x0f,0xf0,0x00,0x00,0x00,0x0f,0xf0,0x00,0x00,0x00,0x0f,0xf0,0x00,0x00,0x00,0x0f,0xf0,0x00,
  0x00,0x00,0x0f,0xf0,0x00,0x00,0x00,0x0f,0xff,0xff,0xff,0x00,0x0f,0xff,0xff,0xff,0x00,0x0f,0xff,0xff,0xff,0x00,0x0f,0xff,
  0xff,0xff,0x00,0x0f,0xff,0xff,0xff,0x00,0x0f,0xff,0xff,0xff,0x00,0x0f,0xff,0xff,0xff,0x00,0x0f,0xf0,0x00,0x00,0x00,0x0f,
  0xf0,0x00,0x00,0x00,0x0f,0xf0,0x00,0x00,0x00,0x0f,0xf0,0x00,0x00,0x00,0x0f,0xf0,0x00,0x00,0x00,0x0f,0xf0,0x00,0x00,0x00,
  0x0f,0xf0,0x00,0x00,0x00,0x0f,0xf0,0x00,0x00,0x00,0x0f,0xf0,0x00,0x00,0x00,0x0f,0xf0,0x00,0x00,0x00,0x0f,0xff,0xff,0xff,
  0xc0,0x0f,0xff,0xff,0xff,0xc0,0x0f,0xff,0xff,0xff,0xc0,0x0f,0xff,0xff,0xff,0xc0,0x0f,0xff,0xff,0xff,0xc0,0x0f,0xff,0xff,
  0xff,0xc0,0x0f,0xff,0xff,0xff,0xc0,0x00,0x00,0x00,0x00,0x00,0x00,0x00,0x00,0x00,0x00,0x00,0x00,0x00,0x00,0x00,0x00,0x00,
  0x00,0x00,0x00,0x00,0x00,0x00,0x00,0x00,0x00,0x00,0x00,0x00,0x00,0x00,0x00,0x00,0x00,0x00,0x00,0x00,0x00,0x00,0x00,0x00,
  0x00,0x00,0x00,0x00,0x00,0x00,0x00,0x00,0x00,0x00,0x00,0x00,0x00,0x00,0x00,0x00,0x00,0x00,0x00,0x00,0x00,0x00,0x00,0x00,
  0x00,0x3f,0x07,0xf0,0x00,0x00,0x3f,0x07,0xf0,0x00,0x00,0x3f,0x07,0xf0,0x00,0x00,0x3f,0x07,0xf0,0x00,0x00,0x3f,0x07,0xf0,
  0x00,0x00,0x3f,0x07,0xf0,0x00,0x00,0x3f,0x07,0xf0,0x00,0x00,0x00,0x00,0x00,0x00,0x00,0x00,0x00,0x00,0x00,0x00,0x00,0x00,
  0x00,0x00,0x00,0x00,0x00,0x00,0x00,0x0f,0xff,0xff,0xff,0xc0,0x0f,0xff,0xff,0xff,0xc0,0x0f,0xff,0xff,0xff,0xc0,0x0f,0xff,
  0xff,0xff,0xc0,0x0f,0xff,0xff,0xff,0xc0,0x0f,0xff,0xff,0xff,0xc0,0x0f,0xff,0xff,0xff,0xc0,0x0f,0xf0,0x00,0x00,0x00,0x0f,
  0xf0,0x00,0x00,0x00,0x0f,0xf0,0x00,0x00,0x00,0x0f,0xf0,0x00,0x00,0x00,0x0f,0xf0,0x00,0x00,0x00,0x0f,0xf0,0x00,0x00,0x00,
  0x0f,0xf0,0x00,0x00,0x00,0x0f,0xf0,0x00,0x00,0x00,0x0f,0xf0,0x00,0x00,0x00,0x0f,0xff,0xff,0xff,0x00,0x0f,0xff,0xff,0xff,
  0x00,0x0f,0xff,0xff,0xff,0x00,0x0f,0xff,0xff,0xff,0x00,0x0f,0xff,0xff,0xff,0x00,0x0f,0xff,0xff,0xff,0x00,0x0f,0xff,0xff,
  0xff,0x00,0x0f,0xf0,0x00,0x00,0x00,0x0f,0xf0,0x00,0x00,0x00,0x0f,0xf0,0x00,0x00,0x00,0x0f,0xf0,0x00,0x00,0x00,0x0f,0xf0,
  0x00,0x00,0x00,0x0f,0xf0,0x00,0x00,0x00,0x0f,0xf0,0x00,0x00,0x00,0x0f,0xf0,0x00,0x00,0x00,0x0f,0xf0,0x00,0x00,0x00,0x0f,
  0xf0,0x00,0x00,0x00,0x0f,0xff,0xff,0xff,0xc0,0x0f,0xff,0xff,0xff,0xc0,0x0f,0xff,0xff,0xff,0xc0,0x0f,0xff,0xff,0xff,0xc0,
  0x0f,0xff,0xff,0xff,0xc0,0x0f,0xff,0xff,0xff,0xc0,0x0f,0xff,0xff,0xff,0xc0,0x00,0x00,0x00,0x00,0x00,0x00,0x00,0x00,0x00,
  0x00,0x00,0x00,0x00,0x00,0x00,0x00,0x00,0x00,0x00,0x00,0x00,0x00,0x00,0x00,0x00,0x00,0x00,0x00,0x00,0x00,0x00,0x00,0x00,
  0x00,0x00,0x00,0x00,0x00,0x00,0x00,0x00,0x00,0x00,0x00,0x00,0x00,0x00,0x00,0x00,0x00,0x00,0x00,0x00,0x00,0x00,0x00,0x00,
  0x00,0x00,0x00,0x00,0x00,0x00,0x00,0x00,0x7f,0x80,0x3f,0x80,0x1f,0xc0,0x0f,0xc0,0x07,0xe0,0x03,0xe0,0x01,0xf0,0x00,0x00,
  0x00,0x00,0x00,0x00,0x00,0x00,0x0f,0xf0,0x0f,0xf0,0x0f,0xf0,0x0f,0xf0,0x0f,0xf0,0x0f,0xf0,0x0f,0xf0,0x0f,0xf0,0x0f,0xf0,
  0x0f,0xf0,0x0f,0xf0,0x0f,0xf0,0x0f,0xf0,0x0f,0xf0,0x0f,0xf0,0x0f,0xf0,0x0f,0xf0,0x0f,0xf0,0x0f,0xf0,0x0f,0xf0,0x0f,0xf0,
  0x0f,0xf0,0x0f,0xf0,0x0f,0xf0,0x0f,0xf0,0x0f,0xf0,0x0f,0xf0,0x0f,0xf0,0x0f,0xf0,0x0f,0xf0,0x0f,0xf0,0x0f,0xf0,0x0f,0xf0,
  0x0f,0xf0,0x0f,0xf0,0x0f,0xf0,0x0f,0xf0,0x0f,0xf0,0x0f,0xf0,0x0f,0xf0,0x00,0x00,0x00,0x00,0x00,0x00,0x00,0x00,0x00,0x00,
  0x00,0x00,0x00,0x00,0x00,0x00,0x00,0x00,0x00,0x00,0x00,0x00,0x00,0x00,0x00,0x00,0x03,0xfc,0x03,0xf8,0x07,0xf0,0x07,0xe0,
  0x0f,0xc0,0x0f,0x80,0x1f,0x00,0x00,0x00,0x00,0x00,0x00,0x00,0x00,0x00,0x0f,0xf0,0x0f,0xf0,0x0f,0xf0,0x0f,0xf0,0x0f,0xf0,
  0x0f,0xf0,0x0f,0xf0,0x0f,0xf0,0x0f,0xf0,0x0f,0xf0,0x0f,0xf0,0x0f,0xf0,0x0f,0xf0,0x0f,0xf0,0x0f,0xf0,0x0f,0xf0,0x0f,0xf0,
  0x0f,0xf0,0x0f,0xf0,0x0f,0xf0,0x0f,0xf0,0x0f,0xf0,0x0f,0xf0,0x0f,0xf0,0x0f,0xf0,0x0f,0xf0,0x0f,0xf0,0x0f,0xf0,0x0f,0xf0,
  0x0f,0xf0,0x0f,0xf0,0x0f,0xf0,0x0f,0xf0,0x0f,0xf0,0x0f,0xf0,0x0f,0xf0,0x0f,0xf0,0x0f,0xf0,0x0f,0xf0,0x0f,0xf0,0x00,0x00,
  0x00,0x00,0x00,0x00,0x00,0x00,0x00,0x00,0x00,0x00,0x00,0x00,0x00,0x00,0x00,0x00,0x00,0x00,0x00,0x00,0x00,0x00,0x00,0x00,
  0x07,0xfc,0x00,0x07,0xfe,0x00,0x0f,0xfe,0x00,0x1f,0xbf,0x00,0x3f,0x1f,0x80,0x3f,0x0f,0xc0,0x7e,0x0f,0xc0,0x00,0x00,0x00,
  0x00,0x00,0x00,0x00,0x00,0x00,0x00,0x00,0x00,0x03,0xfc,0x00,0x03,0xfc,0x00,0x03,0xfc,0x00,0x03,0xfc,0x00,0x03,0xfc,0x00,
  0x03,0xfc,0x00,0x03,0xfc,0x00,0x03,0xfc,0x00,0x03,0xfc,0x00,0x03,0xfc,0x00,0x03,0xfc,0x00,0x03,0xfc,0x00,0x03,0xfc,0x00,
  0x03,0xfc,0x00,0x03,0xfc,0x00,0x03,0xfc,0x00,0x03,0xfc,0x00,0x03,0xfc,0x00,0x03,0xfc,0x00,0x03,0xfc,0x00,0x03,0xfc,0x00,
  0x03,0xfc,0x00,0x03,0xfc,0x00,0x03,0xfc,0x00,0x03,0xfc,0x00,0x03,0xfc,0x00,0x03,0xfc,0x00,0x03,0xfc,0x00,0x03,0xfc,0x00,
  0x03,0xfc,0x00,0x03,0xfc,0x00,0x03,0xfc,0x00,0x03,0xfc,0x00,0x03,0xfc,0x00,0x03,0xfc,0x00,0x03,0xfc,0x00,0x03,0xfc,0x00,
  0x03,0xfc,0x00,0x03,0xfc,0x00,0x03,0xfc,0x00,0x00,0x00,0x00,0x00,0x00,0x00,0x00,0x00,0x00,0x00,0x00,0x00,0x00,0x00,0x00,
  0x00,0x00,0x00,0x00,0x00,0x00,0x00,0x00,0x00,0x00,0x00,0x00,0x00,0x00,0x00,0x00,0x00,0x00,0x00,0x00,0x00,0x00,0x00,0x00,
  0x7e,0x0f,0xe0,0x7e,0x0f,0xe0,0x7e,0x0f,0xe0,0x7e,0x0f,0xe0,0x7e,0x0f,0xe0,0x7e,0x0f,0xe0,0x7e,0x0f,0xe0,0x00,0x00,0x00,
  0x00,0x00,0x00,0x00,0x00,0x00,0x00,0x00,0x00,0x03,0xfc,0x00,0x03,0xfc,0x00,0x03,0xfc,0x00,0x03,0xfc,0x00,0x03,0xfc,0x00,
  0x03,0xfc,0x00,0x03,0xfc,0x00,0x03,0xfc,0x00,0x03,0xfc,0x00,0x03,0xfc,0x00,0x03,0xfc,0x00,0x03,0xfc,0x00,0x03,0xfc,0x00,
  0x03,0xfc,0x00,0x03,0xfc,0x00,0x03,0xfc,0x00,0x03,0xfc,0x00,0x03,0xfc,0x00,0x03,0xfc,0x00,0x03,0xfc,0x00,0x03,0xfc,0x00,
  0x03,0xfc,0x00,0x03,0xfc,0x00,0x03,0xfc,0x00,0x03,0xfc,0x00,0x03,0xfc,0x00,0x03,0xfc,0x00,0x03,0xfc,0x00,0x03,0xfc,0x00,
  0x03,0xfc,0x00,0x03,0xfc,0x00,0x03,0xfc,0x00,0x03,0xfc,0x00,0x03,0xfc,0x00,0x03,0xfc,0x00,0x03,0xfc,0x00,0x03,0xfc,0x00,
  0x03,0xfc,0x00,0x03,0xfc,0x00,0x03,0xfc,0x00,0x00,0x00,0x00,0x00,0x00,0x00,0x00,0x00,0x00,0x00,0x00,0x00,0x00,0x00,0x00,
  0x00,0x00,0x00,0x00,0x00,0x00,0x00,0x00,0x00,0x00,0x00,0x00,0x00,0x00,0x00,0x00,0x00,0x00,0x00,0x00,0x00,0x00,0x00,0x00,
  0x00,0x00,0x00,0x00,0x00,0x00,0x00,0x00,0x00,0x00,0x00,0x00,0x00,0x00,0x00,0x00,0x00,0x00,0x00,0x00,0x00,0x00,0x00,0x00,
  0x00,0x00,0x00,0x00,0x00,0x00,0x00,0x00,0x00,0x00,0x00,0x00,0x00,0x00,0x00,0x00,0x00,0x00,0x00,0x00,0x00,0x00,0x00,0x00,
  0x00,0x00,0x00,0x00,0x00,0x00,0x00,0x00,0x00,0x00,0x00,0x00,0x00,0x00,0x00,0x00,0x00,0x00,0x0f,0xff,0xff,0x80,0x00,0x00,
  0x0f,0xff,0xff,0xf0,0x00,0x00,0x0f,0xff,0xff,0xfc,0x00,0x00,0x0f,0xff,0xff,0xfe,0x00,0x00,0x0f,0xff,0xff,0xff,0x80,0x00,
  0x0f,0xff,0xff,0xff,0x80,0x00,0x0f,0xff,0xff,0xff,0xc0,0x00,0x0f,0xf0,0x01,0xff,0xe0,0x00,0x0f,0xf0,0x00,0x7f,0xe0,0x00,
  0x0f,0xf0,0x00,0x3f,0xf0,0x00,0x0f,0xf0,0x00,0x1f,0xf0,0x00,0x0f,0xf0,0x00,0x0f,0xf0,0x00,0x0f,0xf0,0x00,0x0f,0xf8,0x00,
  0x0f,0xf0,0x00,0x07,0xf8,0x00,0x0f,0xf0,0x00,0x07,0xf8,0x00,0x0f,0xf0,0x00,0x07,0xf8,0x00,0x0f,0xf0,0x00,0x07,0xf8,0x00,
  0x0f,0xf0,0x00,0x07,0xf8,0x00,0xff,0xff,0xf8,0x07,0xfc,0x00,0xff,0xff,0xf8,0x07,0xfc,0x00,0xff,0xff,0xf8,0x07,0xfc,0x00,
  0xff,0xff,0xf8,0x07,0xfc,0x00,0xff,0xff,0xf8,0x07,0xfc,0x00,0x0f,0xf0,0x00,0x07,0xf8,0x00,0x0f,0xf0,0x00,0x07,0xf8,0x00,
  0x0f,0xf0,0x00,0x07,0xf8,0x00,0x0f,0xf0,0x00,0x07,0xf8,0x00,0x0f,0xf0,0x00,0x0f,0xf8,0x00,0x0f,0xf0,0x00,0x0f,0xf0,0x00,
  0x0f,0xf0,0x00,0x0f,0xf0,0x00,0x0f,0xf0,0x00,0x1f,0xf0,0x00,0x0f,0xf0,0x00,0x3f,0xe0,0x00,0x0f,0xf0,0x00,0xff,0xe0,0x00,
  0x0f,0xff,0xff,0xff,0xc0,0x00,0x0f,0xff,0xff,0xff,0x80,0x00,0x0f,0xff,0xff,0xff,0x80,0x00,0x0f,0xff,0xff,0xfe,0x00,0x00,
  0x0f,0xff,0xff,0xfc,0x00,0x00,0x0f,0xff,0xff,0xf0,0x00,0x00,0x0f,0xff,0xff,0x80,0x00,0x00,0x00,0x00,0x00,0x00,0x00,0x00,
  0x00,0x00,0x00,0x00,0x00,0x00,0x00,0x00,0x00,0x00,0x00,0x00,0x00,0x00,0x00,0x00,0x00,0x00,0x00,0x00,0x00,0x00,0x00,0x00,
  0x00,0x00,0x00,0x00,0x00,0x00,0x00,0x00,0x00,0x00,0x00,0x00,0x00,0x00,0x00,0x00,0x00,0x00,0x00,0x00,0x00,0x00,0x00,0x00,
  0x00,0x00,0x00,0x00,0x00,0x00,0x00,0x00,0x00,0x00,0x00,0x00,0x00,0x00,0x00,0x00,0x00,0x00,0x00,0x00,0x00,0x00,0x00,0x00,
  0x00,0x03,0xe0,0x3c,0x00,0x00,0x00,0x07,0xfc,0x3c,0x00,0x00,0x00,0x0f,0xff,0xfc,0x00,0x00,0x00,0x0f,0xff,0xf8,0x00,0x00,
  0x00,0x1f,0xff,0xf8,0x00,0x00,0x00,0x1e,0x1f,0xf0,0x00,0x00,0x00,0x1e,0x03,0xe0,0x00,0x00,0x00,0x00,0x00,0x00,0x00,0x00,
  0x00,0x00,0x00,0x00,0x00,0x00,0x00,0x00,0x00,0x00,0x00,0x00,0x00,0x00,0x00,0x00,0x00,0x00,0x0f,0xf0,0x00,0x07,0xf0,0x00,
  0x0f,0xf8,0x00,0x07,0xf0,0x00,0x0f,0xf8,0x00,0x07,0xf0,0x00,0x0f,0xfc,0x00,0x07,0xf0,0x00,0x0f,0xfe,0x00,0x07,0xf0,0x00,
  0x0f,0xfe,0x00,0x07,0xf0,0x00,0x0f,0xff,0x00,0x07,0xf0,0x00,0x0f,0xff,0x00,0x07,0xf0,0x00,0x0f,0xff,0x80,0x07,0xf0,0x00,
  0x0f,0xff,0xc0,0x07,0xf0,0x00,0x0f,0xff,0xc0,0x07,0xf0,0x00,0x0f,0xff,0xe0,0x07,0xf0,0x00,0x0f,0xff,0xf0,0x07,0xf0,0x00,
  0x0f,0xff,0xf0,0x07,0xf0,0x00,0x0f,0xff,0xf8,0x07,0xf0,0x00,0x0f,0xe7,0xf8,0x07,0xf0,0x00,0x0f,0xe7,0xfc,0x07,0xf0,0x00,
  0x0f,0xe3,0xfe,0x07,0xf0,0x00,0x0f,0xe3,0xfe,0x07,0xf0,0x00,0x0f,0xe1,0xff,0x07,0xf0,0x00,0x0f,0xe0,0xff,0x87,0xf0,0x00,
  0x0f,0xe0,0xff,0x87,0xf0,0x00,0x0f,0xe0,0x7f,0xc7,0xf0,0x00,0x0f,0xe0,0x3f,0xc7,0xf0,0x00,0x0f,0xe0,0x3f,0xe7,0xf0,0x00,
  0x0f,0xe0,0x1f,0xf7,0xf0,0x00,0x0f,0xe0,0x1f,0xff,0xf0,0x00,0x0f,0xe0,0x0f,0xff,0xf0,0x00,0x0f,0xe0,0x07,0xff,0xf0,0x00,
  0x0f,0xe0,0x07,0xff,0xf0,0x00,0x0f,0xe0,0x03,0xff,0xf0,0x00,0x0f,0xe0,0x01,0xff,0xf0,0x00,0x0f,0xe0,0x01,0xff,0xf0,0x00,
  0x0f,0xe0,0x00,0xff,0xf0,0x00,0x0f,0xe0,0x00,0xff,0xf0,0x00,0x0f,0xe0,0x00,0x7f,0xf0,0x00,0x0f,0xe0,0x00,0x3f,0xf0,0x00,
  0x0f,0xe0,0x00,0x3f,0xf0,0x00,0x0f,0xe0,0x00,0x1f,0xf0,0x00,0x0f,0xe0,0x00,0x0f,0xf0,0x00,0x00,0x00,0x00,0x00,0x00,0x00,
  0x00,0x00,0x00,0x00,0x00,0x00,0x00,0x00,0x00,0x00,0x00,0x00,0x00,0x00,0x00,0x00,0x00,0x00,0x00,0x00,0x00,0x00,0x00,0x00,
  0x00,0x00,0x00,0x00,0x00,0x00,0x00,0x00,0x00,0x00,0x00,0x00,0x00,0x00,0x00,0x00,0x00,0x00,0x00,0x00,0x00,0x00,0x00,0x00,
  0x00,0x00,0x00,0x00,0x00,0x00,0x00,0x00,0x00,0x00,0x00,0x00,0x00,0x00,0x00,0x00,0x00,0x00,0x00,0x00,0x00,0x00,0x00,0x00,
  0x00,0x01,0xfe,0x00,0x00,0x00,0x00,0x00,0xfe,0x00,0x00,0x00,0x00,0x00,0x7f,0x00,0x00,0x00,0x00,0x00,0x3f,0x00,0x00,0x00,
  0x00,0x00,0x1f,0x80,0x00,0x00,0x00,0x00,0x0f,0x80,0x00,0x00,0x00,0x00,0x07,0xc0,0x00,0x00,0x00,0x00,0x00,0x00,0x00,0x00,
  0x00,0x00,0x00,0x00,0x00,0x00,0x00,0x00,0x00,0x00,0x00,0x00,0x00,0x00,0x7f,0xc0,0x00,0x00,0x00,0x03,0xff,0xfc,0x00,0x00,
  0x00,0x0f,0xff,0xff,0x00,0x00,0x00,0x3f,0xff,0xff,0x80,0x00,0x00,0x7f,0xff,0xff,0xe0,0x00,0x00,0xff,0xff,0xff,0xf0,0x00,
  0x01,0xff,0xff,0xff,0xf8,0x00,0x03,0xff,0xc0,0x3f,0xf8,0x00,0x03,0xff,0x00,0x0f,0xfc,0x00,0x07,0xfe,0x00,0x07,0xfe,0x00,
  0x0f,0xfc,0x00,0x03,0xfe,0x00,0x0f,0xf8,0x00,0x01,0xff,0x00,0x0f,0xf0,0x00,0x01,0xff,0x00,0x1f,0xf0,0x00,0x00,0xff,0x00,
  0x1f,0xf0,0x00,0x00,0xff,0x80,0x1f,0xe0,0x00,0x00,0xff,0x80,0x1f,0xe0,0x00,0x00,0x7f,0x80,0x1f,0xe0,0x00,0x00,0x7f,0x80,
  0x1f,0xe0,0x00,0x00,0x7f,0x80,0x1f,0xe0,0x00,0x00,0x7f,0x80,0x1f,0xe0,0x00,0x00,0x7f,0x80,0x1f,0xe0,0x00,0x00,0x7f,0x80,
  0x1f,0xe0,0x00,0x00,0x7f,0x80,0x1f,0xe0,0x00,0x00,0x7f,0x80,0x1f,0xe0,0x00,0x00,0x7f,0x80,0x1f,0xe0,0x00,0x00,0x7f,0x80,
  0x1f,0xe0,0x00,0x00,0xff,0x80,0x1f,0xf0,0x00,0x00,0xff,0x80,0x1f,0xf0,0x00,0x00,0xff,0x00,0x0f,0xf8,0x00,0x01,0xff,0x00,
  0x0f,0xf8,0x00,0x01,0xff,0x00,0x0f,0xfc,0x00,0x03,0xfe,0x00,0x07,0xfe,0x00,0x07,0xfe,0x00,0x03,0xff,0x00,0x0f,0xfc,0x00,
  0x03,0xff,0xc0,0x3f,0xfc,0x00,0x01,0xff,0xff,0xff,0xf8,0x00,0x00,0xff,0xff,0xff,0xf0,0x00,0x00,0x7f,0xff,0xff,0xe0,0x00,
  0x00,0x3f,0xff,0xff,0xc0,0x00,0x00,0x0f,0xff,0xff,0x00,0x00,0x00,0x03,0xff,0xfc,0x00,0x00,0x00,0x00,0x7f,0xc0,0x00,0x00,
  0x00,0x00,0x00,0x00,0x00,0x00,0x00,0x00,0x00,0x00,0x00,0x00,0x00,0x00,0x00,0x00,0x00,0x00,0x00,0x00,0x00,0x00,0x00,0x00,
  0x00,0x00,0x00,0x00,0x00,0x00,0x00,0x00,0x00,0x00,0x00,0x00,0x00,0x00,0x00,0x00,0x00,0x00,0x00,0x00,0x00,0x00,0x00,0x00,
  0x00,0x00,0x00,0x00,0x00,0x00,0x00,0x00,0x00,0x00,0x00,0x00,0x00,0x00,0x00,0x00,0x00,0x00,0x00,0x00,0x00,0x00,0x00,0x00,
  0x00,0x00,0x0f,0xf0,0x00,0x00,0x00,0x00,0x0f,0xe0,0x00,0x00,0x00,0x00,0x1f,0xc0,0x00,0x00,0x00,0x00,0x1f,0x80,0x00,0x00,
  0x00,0x00,0x3f,0x00,0x00,0x00,0x00,0x00,0x3e,0x00,0x00,0x00,0x00,0x00,0x7c,0x00,0x00,0x00,0x00,0x00,0x00,0x00,0x00,0x00,
  0x00,0x00,0x00,0x00,0x00,0x00,0x00,0x00,0x00,0x00,0x00,0x00,0x00,0x00,0x7f,0xc0,0x00,0x00,0x00,0x03,0xff,0xfc,0x00,0x00,
  0x00,0x0f,0xff,0xff,0x00,0x00,0x00,0x3f,0xff,0xff,0x80,0x00,0x00,0x7f,0xff,0xff,0xe0,0x00,0x00,0xff,0xff,0xff,0xf0,0x00,
  0x01,0xff,0xff,0xff,0xf8,0x00,0x03,0xff,0xc0,0x3f,0xf8,0x00,0x03,0xff,0x00,0x0f,0xfc,0x00,0x07,0xfe,0x00,0x07,0xfe,0x00,
  0x0f,0xfc,0x00,0x03,0xfe,0x00,0x0f,0xf8,0x00,0x01,0xff,0x00,0x0f,0xf0,0x00,0x01,0xff,0x00,0x1f,0xf0,0x00,0x00,0xff,0x00,
  0x1f,0xf0,0x00,0x00,0xff,0x80,0x1f,0xe0,0x00,0x00,0xff,0x80,0x1f,0xe0,0x00,0x00,0x7f,0x80,0x1f,0xe0,0x00,0x00,0x7f,0x80,
  0x1f,0xe0,0x00,0x00,0x7f,0x80,0x1f,0xe0,0x00,0x00,0x7f,0x80,0x1f,0xe0,0x00,0x00,0x7f,0x80,0x1f,0xe0,0x00,0x00,0x7f,0x80,
  0x1f,0xe0,0x00,0x00,0x7f,0x80,0x1f,0xe0,0x00,0x00,0x7f,0x80,0x1f,0xe0,0x00,0x00,0x7f,0x80,0x1f,0xe0,0x00,0x00,0x7f,0x80,
  0x1f,0xe0,0x00,0x00,0xff,0x80,0x1f,0xf0,0x00,0x00,0xff,0x80,0x1f,0xf0,0x00,0x00,0xff,0x00,0x0f,0xf8,0x00,0x01,0xff,0x00,
  0x0f,0xf8,0x00,0x01,0xff,0x00,0x0f,0xfc,0x00,0x03,0xfe,0x00,0x07,0xfe,0x00,0x07,0xfe,0x00,0x03,0xff,0x00,0x0f,0xfc,0x00,
  0x03,0xff,0xc0,0x3f,0xfc,0x00,0x01,0xff,0xff,0xff,0xf8,0x00,0x00,0xff,0xff,0xff,0xf0,0x00,0x00,0x7f,0xff,0xff,0xe0,0x00,
  0x00,0x3f,0xff,0xff,0xc0,0x00,0x00,0x0f,0xff,0xff,0x00,0x00,0x00,0x03,0xff,0xfc,0x00,0x00,0x00,0x00,0x7f,0xc0,0x00,0x00,
  0x00,0x00,0x00,0x00,0x00,0x00,0x00,0x00,0x00,0x00,0x00,0x00,0x00,0x00,0x00,0x00,0x00,0x00,0x00,0x00,0x00,0x00,0x00,0x00,
  0x00,0x00,0x00,0x00,0x00,0x00,0x00,0x00,0x00,0x00,0x00,0x00,0x00,0x00,0x00,0x00,0x00,0x00,0x00,0x00,0x00,0x00,0x00,0x00,
  0x00,0x00,0x00,0x00,0x00,0x00,0x00,0x00,0x00,0x00,0x00,0x00,0x00,0x00,0x00,0x00,0x00,0x00,0x00,0x00,0x00,0x00,0x00,0x00,
  0x00,0x00,0x7f,0xc0,0x00,0x00,0x00,0x00,0x7f,0xe0,0x00,0x00,0x00,0x00,0xff,0xe0,0x00,0x00,0x00,0x01,0xfb,0xf0,0x00,0x00,
  0x00,0x03,0xf1,0xf8,0x00,0x00,0x00,0x03,0xf0,0xfc,0x00,0x00,0x00,0x07,0xe0,0xfc,0x00,0x00,0x00,0x00,0x00,0x00,0x00,0x00,
  0x00,0x00,0x00,0x00,0x00,0x00,0x00,0x00,0x00,0x00,0x00,0x00,0x00,0x00,0x7f,0xc0,0x00,0x00,0x00,0x03,0xff,0xfc,0x00,0x00,
  0x00,0x0f,0xff,0xff,0x00,0x00,0x00,0x3f,0xff,0xff,0x80,0x00,0x00,0x7f,0xff,0xff,0xe0,0x00,0x00,0xff,0xff,0xff,0xf0,0x00,
  0x01,0xff,0xff,0xff,0xf8,0x00,0x03,0xff,0xc0,0x3f,0xf8,0x00,0x03,0xff,0x00,0x0f,0xfc,0x00,0x07,0xfe,0x00,0x07,0xfe,0x00,
  0x0f,0xfc,0x00,0x03,0xfe,0x00,0x0f,0xf8,0x00,0x01,0xff,0x00,0x0f,0xf0,0x00,0x01,0xff,0x00,0x1f,0xf0,0x00,0x00,0xff,0x00,
  0x1f,0xf0,0x00,0x00,0xff,0x80,0x1f,0xe0,0x00,0x00,0xff,0x80,0x1f,0xe0,0x00,0x00,0x7f,0x80,0x1f,0xe0,0x00,0x00,0x7f,0x80,
  0x1f,0xe0,0x00,0x00,0x7f,0x80,0x1f,0xe0,0x00,0x00,0x7f,0x80,0x1f,0xe0,0x00,0x00,0x7f,0x80,0x1f,0xe0,0x00,0x00,0x7f,0x80,
  0x1f,0xe0,0x00,0x00,0x7f,0x80,0x1f,0xe0,0x00,0x00,0x7f,0x80,0x1f,0xe0,0x00,0x00,0x7f,0x80,0x1f,0xe0,0x00,0x00,0x7f,0x80,
  0x1f,0xe0,0x00,0x00,0xff,0x80,0x1f,0xf0,0x00,0x00,0xff,0x80,0x1f,0xf0,0x00,0x00,0xff,0x00,0x0f,0xf8,0x00,0x01,0xff,0x00,
  0x0f,0xf8,0x00,0x01,0xff,0x00,0x0f,0xfc,0x00,0x03,0xfe,0x00,0x07,0xfe,0x00,0x07,0xfe,0x00,0x03,0xff,0x00,0x0f,0xfc,0x00,
  0x03,0xff,0xc0,0x3f,0xfc,0x00,0x01,0xff,0xff,0xff,0xf8,0x00,0x00,0xff,0xff,0xff,0xf0,0x00,0x00,0x7f,0xff,0xff,0xe0,0x00,
  0x00,0x3f,0xff,0xff,0xc0,0x00,0x00,0x0f,0xff,0xff,0x00,0x00,0x00,0x03,0xff,0xfc,0x00,0x00,0x00,0x00,0x7f,0xc0,0x00,0x00,
  0x00,0x00,0x00,0x00,0x00,0x00,0x00,0x00,0x00,0x00,0x00,0x00,0x00,0x00,0x00,0x00,0x00,0x00,0x00,0x00,0x00,0x00,0x00,0x00,
  0x00,0x00,0x00,0x00,0x00,0x00,0x00,0x00,0x00,0x00,0x00,0x00,0x00,0x00,0x00,0x00,0x00,0x00,0x00,0x00,0x00,0x00,0x00,0x00,
  0x00,0x00,0x00,0x00,0x00,0x00,0x00,0x00,0x00,0x00,0x00,0x00,0x00,0x00,0x00,0x00,0x00,0x00,0x00,0x00,0x00,0x00,0x00,0x00,
  0x00,0x03,0xe0,0x1c,0x00,0x00,0x00,0x07,0xfc,0x3c,0x00,0x00,0x00,0x0f,0xff,0xfc,0x00,0x00,0x00,0x0f,0xff,0xfc,0x00,0x00,
  0x00,0x0f,0xff,0xf8,0x00,0x00,0x00,0x0e,0x0f,0xf8,0x00,0x00,0x00,0x0e,0x01,0xe0,0x00,0x00,0x00,0x00,0x00,0x00,0x00,0x00,
  0x00,0x00,0x00,0x00,0x00,0x00,0x00,0x00,0x00,0x00,0x00,0x00,0x00,0x00,0x7f,0xc0,0x00,0x00,0x00,0x03,0xff,0xfc,0x00,0x00,
  0x00,0x0f,0xff,0xff,0x00,0x00,0x00,0x3f,0xff,0xff,0x80,0x00,0x00,0x7f,0xff,0xff,0xe0,0x00,0x00,0xff,0xff,0xff,0xf0,0x00,
  0x01,0xff,0xff,0xff,0xf8,0x00,0x03,0xff,0xc0,0x3f,0xf8,0x00,0x03,0xff,0x00,0x0f,0xfc,0x00,0x07,0xfe,0x00,0x07,0xfe,0x00,
  0x0f,0xfc,0x00,0x03,0xfe,0x00,0x0f,0xf8,0x00,0x01,0xff,0x00,0x0f,0xf0,0x00,0x01,0xff,0x00,0x1f,0xf0,0x00,0x00,0xff,0x00,
  0x1f,0xf0,0x00,0x00,0xff,0x80,0x1f,0xe0,0x00,0x00,0xff,0x80,0x1f,0xe0,0x00,0x00,0x7f,0x80,0x1f,0xe0,0x00,0x00,0x7f,0x80,
  0x1f,0xe0,0x00,0x00,0x7f,0x80,0x1f,0xe0,0x00,0x00,0x7f,0x80,0x1f,0xe0,0x00,0x00,0x7f,0x80,0x1f,0xe0,0x00,0x00,0x7f,0x80,
  0x1f,0xe0,0x00,0x00,0x7f,0x80,0x1f,0xe0,0x00,0x00,0x7f,0x80,0x1f,0xe0,0x00,0x00,0x7f,0x80,0x1f,0xe0,0x00,0x00,0x7f,0x80,
  0x1f,0xe0,0x00,0x00,0xff,0x80,0x1f,0xf0,0x00,0x00,0xff,0x80,0x1f,0xf0,0x00,0x00,0xff,0x00,0x0f,0xf8,0x00,0x01,0xff,0x00,
  0x0f,0xf8,0x00,0x01,0xff,0x00,0x0f,0xfc,0x00,0x03,0xfe,0x00,0x07,0xfe,0x00,0x07,0xfe,0x00,0x03,0xff,0x00,0x0f,0xfc,0x00,
  0x03,0xff,0xc0,0x3f,0xfc,0x00,0x01,0xff,0xff,0xff,0xf8,0x00,0x00,0xff,0xff,0xff,0xf0,0x00,0x00,0x7f,0xff,0xff,0xe0,0x00,
  0x00,0x3f,0xff,0xff,0xc0,0x00,0x00,0x0f,0xff,0xff,0x00,0x00,0x00,0x03,0xff,0xfc,0x00,0x00,0x00,0x00,0x7f,0xc0,0x00,0x00,
  0x00,0x00,0x00,0x00,0x00,0x00,0x00,0x00,0x00,0x00,0x00,0x00,0x00,0x00,0x00,0x00,0x00,0x00,0x00,0x00,0x00,0x00,0x00,0x00,
  0x00,0x00,0x00,0x00,0x00,0x00,0x00,0x00,0x00,0x00,0x00,0x00,0x00,0x00,0x00,0x00,0x00,0x00,0x00,0x00,0x00,0x00,0x00,0x00,
  0x00,0x00,0x00,0x00,0x00,0x00,0x00,0x00,0x00,0x00,0x00,0x00,0x00,0x00,0x00,0x00,0x00,0x00,0x00,0x00,0x00,0x00,0x00,0x00,
  0x00,0x0f,0xe0,0xfe,0x00,0x00,0x00,0x0f,0xe0,0xfe,0x00,0x00,0x00,0x0f,0xe0,0xfe,0x00,0x00,0x00,0x0f,0xe0,0xfe,0x00,0x00,
  0x00,0x0f,0xe0,0xfe,0x00,0x00,0x00,0x0f,0xe0,0xfe,0x00,0x00,0x00,0x0f,0xe0,0xfe,0x00,0x00,0x00,0x00,0x00,0x00,0x00,0x00,
  0x00,0x00,0x00,0x00,0x00,0x00,0x00,0x00,0x00,0x00,0x00,0x00,0x00,0x00,0x7f,0xc0,0x00,0x00,0x00,0x03,0xff,0xfc,0x00,0x00,
  0x00,0x0f,0xff,0xff,0x00,0x00,0x00,0x3f,0xff,0xff,0x80,0x00,0x00,0x7f,0xff,0xff,0xe0,0x00,0x00,0xff,0xff,0xff,0xf0,0x00,
  0x01,0xff,0xff,0xff,0xf8,0x00,0x03,0xff,0xc0,0x3f,0xf8,0x00,0x03,0xff,0x00,0x0f,0xfc,0x00,0x07,0xfe,0x00,0x07,0xfe,0x00,
  0x0f,0xfc,0x00,0x03,0xfe,0x00,0x0f,0xf8,0x00,0x01,0xff,0x00,0x0f,0xf0,0x00,0x01,0xff,0x00,0x1f,0xf0,0x00,0x00,0xff,0x00,
  0x1f,0xf0,0x00,0x00,0xff,0x80,0x1f,0xe0,0x00,0x00,0xff,0x80,0x1f,0xe0,0x00,0x00,0x7f,0x80,0x1f,0xe0,0x00,0x00,0x7f,0x80,
  0x1f,0xe0,0x00,0x00,0x7f,0x80,0x1f,0xe0,0x00,0x00,0x7f,0x80,0x1f,0xe0,0x00,0x00,0x7f,0x80,0x1f,0xe0,0x00,0x00,0x7f,0x80,
  0x1f,0xe0,0x00,0x00,0x7f,0x80,0x1f,0xe0,0x00,0x00,0x7f,0x80,0x1f,0xe0,0x00,0x00,0x7f,0x80,0x1f,0xe0,0x00,0x00,0x7f,0x80,
  0x1f,0xe0,0x00,0x00,0xff,0x80,0x1f,0xf0,0x00,0x00,0xff,0x80,0x1f,0xf0,0x00,0x00,0xff,0x00,0x0f,0xf8,0x00,0x01,0xff,0x00,
  0x0f,0xf8,0x00,0x01,0xff,0x00,0x0f,0xfc,0x00,0x03,0xfe,0x00,0x07,0xfe,0x00,0x07,0xfe,0x00,0x03,0xff,0x00,0x0f,0xfc,0x00,
  0x03,0xff,0xc0,0x3f,0xfc,0x00,0x01,0xff,0xff,0xff,0xf8,0x00,0x00,0xff,0xff,0xff,0xf0,0x00,0x00,0x7f,0xff,0xff,0xe0,0x00,
  0x00,0x3f,0xff,0xff,0xc0,0x00,0x00,0x0f,0xff,0xff,0x00,0x00,0x00,0x03,0xff,0xfc,0x00,0x00,0x00,0x00,0x7f,0xc0,0x00,0x00,
  0x00,0x00,0x00,0x00,0x00,0x00,0x00,0x00,0x00,0x00,0x00,0x00,0x00,0x00,0x00,0x00,0x00,0x00,0x00,0x00,0x00,0x00,0x00,0x00,
  0x00,0x00,0x00,0x00,0x00,0x00,0x00,0x00,0x00,0x00,0x00,0x00,0x00,0x00,0x00,0x00,0x00,0x00,0x00,0x00,0x00,0x00,0x00,0x00,
  0x00,0x00,0x00,0x00,0x00,0x00,0x00,0x00,0x00,0x00,0x00,0x00,0x00,0x00,0x00,0x00,0x00,0x00,0x00,0x00,0x00,0x00,0x00,0x00,
  0x00,0x00,0x00,0x00,0x00,0x00,0x00,0x00,0x00,0x00,0x00,0x00,0x00,0x00,0x00,0x00,0x00,0x00,0x00,0x00,0x00,0x00,0x00,0x00,
  0x00,0x00,0x00,0x00,0x00,0x00,0x00,0x00,0x00,0x00,0x00,0x00,0x00,0x00,0x00,0x00,0x00,0x00,0x00,0x00,0x00,0x00,0x00,0x00,
  0x00,0x00,0x00,0x00,0x00,0x00,0x00,0x00,0x00,0x00,0x00,0x00,0x00,0x00,0x00,0x00,0x00,0x00,0x00,0x00,0x00,0x00,0x00,0x00,
  0x00,0x00,0x00,0x00,0x00,0x00,0x00,0x00,0x00,0x00,0x00,0x00,0x00,0x00,0x00,0x00,0x00,0x00,0x00,0x00,0x00,0x00,0x00,0x01,
  0x80,0x00,0xc0,0x00,0x03,0xc0,0x01,0xc0,0x00,0x07,0xe0,0x03,0xe0,0x00,0x0f,0xf0,0x07,0xf0,0x00,0x0f,0xf8,0x1f,0xf8,0x00,
  0x0f,0xfc,0x3f,0xf8,0x00,0x07,0xfe,0x7f,0xf0,0x00,0x03,0xff,0xff,0xe0,0x00,0x01,0xff,0xff,0xc0,0x00,0x00,0xff,0xff,0x80,
  0x00,0x00,0x7f,0xff,0x00,0x00,0x00,0x3f,0xfe,0x00,0x00,0x00,0x1f,0xfc,0x00,0x00,0x00,0x3f,0xfc,0x00,0x00,0x00,0x7f,0xfe,
  0x00,0x00,0x00,0xff,0xff,0x00,0x00,0x01,0xff,0xff,0x80,0x00,0x03,0xff,0xff,0xc0,0x00,0x07,0xfe,0x7f,0xe0,0x00,0x0f,0xfc,
  0x3f,0xf0,0x00,0x0f,0xf8,0x1f,0xf8,0x00,0x0f,0xf0,0x0f,0xf8,0x00,0x07,0xe0,0x07,0xf0,0x00,0x03,0xc0,0x03,0xe0,0x00,0x01,
  0x80,0x01,0xc0,0x00,0x00,0x00,0x00,0x80,0x00,0x00,0x00,0x00,0x00,0x00,0x00,0x00,0x00,0x00,0x00,0x00,0x00,0x00,0x00,0x00,
  0x00,0x00,0x00,0x00,0x00,0x00,0x00,0x00,0x00,0x00,0x00,0x00,0x00,0x00,0x00,0x00,0x00,0x00,0x00,0x00,0x00,0x00,0x00,0x00,
  0x00,0x00,0x00,0x00,0x00,0x00,0x00,0x00,0x00,0x00,0x00,0x00,0x00,0x00,0x00,0x00,0x00,0x00,0x00,0x00,0x00,0x00,0x00,0x00,
  0x00,0x00,0x00,0x00,0x00,0x00,0x00,0x00,0x00,0x00,0x00,0x00,0x00,0x00,0x00,0x00,0x00,0x00,0x00,0x00,0x00,0x00,0x00,0x00,
  0x00,0x00,0x00,0x00,0x00,0x00,0x00,0x00,0x00,0x00,0x00,0x00,0x00,0x00,0x00,0x00,0x00,0x00,0x00,0x00,0x00,0x00,0x00,0x00,
  0x00,0x00,0x00,0x00,0x00,0x00,0x00,0x00,0x00,0x00,0x00,0x00,0x00,0x00,0x00,0x00,0x00,0x00,0x00,0x00,0x00,0x00,0x00,0x00,
  0x00,0x00,0x00,0x00,0x00,0x00,0x00,0x00,0x00,0x00,0x00,0x00,0x00,0x00,0x00,0x00,0x00,0x00,0x06,0x00,0x00,0x00,0x7f,0xc0,
  0x07,0x80,0x00,0x03,0xff,0xfc,0x0f,0xc0,0x00,0x0f,0xff,0xff,0x1f,0x80,0x00,0x3f,0xff,0xff,0xbf,0x00,0x00,0x7f,0xff,0xff,
  0xfe,0x00,0x00,0xff,0xff,0xff,0xfe,0x00,0x01,0xff,0xff,0xff,0xfc,0x00,0x03,0xff,0xc0,0x3f,0xf8,0x00,0x03,0xff,0x00,0x0f,
  0xfc,0x00,0x07,0xfe,0x00,0x07,0xfe,0x00,0x0f,0xfc,0x00,0x0f,0xfe,0x00,0x0f,0xf8,0x00,0x1f,0xfe,0x00,0x0f,0xf0,0x00,0x3f,
  0xff,0x00,0x1f,0xf0,0x00,0x7f,0xff,0x00,0x1f,0xf0,0x00,0xfe,0xff,0x00,0x1f,0xe0,0x00,0xfc,0xff,0x80,0x1f,0xe0,0x01,0xf8,
  0x7f,0x80,0x1f,0xe0,0x03,0xf0,0x7f,0x80,0x1f,0xe0,0x07,0xe0,0x7f,0x80,0x1f,0xe0,0x0f,0xc0,0x7f,0x80,0x1f,0xe0,0x1f,0xc0,
  0x7f,0x80,0x1f,0xe0,0x3f,0x80,0x7f,0x80,0x1f,0xe0,0x7f,0x00,0x7f,0x80,0x1f,0xe0,0x7e,0x00,0x7f,0x80,0x1f,0xe0,0xfc,0x00,
  0x7f,0x80,0x1f,0xe1,0xf8,0x00,0x7f,0x80,0x1f,0xe3,0xf0,0x00,0xff,0x80,0x1f,0xf7,0xf0,0x00,0xff,0x80,0x0f,0xff,0xe0,0x00,
  0xff,0x00,0x0f,0xff,0xc0,0x01,0xff,0x00,0x0f,0xff,0x80,0x01,0xff,0x00,0x07,0xff,0x00,0x03,0xfe,0x00,0x07,0xfe,0x00,0x07,
  0xfe,0x00,0x03,0xff,0x00,0x0f,0xfc,0x00,0x03,0xff,0xc0,0x3f,0xfc,0x00,0x03,0xff,0xff,0xff,0xf8,0x00,0x07,0xff,0xff,0xff,
  0xf0,0x00,0x0f,0xff,0xff,0xff,0xe0,0x00,0x1f,0xff,0xff,0xff,0xc0,0x00,0x1f,0x8f,0xff,0xff,0x00,0x00,0x3f,0x03,0xff,0xfc,
  0x00,0x00,0x1e,0x00,0x3f,0xe0,0x00,0x00,0x0e,0x00,0x00,0x00,0x00,0x00,0x00,0x00,0x00,0x00,0x00,0x00,0x00,0x00,0x00,0x00,
  0x00,0x00,0x00,0x00,0x00,0x00,0x00,0x00,0x00,0x00,0x00,0x00,0x00,0x00,0x00,0x00,0x00,0x00,0x00,0x00,0x00,0x00,0x00,0x00,
  0x00,0x00,0x00,0x00,0x00,0x00,0x00,0x00,0x00,0x00,0x00,0x00,0x00,0x00,0x00,0x00,0x00,0x00,0x00,0x00,0x00,0x00,0x00,0x00,
  0x00,0x00,0x00,0x00,0x00,0x00,0x00,0x00,0x00,0x03,0xfc,0x00,0x00,0x00,0x00,0x01,0xfc,0x00,0x00,0x00,0x00,0x00,0xfe,0x00,
  0x00,0x00,0x00,0x00,0x7e,0x00,0x00,0x00,0x00,0x00,0x3f,0x00,0x00,0x00,0x00,0x00,0x1f,0x00,0x00,0x00,0x00,0x00,0x0f,0x80,
  0x00,0x00,0x00,0x00,0x00,0x00,0x00,0x00,0x00,0x00,0x00,0x00,0x00,0x00,0x00,0x00,0x00,0x00,0x00,0x00,0x00,0x00,0x00,0x00,
  0x00,0x00,0x0f,0xf0,0x00,0x0f,0xf0,0x00,0x0f,0xf0,0x00,0x0f,0xf0,0x00,0x0f,0xf0,0x00,0x0f,0xf0,0x00,0x0f,0xf0,0x00,0x0f,
  0xf0,0x00,0x0f,0xf0,0x00,0x0f,0xf0,0x00,0x0f,0xf0,0x00,0x0f,0xf0,0x00,0x0f,0xf0,0x00,0x0f,0xf0,0x00,0x0f,0xf0,0x00,0x0f,
  0xf0,0x00,0x0f,0xf0,0x00,0x0f,0xf0,0x00,0x0f,0xf0,0x00,0x0f,0xf0,0x00,0x0f,0xf0,0x00,0x0f,0xf0,0x00,0x0f,0xf0,0x00,0x0f,
  0xf0,0x00,0x0f,0xf0,0x00,0x0f,0xf0,0x00,0x0f,0xf0,0x00,0x0f,0xf0,0x00,0x0f,0xf0,0x00,0x0f,0xf0,0x00,0x0f,0xf0,0x00,0x0f,
  0xf0,0x00,0x0f,0xf0,0x00,0x0f,0xf0,0x00,0x0f,0xf0,0x00,0x0f,0xf0,0x00,0x0f,0xf0,0x00,0x0f,0xf0,0x00,0x0f,0xf0,0x00,0x0f,
  0xf0,0x00,0x0f,0xf0,0x00,0x0f,0xf0,0x00,0x0f,0xf0,0x00,0x0f,0xf0,0x00,0x0f,0xf0,0x00,0x0f,0xf0,0x00,0x0f,0xf0,0x00,0x0f,
  0xf0,0x00,0x0f,0xf0,0x00,0x0f,0xf0,0x00,0x0f,0xf0,0x00,0x0f,0xf0,0x00,0x0f,0xf0,0x00,0x0f,0xf0,0x00,0x0f,0xf0,0x00,0x0f,
  0xf0,0x00,0x0f,0xf0,0x00,0x0f,0xf0,0x00,0x07,0xf8,0x00,0x0f,0xf0,0x00,0x07,0xf8,0x00,0x1f,0xe0,0x00,0x07,0xfc,0x00,0x1f,
  0xe0,0x00,0x07,0xfe,0x00,0x3f,0xe0,0x00,0x07,0xff,0x80,0xff,0xe0,0x00,0x03,0xff,0xff,0xff,0xc0,0x00,0x01,0xff,0xff,0xff,
  0xc0,0x00,0x01,0xff,0xff,0xff,0x80,0x00,0x00,0xff,0xff,0xff,0x00,0x00,0x00,0x3f,0xff,0xfc,0x00,0x00,0x00,0x0f,0xff,0xf8,
  0x00,0x00,0x00,0x01,0xff,0x80,0x00,0x00,0x00,0x00,0x00,0x00,0x00,0x00,0x00,0x00,0x00,0x00,0x00,0x00,0x00,0x00,0x00,0x00,
  0x00,0x00,0x00,0x00,0x00,0x00,0x00,0x00,0x00,0x00,0x00,0x00,0x00,0x00,0x00,0x00,0x00,0x00,0x00,0x00,0x00,0x00,0x00,0x00,
  0x00,0x00,0x00,0x00,0x00,0x00,0x00,0x00,0x00,0x00,0x00,0x00,0x00,0x00,0x00,0x00,0x00,0x00,0x00,0x00,0x00,0x00,0x00,0x00,
  0x00,0x00,0x00,0x00,0x00,0x00,0x00,0x00,0x00,0x00,0x3f,0xc0,0x00,0x00,0x00,0x00,0x3f,0x80,0x00,0x00,0x00,0x00,0x7f,0x00,
  0x00,0x00,0x00,0x00,0x7e,0x00,0x00,0x00,0x00,0x00,0xfc,0x00,0x00,0x00,0x00,0x00,0xf8,0x00,0x00,0x00,0x00,0x01,0xf0,0x00,
  0x00,0x00,0x00,0x00,0x00,0x00,0x00,0x00,0x00,0x00,0x00,0x00,0x00,0x00,0x00,0x00,0x00,0x00,0x00,0x00,0x00,0x00,0x00,0x00,
  0x00,0x00,0x0f,0xf0,0x00,0x0f,0xf0,0x00,0x0f,0xf0,0x00,0x0f,0xf0,0x00,0x0f,0xf0,0x00,0x0f,0xf0,0x00,0x0f,0xf0,0x00,0x0f,
  0xf0,0x00,0x0f,0xf0,0x00,0x0f,0xf0,0x00,0x0f,0xf0,0x00,0x0f,0xf0,0x00,0x0f,0xf0,0x00,0x0f,0xf0,0x00,0x0f,0xf0,0x00,0x0f,
  0xf0,0x00,0x0f,0xf0,0x00,0x0f,0xf0,0x00,0x0f,0xf0,0x00,0x0f,0xf0,0x00,0x0f,0xf0,0x00,0x0f,0xf0,0x00,0x0f,0xf0,0x00,0x0f,
  0xf0,0x00,0x0f,0xf0,0x00,0x0f,0xf0,0x00,0x0f,0xf0,0x00,0x0f,0xf0,0x00,0x0f,0xf0,0x00,0x0f,0xf0,0x00,0x0f,0xf0,0x00,0x0f,
  0xf0,0x00,0x0f,0xf0,0x00,0x0f,0xf0,0x00,0x0f,0xf0,0x00,0x0f,0xf0,0x00,0x0f,0xf0,0x00,0x0f,0xf0,0x00,0x0f,0xf0,0x00,0x0f,
  0xf0,0x00,0x0f,0xf0,0x00,0x0f,0xf0,0x00,0x0f,0xf0,0x00,0x0f,0xf0,0x00,0x0f,0xf0,0x00,0x0f,0xf0,0x00,0x0f,0xf0,0x00,0x0f,
  0xf0,0x00,0x0f,0xf0,0x00,0x0f,0xf0,0x00,0x0f,0xf0,0x00,0x0f,0xf0,0x00,0x0f,0xf0,0x00,0x0f,0xf0,0x00,0x0f,0xf0,0x00,0x0f,
  0xf0,0x00,0x0f,0xf0,0x00,0x0f,0xf0,0x00,0x07,0xf8,0x00,0x0f,0xf0,0x00,0x07,0xf8,0x00,0x1f,0xe0,0x00,0x07,0xfc,0x00,0x1f,
  0xe0,0x00,0x07,0xfe,0x00,0x3f,0xe0,0x00,0x07,0xff,0x80,0xff,0xe0,0x00,0x03,0xff,0xff,0xff,0xc0,0x00,0x01,0xff,0xff,0xff,
  0xc0,0x00,0x01,0xff,0xff,0xff,0x80,0x00,0x00,0xff,0xff,0xff,0x00,0x00,0x00,0x3f,0xff,0xfc,0x00,0x00,0x00,0x0f,0xff,0xf8,
  0x00,0x00,0x00,0x01,0xff,0x80,0x00,0x00,0x00,0x00,0x00,0x00,0x00,0x00,0x00,0x00,0x00,0x00,0x00,0x00,0x00,0x00,0x00,0x00,
  0x00,0x00,0x00,0x00,0x00,0x00,0x00,0x00,0x00,0x00,0x00,0x00,0x00,0x00,0x00,0x00,0x00,0x00,0x00,0x00,0x00,0x00,0x00,0x00,
  0x00,0x00,0x00,0x00,0x00,0x00,0x00,0x00,0x00,0x00,0x00,0x00,0x00,0x00,0x00,0x00,0x00,0x00,0x00,0x00,0x00,0x00,0x00,0x00,
  0x00,0x00,0x00,0x00,0x00,0x00,0x00,0x00,0x00,0x00,0xff,0x80,0x00,0x00,0x00,0x00,0xff,0xc0,0x00,0x00,0x00,0x01,0xff,0xc0,
  0x00,0x00,0x00,0x03,0xf7,0xe0,0x00,0x00,0x00,0x07,0xe3,0xf0,0x00,0x00,0x00,0x07,0xe1,0xf8,0x00,0x00,0x00,0x0f,0xc1,0xf8,
  0x00,0x00,0x00,0x00,0x00,0x00,0x00,0x00,0x00,0x00,0x00,0x00,0x00,0x00,0x00,0x00,0x00,0x00,0x00,0x00,0x00,0x00,0x00,0x00,
  0x00,0x00,0x0f,0xf0,0x00,0x0f,0xf0,0x00,0x0f,0xf0,0x00,0x0f,0xf0,0x00,0x0f,0xf0,0x00,0x0f,0xf0,0x00,0x0f,0xf0,0x00,0x0f,
  0xf0,0x00,0x0f,0xf0,0x00,0x0f,0xf0,0x00,0x0f,0xf0,0x00,0x0f,0xf0,0x00,0x0f,0xf0,0x00,0x0f,0xf0,0x00,0x0f,0xf0,0x00,0x0f,
  0xf0,0x00,0x0f,0xf0,0x00,0x0f,0xf0,0x00,0x0f,0xf0,0x00,0x0f,0xf0,0x00,0x0f,0xf0,0x00,0x0f,0xf0,0x00,0x0f,0xf0,0x00,0x0f,
  0xf0,0x00,0x0f,0xf0,0x00,0x0f,0xf0,0x00,0x0f,0xf0,0x00,0x0f,0xf0,0x00,0x0f,0xf0,0x00,0x0f,0xf0,0x00,0x0f,0xf0,0x00,0x0f,
  0xf0,0x00,0x0f,0xf0,0x00,0x0f,0xf0,0x00,0x0f,0xf0,0x00,0x0f,0xf0,0x00,0x0f,0xf0,0x00,0x0f,0xf0,0x00,0x0f,0xf0,0x00,0x0f,
  0xf0,0x00,0x0f,0xf0,0x00,0x0f,0xf0,0x00,0x0f,0xf0,0x00,0x0f,0xf0,0x00,0x0f,0xf0,0x00,0x0f,0xf0,0x00,0x0f,0xf0,0x00,0x0f,
  0xf0,0x00,0x0f,0xf0,0x00,0x0f,0xf0,0x00,0x0f,0xf0,0x00,0x0f,0xf0,0x00,0x0f,0xf0,0x00,0x0f,0xf0,0x00,0x0f,0xf0,0x00,0x0f,
  0xf0,0x00,0x0f,0xf0,0x00,0x0f,0xf0,0x00,0x07,0xf8,0x00,0x0f,0xf0,0x00,0x07,0xf8,0x00,0x1f,0xe0,0x00,0x07,0xfc,0x00,0x1f,
  0xe0,0x00,0x07,0xfe,0x00,0x3f,0xe0,0x00,0x07,0xff,0x80,0xff,0xe0,0x00,0x03,0xff,0xff,0xff,0xc0,0x00,0x01,0xff,0xff,0xff,
  0xc0,0x00,0x01,0xff,0xff,0xff,0x80,0x00,0x00,0xff,0xff,0xff,0x00,0x00,0x00,0x3f,0xff,0xfc,0x00,0x00,0x00,0x0f,0xff,0xf8,
  0x00,0x00,0x00,0x01,0xff,0x80,0x00,0x00,0x00,0x00,0x00,0x00,0x00,0x00,0x00,0x00,0x00,0x00,0x00,0x00,0x00,0x00,0x00,0x00,
  0x00,0x00,0x00,0x00,0x00,0x00,0x00,0x00,0x00,0x00,0x00,0x00,0x00,0x00,0x00,0x00,0x00,0x00,0x00,0x00,0x00,0x00,0x00,0x00,
  0x00,0x00,0x00,0x00,0x00,0x00,0x00,0x00,0x00,0x00,0x00,0x00,0x00,0x00,0x00,0x00,0x00,0x00,0x00,0x00,0x00,0x00,0x00,0x00,
  0x00,0x00,0x00,0x00,0x00,0x00,0x00,0x00,0x00,0x1f,0x83,0xf8,0x00,0x00,0x00,0x1f,0x83,0xf8,0x00,0x00,0x00,0x1f,0x83,0xf8,
  0x00,0x00,0x00,0x1f,0x83,0xf8,0x00,0x00,0x00,0x1f,0x83,0xf8,0x00,0x00,0x00,0x1f,0x83,0xf8,0x00,0x00,0x00,0x1f,0x83,0xf8,
  0x00,0x00,0x00,0x00,0x00,0x00,0x00,0x00,0x00,0x00,0x00,0x00,0x00,0x00,0x00,0x00,0x00,0x00,0x00,0x00,0x00,0x00,0x00,0x00,
  0x00,0x00,0x0f,0xf0,0x00,0x0f,0xf0,0x00,0x0f,0xf0,0x00,0x0f,0xf0,0x00,0x0f,0xf0,0x00,0x0f,0xf0,0x00,0x0f,0xf0,0x00,0x0f,
  0xf0,0x00,0x0f,0xf0,0x00,0x0f,0xf0,0x00,0x0f,0xf0,0x00,0x0f,0xf0,0x00,0x0f,0xf0,0x00,0x0f,0xf0,0x00,0x0f,0xf0,0x00,0x0f,
  0xf0,0x00,0x0f,0xf0,0x00,0x0f,0xf0,0x00,0x0f,0xf0,0x00,0x0f,0xf0,0x00,0x0f,0xf0,0x00,0x0f,0xf0,0x00,0x0f,0xf0,0x00,0x0f,
  0xf0,0x00,0x0f,0xf0,0x00,0x0f,0xf0,0x00,0x0f,0xf0,0x00,0x0f,0xf0,0x00,0x0f,0xf0,0x00,0x0f,0xf0,0x00,0x0f,0xf0,0x00,0x0f,
  0xf0,0x00,0x0f,0xf0,0x00,0x0f,0xf0,0x00,0x0f,0xf0,0x00,0x0f,0xf0,0x00,0x0f,0xf0,0x00,0x0f,0xf0,0x00,0x0f,0xf0,0x00,0x0f,
  0xf0,0x00,0x0f,0xf0,0x00,0x0f,0xf0,0x00,0x0f,0xf0,0x00,0x0f,0xf0,0x00,0x0f,0xf0,0x00,0x0f,0xf0,0x00,0x0f,0xf0,0x00,0x0f,
  0xf0,0x00,0x0f,0xf0,0x00,0x0f,0xf0,0x00,0x0f,0xf0,0x00,0x0f,0xf0,0x00,0x0f,0xf0,0x00,0x0f,0xf0,0x00,0x0f,0xf0,0x00,0x0f,
  0xf0,0x00,0x0f,0xf0,0x00,0x0f,0xf0,0x00,0x07,0xf8,0x00,0x0f,0xf0,0x00,0x07,0xf8,0x00,0x1f,0xe0,0x00,0x07,0xfc,0x00,0x1f,
  0xe0,0x00,0x07,0xfe,0x00,0x3f,0xe0,0x00,0x07,0xff,0x80,0xff,0xe0,0x00,0x03,0xff,0xff,0xff,0xc0,0x00,0x01,0xff,0xff,0xff,
  0xc0,0x00,0x01,0xff,0xff,0xff,0x80,0x00,0x00,0xff,0xff,0xff,0x00,0x00,0x00,0x3f,0xff,0xfc,0x00,0x00,0x00,0x0f,0xff,0xf8,
  0x00,0x00,0x00,0x01,0xff,0x80,0x00,0x00,0x00,0x00,0x00,0x00,0x00,0x00,0x00,0x00,0x00,0x00,0x00,0x00,0x00,0x00,0x00,0x00,
  0x00,0x00,0x00,0x00,0x00,0x00,0x00,0x00,0x00,0x00,0x00,0x00,0x00,0x00,0x00,0x00,0x00,0x00,0x00,0x00,0x00,0x00,0x00,0x00,
  0x00,0x00,0x00,0x00,0x00,0x00,0x00,0x00,0x00,0x00,0x00,0x00,0x00,0x00,0x00,0x00,0x00,0x00,0x00,0x00,0x00,0x00,0x00,0x00,
  0x00,0x00,0x00,0x00,0x00,0x00,0x00,0x00,0x00,0x00,0xff,0x00,0x00,0x00,0x00,0xfe,0x00,0x00,0x00,0x01,0xfc,0x00,0x00,0x00,
  0x01,0xf8,0x00,0x00,0x00,0x03,0xf0,0x00,0x00,0x00,0x03,0xe0,0x00,0x00,0x00,0x07,0xc0,0x00,0x00,0x00,0x00,0x00,0x00,0x00,
  0x00,0x00,0x00,0x00,0x00,0x00,0x00,0x00,0x00,0x00,0x00,0x00,0x00,0x00,0x00,0xff,0xc0,0x00,0x0f,0xf8,0x7f,0xc0,0x00,0x1f,
  0xf0,0x3f,0xe0,0x00,0x1f,0xf0,0x3f,0xe0,0x00,0x3f,0xe0,0x1f,0xf0,0x00,0x3f,0xc0,0x0f,0xf8,0x00,0x7f,0xc0,0x0f,0xf8,0x00,
  0xff,0x80,0x07,0xfc,0x00,0xff,0x80,0x07,0xfc,0x01,0xff,0x00,0x03,0xfe,0x01,0xfe,0x00,0x01,0xff,0x03,0xfe,0x00,0x01,0xff,
  0x03,0xfc,0x00,0x00,0xff,0x87,0xf8,0x00,0x00,0x7f,0x8f,0xf8,0x00,0x00,0x7f,0xcf,0xf0,0x00,0x00,0x3f,0xff,0xe0,0x00,0x00,
  0x1f,0xff,0xe0,0x00,0x00,0x1f,0xff,0xc0,0x00,0x00,0x0f,0xff,0xc0,0x00,0x00,0x0f,0xff,0x80,0x00,0x00,0x07,0xff,0x00,0x00,
  0x00,0x03,0xff,0x00,0x00,0x00,0x03,0xfe,0x00,0x00,0x00,0x01,0xfe,0x00,0x00,0x00,0x01,0xfe,0x00,0x00,0x00,0x01,0xfe,0x00,
  0x00,0x00,0x01,0xfe,0x00,0x00,0x00,0x01,0xfe,0x00,0x00,0x00,0x01,0xfe,0x00,0x00,0x00,0x01,0xfe,0x00,0x00,0x00,0x01,0xfe,
  0x00,0x00,0x00,0x01,0xfe,0x00,0x00,0x00,0x01,0xfe,0x00,0x00,0x00,0x01,0xfe,0x00,0x00,0x00,0x01,0xfe,0x00,0x00,0x00,0x01,
  0xfe,0x00,0x00,0x00,0x01,0xfe,0x00,0x00,0x00,0x01,0xfe,0x00,0x00,0x00,0x01,0xfe,0x00,0x00,0x00,0x01,0xfe,0x00,0x00,0x00,
  0x00,0x00,0x00,0x00,0x00,0x00,0x00,0x00,0x00,0x00,0x00,0x00,0x00,0x00,0x00,0x00,0x00,0x00,0x00,0x00,0x00,0x00,0x00,0x00,
  0x00,0x00,0x00,0x00,0x00,0x00,0x00,0x00,0x00,0x00,0x00,0x00,0x00,0x00,0x00,0x00,0x00,0x00,0x00,0x00,0x00,0x00,0x00,0x00,
  0x00,0x00,0x00,0x00,0x00,0x00,0x00,0x00,0x00,0x00,0x00,0x00,0x00,0x00,0x00,0x00,0x00,0x00,0x00,0x00,0x00,0x00,0x00,0x00,
  0x00,0x00,0x00,0x00,0x00,0x00,0x00,0x00,0x00,0x00,0x00,0x00,0x00,0x00,0x00,0x00,0x00,0x00,0x00,0x00,0x00,0x00,0x00,0x00,
  0x00,0x00,0x00,0x00,0x00,0x00,0x00,0x00,0x00,0x00,0x00,0x00,0x00,0x00,0x00,0x00,0x00,0x00,0x00,0x00,0x00,0x00,0x00,0x0f,
  0xf0,0x00,0x00,0x00,0x0f,0xf0,0x00,0x00,0x00,0x0f,0xf0,0x00,0x00,0x00,0x0f,0xf0,0x00,0x00,0x00,0x0f,0xf0,0x00,0x00,0x00,
  0x0f,0xf0,0x00,0x00,0x00,0x0f,0xf0,0x00,0x00,0x00,0x0f,0xf0,0x00,0x00,0x00,0x0f,0xff,0xff,0xc0,0x00,0x0f,0xff,0xff,0xf8,
  0x00,0x0f,0xff,0xff,0xfc,0x00,0x0f,0xff,0xff,0xff,0x00,0x0f,0xff,0xff,0xff,0x00,0x0f,0xff,0xff,0xff,0x80,0x0f,0xff,0xff,
  0xff,0xc0,0x0f,0xf0,0x00,0xff,0xc0,0x0f,0xf0,0x00,0x7f,0xc0,0x0f,0xf0,0x00,0x3f,0xe0,0x0f,0xf0,0x00,0x3f,0xe0,0x0f,0xf0,
  0x00,0x1f,0xe0,0x0f,0xf0,0x00,0x1f,0xe0,0x0f,0xf0,0x00,0x3f,0xe0,0x0f,0xf0,0x00,0x3f,0xc0,0x0f,0xf0,0x00,0x7f,0xc0,0x0f,
  0xf0,0x01,0xff,0xc0,0x0f,0xff,0xff,0xff,0xc0,0x0f,0xff,0xff,0xff,0x80,0x0f,0xff,0xff,0xff,0x00,0x0f,0xff,0xff,0xfe,0x00,
  0x0f,0xff,0xff,0xfc,0x00,0x0f,0xff,0xff,0xf0,0x00,0x0f,0xff,0xff,0x80,0x00,0x0f,0xf0,0x00,0x00,0x00,0x0f,0xf0,0x00,0x00,
  0x00,0x0f,0xf0,0x00,0x00,0x00,0x0f,0xf0,0x00,0x00,0x00,0x0f,0xf0,0x00,0x00,0x00,0x0f,0xf0,0x00,0x00,0x00,0x0f,0xf0,0x00,
  0x00,0x00,0x0f,0xf0,0x00,0x00,0x00,0x00,0x00,0x00,0x00,0x00,0x00,0x00,0x00,0x00,0x00,0x00,0x00,0x00,0x00,0x00,0x00,0x00,
  0x00,0x00,0x00,0x00,0x00,0x00,0x00,0x00,0x00,0x00,0x00,0x00,0x00,0x00,0x00,0x00,0x00,0x00,0x00,0x00,0x00,0x00,0x00,0x00,
  0x00,0x00,0x00,0x00,0x00,0x00,0x00,0x00,0x00,0x00,0x00,0x00,0x00,0x00,0x00,0x00,0x00,0x00,0x00,0x00,0x00,0x00,0x00,0x00,
  0x00,0x00,0x00,0x00,0x00,0x00,0x00,0x00,0x00,0x00,0x00,0x00,0x00,0x00,0x00,0x00,0x00,0x00,0x00,0x00,0x00,0x00,0x00,0x00,
  0x00,0x00,0x00,0x00,0x00,0x00,0x00,0x00,0x00,0x00,0x00,0x00,0x00,0x00,0x00,0x00,0x00,0x00,0x00,0x00,0x00,0x00,0x00,0x00,
  0x00,0x00,0x00,0x0f,0xf0,0x00,0x00,0x00,0x7f,0xfe,0x00,0x00,0x00,0xff,0xff,0x00,0x00,0x01,0xff,0xff,0x80,0x00,0x03,0xff,
  0xff,0xc0,0x00,0x07,0xff,0xff,0xc0,0x00,0x07,0xfc,0x3f,0xe0,0x00,0x07,0xf8,0x1f,0xe0,0x00,0x0f,0xf0,0x1f,0xe0,0x00,0x0f,
  0xf0,0x1f,0xe0,0x00,0x0f,0xf0,0x1f,0xc0,0x00,0x0f,0xf0,0x1f,0xc0,0x00,0x0f,0xe0,0x3f,0xc0,0x00,0x0f,0xe0,0x3f,0x80,0x00,
  0x0f,0xe0,0x7f,0x80,0x00,0x0f,0xe0,0x7f,0x00,0x00,0x0f,0xe0,0xff,0x00,0x00,0x0f,0xe0,0xfe,0x00,0x00,0x0f,0xe0,0xfe,0x00,
  0x00,0x0f,0xe1,0xff,0x00,0x00,0x0f,0xe1,0xff,0x80,0x00,0x0f,0xe0,0xff,0x80,0x00,0x0f,0xe0,0xff,0xc0,0x00,0x0f,0xe0,0x7f,
  0xe0,0x00,0x0f,0xe0,0x3f,0xf0,0x00,0x0f,0xe0,0x1f,0xf8,0x00,0x0f,0xe0,0x1f,0xfc,0x00,0x0f,0xe0,0x0f,0xfe,0x00,0x0f,0xe0,
  0x03,0xfe,0x00,0x0f,0xe0,0x01,0xff,0x00,0x0f,0xe0,0x01,0xff,0x00,0x0f,0xe0,0x00,0xff,0x00,0x0f,0xe0,0x00,0xff,0x00,0x0f,
  0xe0,0x20,0x7f,0x00,0x0f,0xe0,0xf0,0xff,0x00,0x0f,0xe1,0xf1,0xff,0x00,0x0f,0xe3,0xff,0xfe,0x00,0x0f,0xe1,0xff,0xfe,0x00,
  0x0f,0xe1,0xff,0xfc,0x00,0x0f,0xe0,0xff,0xf8,0x00,0x0f,0xe0,0x3f,0xf0,0x00,0x00,0x00,0x0f,0xc0,0x00,0x00,0x00,0x00,0x00,
  0x00,0x00,0x00,0x00,0x00,0x00,0x00,0x00,0x00,0x00,0x00,0x00,0x00,0x00,0x00,0x00,0x00,0x00,0x00,0x00,0x00,0x00,0x00,0x00,
  0x00,0x00,0x00,0x00,0x00,0x00,0x00,0x00,0x00,0x00,0x00,0x00,0x00,0x00,0x00,0x00,0x00,0x00,0x00,0x00,0x00,0x00,0x00,0x00,
  0x00,0x00,0x00,0x00,0x00,0x00,0x00,0x00,0x00,0x00,0x00,0x00,0x00,0x00,0x00,0x00,0x00,0x00,0x00,0x00,0x00,0x00,0x00,0x00,
  0x00,0x00,0x00,0x00,0x00,0x00,0x00,0x00,0x00,0x00,0x00,0x00,0x00,0x00,0x00,0x00,0x00,0x00,0x00,0x00,0x00,0x00,0x00,0x00,
  0x00,0xff,0x00,0x00,0x00,0x7f,0x80,0x00,0x00,0x3f,0x80,0x00,0x00,0x1f,0xc0,0x00,0x00,0x0f,0xc0,0x00,0x00,0x07,0xe0,0x00,
  0x00,0x03,0xe0,0x00,0x00,0x01,0xf0,0x00,0x00,0x00,0x00,0x00,0x00,0x00,0x00,0x00,0x00,0x00,0x00,0x00,0x00,0x1f,0xf0,0x00,
  0x00,0xff,0xfe,0x00,0x01,0xff,0xff,0x80,0x03,0xff,0xff,0xc0,0x07,0xff,0xff,0xc0,0x0f,0xff,0xff,0xe0,0x0f,0xf0,0x3f,0xe0,
  0x1f,0xe0,0x1f,0xe0,0x1f,0xc0,0x0f,0xe0,0x01,0xc0,0x0f,0xe0,0x00,0x00,0x0f,0xe0,0x00,0x00,0x1f,0xe0,0x00,0x01,0xff,0xe0,
  0x00,0x3f,0xff,0xe0,0x01,0xff,0xff,0xe0,0x07,0xff,0xff,0xe0,0x0f,0xff,0xff,0xe0,0x1f,0xff,0x8f,0xe0,0x1f,0xf8,0x0f,0xe0,
  0x3f,0xe0,0x0f,0xe0,0x3f,0xc0,0x0f,0xe0,0x3f,0xc0,0x0f,0xe0,0x3f,0xc0,0x1f,0xe0,0x3f,0xc0,0x3f,0xe0,0x3f,0xf0,0x7f,0xe0,
  0x1f,0xff,0xff,0xf0,0x1f,0xff,0xff,0xf0,0x0f,0xff,0xf7,0xf0,0x07,0xff,0xc7,0xf0,0x03,0xff,0x87,0xf8,0x00,0xfc,0x00,0x00,
  0x00,0x00,0x00,0x00,0x00,0x00,0x00,0x00,0x00,0x00,0x00,0x00,0x00,0x00,0x00,0x00,0x00,0x00,0x00,0x00,0x00,0x00,0x00,0x00,
  0x00,0x00,0x00,0x00,0x00,0x00,0x00,0x00,0x00,0x00,0x00,0x00,0x00,0x00,0x00,0x00,0x00,0x00,0x00,0x00,0x00,0x00,0x00,0x00,
  0x00,0x00,0x00,0x00,0x00,0x00,0x00,0x00,0x00,0x00,0x00,0x00,0x00,0x00,0x00,0x00,0x00,0x00,0x00,0x00,0x00,0x00,0x00,0x00,
  0x00,0x00,0x00,0x00,0x00,0x00,0x00,0x00,0x00,0x00,0x00,0x00,0x00,0x00,0x00,0x00,0x00,0x00,0xff,0x00,0x00,0x01,0xfe,0x00,
  0x00,0x01,0xfc,0x00,0x00,0x03,0xf8,0x00,0x00,0x03,0xf0,0x00,0x00,0x07,0xe0,0x00,0x00,0x07,0xc0,0x00,0x00,0x0f,0x80,0x00,
  0x00,0x00,0x00,0x00,0x00,0x00,0x00,0x00,0x00,0x00,0x00,0x00,0x00,0x1f,0xf0,0x00,0x00,0xff,0xfe,0x00,0x01,0xff,0xff,0x80,
  0x03,0xff,0xff,0xc0,0x07,0xff,0xff,0xc0,0x0f,0xff,0xff,0xe0,0x0f,0xf0,0x3f,0xe0,0x1f,0xe0,0x1f,0xe0,0x1f,0xc0,0x0f,0xe0,
  0x01,0xc0,0x0f,0xe0,0x00,0x00,0x0f,0xe0,0x00,0x00,0x1f,0xe0,0x00,0x01,0xff,0xe0,0x00,0x3f,0xff,0xe0,0x01,0xff,0xff,0xe0,
  0x07,0xff,0xff,0xe0,0x0f,0xff,0xff,0xe0,0x1f,0xff,0x8f,0xe0,0x1f,0xf8,0x0f,0xe0,0x3f,0xe0,0x0f,0xe0,0x3f,0xc0,0x0f,0xe0,
  0x3f,0xc0,0x0f,0xe0,0x3f,0xc0,0x1f,0xe0,0x3f,0xc0,0x3f,0xe0,0x3f,0xf0,0x7f,0xe0,0x1f,0xff,0xff,0xf0,0x1f,0xff,0xff,0xf0,
  0x0f,0xff,0xf7,0xf0,0x07,0xff,0xc7,0xf0,0x03,0xff,0x87,0xf8,0x00,0xfc,0x00,0x00,0x00,0x00,0x00,0x00,0x00,0x00,0x00,0x00,
  0x00,0x00,0x00,0x00,0x00,0x00,0x00,0x00,0x00,0x00,0x00,0x00,0x00,0x00,0x00,0x00,0x00,0x00,0x00,0x00,0x00,0x00,0x00,0x00,
  0x00,0x00,0x00,0x00,0x00,0x00,0x00,0x00,0x00,0x00,0x00,0x00,0x00,0x00,0x00,0x00,0x00,0x00,0x00,0x00,0x00,0x00,0x00,0x00,
  0x00,0x00,0x00,0x00,0x00,0x00,0x00,0x00,0x00,0x00,0x00,0x00,0x00,0x00,0x00,0x00,0x00,0x00,0x00,0x00,0x00,0x00,0x00,0x00,
  0x00,0x00,0x00,0x00,0x00,0x00,0x00,0x00,0x00,0x0f,0xe0,0x00,0x00,0x1f,0xf0,0x00,0x00,0x1f,0xf8,0x00,0x00,0x3f,0xf8,0x00,
  0x00,0x7e,0xfc,0x00,0x00,0xfc,0x7e,0x00,0x00,0xfc,0x3f,0x00,0x01,0xf8,0x3f,0x00,0x00,0x00,0x00,0x00,0x00,0x00,0x00,0x00,
  0x00,0x00,0x00,0x00,0x00,0x1f,0xf0,0x00,0x00,0xff,0xfe,0x00,0x01,0xff,0xff,0x80,0x03,0xff,0xff,0xc0,0x07,0xff,0xff,0xc0,
  0x0f,0xff,0xff,0xe0,0x0f,0xf0,0x3f,0xe0,0x1f,0xe0,0x1f,0xe0,0x1f,0xc0,0x0f,0xe0,0x01,0xc0,0x0f,0xe0,0x00,0x00,0x0f,0xe0,
  0x00,0x00,0x1f,0xe0,0x00,0x01,0xff,0xe0,0x00,0x3f,0xff,0xe0,0x01,0xff,0xff,0xe0,0x07,0xff,0xff,0xe0,0x0f,0xff,0xff,0xe0,
  0x1f,0xff,0x8f,0xe0,0x1f,0xf8,0x0f,0xe0,0x3f,0xe0,0x0f,0xe0,0x3f,0xc0,0x0f,0xe0,0x3f,0xc0,0x0f,0xe0,0x3f,0xc0,0x1f,0xe0,
  0x3f,0xc0,0x3f,0xe0,0x3f,0xf0,0x7f,0xe0,0x1f,0xff,0xff,0xf0,0x1f,0xff,0xff,0xf0,0x0f,0xff,0xf7,0xf0,0x07,0xff,0xc7,0xf0,
  0x03,0xff,0x87,0xf8,0x00,0xfc,0x00,0x00,0x00,0x00,0x00,0x00,0x00,0x00,0x00,0x00,0x00,0x00,0x00,0x00,0x00,0x00,0x00,0x00,
  0x00,0x00,0x00,0x00,0x00,0x00,0x00,0x00,0x00,0x00,0x00,0x00,0x00,0x00,0x00,0x00,0x00,0x00,0x00,0x00,0x00,0x00,0x00,0x00,
  0x00,0x00,0x00,0x00,0x00,0x00,0x00,0x00,0x00,0x00,0x00,0x00,0x00,0x00,0x00,0x00,0x00,0x00,0x00,0x00,0x00,0x00,0x00,0x00,
  0x00,0x00,0x00,0x00,0x00,0x00,0x00,0x00,0x00,0x00,0x00,0x00,0x00,0x00,0x00,0x00,0x00,0x00,0x00,0x00,0x00,0x00,0x00,0x00,
  0x00,0x00,0x00,0x00,0x00,0x7c,0x03,0x80,0x00,0xff,0x87,0x80,0x01,0xff,0xff,0x80,0x01,0xff,0xff,0x80,0x01,0xff,0xff,0x00,
  0x01,0xc1,0xff,0x00,0x01,0xc0,0x3c,0x00,0x00,0x00,0x00,0x00,0x00,0x00,0x00,0x00,0x00,0x00,0x00,0x00,0x00,0x1f,0xf0,0x00,
  0x00,0xff,0xfe,0x00,0x01,0xff,0xff,0x80,0x03,0xff,0xff,0xc0,0x07,0xff,0xff,0xc0,0x0f,0xff,0xff,0xe0,0x0f,0xf0,0x3f,0xe0,
  0x1f,0xe0,0x1f,0xe0,0x1f,0xc0,0x0f,0xe0,0x01,0xc0,0x0f,0xe0,0x00,0x00,0x0f,0xe0,0x00,0x00,0x1f,0xe0,0x00,0x01,0xff,0xe0,
  0x00,0x3f,0xff,0xe0,0x01,0xff,0xff,0xe0,0x07,0xff,0xff,0xe0,0x0f,0xff,0xff,0xe0,0x1f,0xff,0x8f,0xe0,0x1f,0xf8,0x0f,0xe0,
  0x3f,0xe0,0x0f,0xe0,0x3f,0xc0,0x0f,0xe0,0x3f,0xc0,0x0f,0xe0,0x3f,0xc0,0x1f,0xe0,0x3f,0xc0,0x3f,0xe0,0x3f,0xf0,0x7f,0xe0,
  0x1f,0xff,0xff,0xf0,0x1f,0xff,0xff,0xf0,0x0f,0xff,0xf7,0xf0,0x07,0xff,0xc7,0xf0,0x03,0xff,0x87,0xf8,0x00,0xfc,0x00,0x00,
  0x00,0x00,0x00,0x00,0x00,0x00,0x00,0x00,0x00,0x00,0x00,0x00,0x00,0x00,0x00,0x00,0x00,0x00,0x00,0x00,0x00,0x00,0x00,0x00,
  0x00,0x00,0x00,0x00,0x00,0x00,0x00,0x00,0x00,0x00,0x00,0x00,0x00,0x00,0x00,0x00,0x00,0x00,0x00,0x00,0x00,0x00,0x00,0x00,
  0x00,0x00,0x00,0x00,0x00,0x00,0x00,0x00,0x00,0x00,0x00,0x00,0x00,0x00,0x00,0x00,0x00,0x00,0x00,0x00,0x00,0x00,0x00,0x00,
  0x00,0x00,0x00,0x00,0x00,0x00,0x00,0x00,0x00,0x00,0x00,0x00,0x00,0x00,0x00,0x00,0x00,0x00,0x00,0x00,0x01,0xf8,0x3f,0x80,
  0x01,0xf8,0x3f,0x80,0x01,0xf8,0x3f,0x80,0x01,0xf8,0x3f,0x80,0x01,0xf8,0x3f,0x80,0x01,0xf8,0x3f,0x80,0x01,0xf8,0x3f,0x80,
  0x00,0x00,0x00,0x00,0x00,0x00,0x00,0x00,0x00,0x00,0x00,0x00,0x00,0x1f,0xf0,0x00,0x00,0xff,0xfe,0x00,0x01,0xff,0xff,0x80,
  0x03,0xff,0xff,0xc0,0x07,0xff,0xff,0xc0,0x0f,0xff,0xff,0xe0,0x0f,0xf0,0x3f,0xe0,0x1f,0xe0,0x1f,0xe0,0x1f,0xc0,0x0f,0xe0,
  0x01,0xc0,0x0f,0xe0,0x00,0x00,0x0f,0xe0,0x00,0x00,0x1f,0xe0,0x00,0x01,0xff,0xe0,0x00,0x3f,0xff,0xe0,0x01,0xff,0xff,0xe0,
  0x07,0xff,0xff,0xe0,0x0f,0xff,0xff,0xe0,0x1f,0xff,0x8f,0xe0,0x1f,0xf8,0x0f,0xe0,0x3f,0xe0,0x0f,0xe0,0x3f,0xc0,0x0f,0xe0,
  0x3f,0xc0,0x0f,0xe0,0x3f,0xc0,0x1f,0xe0,0x3f,0xc0,0x3f,0xe0,0x3f,0xf0,0x7f,0xe0,0x1f,0xff,0xff,0xf0,0x1f,0xff,0xff,0xf0,
  0x0f,0xff,0xf7,0xf0,0x07,0xff,0xc7,0xf0,0x03,0xff,0x87,0xf8,0x00,0xfc,0x00,0x00,0x00,0x00,0x00,0x00,0x00,0x00,0x00,0x00,
  0x00,0x00,0x00,0x00,0x00,0x00,0x00,0x00,0x00,0x00,0x00,0x00,0x00,0x00,0x00,0x00,0x00,0x00,0x00,0x00,0x00,0x00,0x00,0x00,
  0x00,0x00,0x00,0x00,0x00,0x00,0x00,0x00,0x00,0x00,0x00,0x00,0x00,0x00,0x00,0x00,0x00,0x00,0x00,0x00,0x00,0x00,0x00,0x00,
  0x00,0x00,0x00,0x00,0x00,0x00,0x00,0x00,0x00,0x00,0x00,0x00,0x00,0x00,0x00,0x00,0x00,0x00,0x00,0x00,0x00,0x00,0x00,0x00,
  0x00,0x07,0x80,0x00,0x00,0x1f,0xe0,0x00,0x00,0x1f,0xe0,0x00,0x00,0x38,0x70,0x00,0x00,0x38,0x70,0x00,0x00,0x38,0x70,0x00,
  0x00,0x38,0x70,0x00,0x00,0x1f,0xe0,0x00,0x00,0x1f,0xe0,0x00,0x00,0x07,0x80,0x00,0x00,0x00,0x00,0x00,0x00,0x00,0x00,0x00,
  0x00,0x00,0x00,0x00,0x00,0x1f,0xf0,0x00,0x00,0xff,0xfe,0x00,0x01,0xff,0xff,0x80,0x03,0xff,0xff,0xc0,0x07,0xff,0xff,0xc0,
  0x0f,0xff,0xff,0xe0,0x0f,0xf0,0x3f,0xe0,0x1f,0xe0,0x1f,0xe0,0x1f,0xc0,0x0f,0xe0,0x01,0xc0,0x0f,0xe0,0x00,0x00,0x0f,0xe0,
  0x00,0x00,0x1f,0xe0,0x00,0x01,0xff,0xe0,0x00,0x3f,0xff,0xe0,0x01,0xff,0xff,0xe0,0x07,0xff,0xff,0xe0,0x0f,0xff,0xff,0xe0,
  0x1f,0xff,0x8f,0xe0,0x1f,0xf8,0x0f,0xe0,0x3f,0xe0,0x0f,0xe0,0x3f,0xc0,0x0f,0xe0,0x3f,0xc0,0x0f,0xe0,0x3f,0xc0,0x1f,0xe0,
  0x3f,0xc0,0x3f,0xe0,0x3f,0xf0,0x7f,0xe0,0x1f,0xff,0xff,0xf0,0x1f,0xff,0xff,0xf0,0x0f,0xff,0xf7,0xf0,0x07,0xff,0xc7,0xf0,
  0x03,0xff,0x87,0xf8,0x00,0xfc,0x00,0x00,0x00,0x00,0x00,0x00,0x00,0x00,0x00,0x00,0x00,0x00,0x00,0x00,0x00,0x00,0x00,0x00,
  0x00,0x00,0x00,0x00,0x00,0x00,0x00,0x00,0x00,0x00,0x00,0x00,0x00,0x00,0x00,0x00,0x00,0x00,0x00,0x00,0x00,0x00,0x00,0x00,
  0x00,0x00,0x00,0x00,0x00,0x00,0x00,0x00,0x00,0x00,0x00,0x00,0x00,0x00,0x00,0x00,0x00,0x00,0x00,0x00,0x00,0x00,0x00,0x00,
  0x00,0x00,0x00,0x00,0x00,0x00,0x00,0x00,0x00,0x00,0x00,0x00,0x00,0x00,0x00,0x00,0x00,0x00,0x00,0x00,0x00,0x00,0x00,0x00,
  0x00,0x00,0x00,0x00,0x00,0x00,0x00,0x00,0x00,0x00,0x00,0x00,0x00,0x00,0x00,0x00,0x00,0x00,0x00,0x00,0x00,0x00,0x00,0x00,
  0x00,0x00,0x00,0x00,0x00,0x00,0x00,0x00,0x00,0x00,0x00,0x00,0x00,0x00,0x00,0x00,0x00,0x00,0x00,0x00,0x00,0x00,0x00,0x00,
  0x00,0x00,0x00,0x00,0x00,0x00,0x00,0x00,0x00,0x00,0x00,0x00,0x00,0x00,0x00,0x00,0x00,0x00,0x00,0x00,0x00,0x00,0x00,0x00,
  0x00,0x00,0x00,0x00,0x00,0x00,0x00,0x00,0x00,0x00,0x00,0x00,0x00,0x00,0x00,0x00,0x00,0x00,0x00,0x00,0x00,0x00,0x00,0x00,
  0x00,0x00,0x00,0x00,0x00,0x00,0x00,0x00,0x00,0x00,0x00,0x00,0x0f,0xf8,0x03,0xf8,0x00,0x00,0x00,0x7f,0xff,0x1f,0xff,0x00,
  0x00,0x01,0xff,0xff,0xbf,0xff,0x80,0x00,0x03,0xff,0xff,0xff,0xff,0xe0,0x00,0x03,0xff,0xff,0xff,0xff,0xe0,0x00,0x07,0xff,
  0xff,0xff,0xff,0xf0,0x00,0x0f,0xf8,0x1f,0xfe,0x0f,0xf8,0x00,0x0f,0xf0,0x0f,0xfc,0x03,0xf8,0x00,0x0f,0xe0,0x0f,0xf8,0x01,
  0xfc,0x00,0x00,0xc0,0x07,0xf8,0x01,0xfc,0x00,0x00,0x00,0x07,0xf0,0x01,0xfc,0x00,0x00,0x00,0x1f,0xf0,0x00,0xfe,0x00,0x00,
  0x01,0xff,0xf0,0x00,0xfe,0x00,0x00,0x3f,0xff,0xff,0xff,0xfe,0x00,0x01,0xff,0xff,0xff,0xff,0xfe,0x00,0x03,0xff,0xff,0xff,
  0xff,0xfe,0x00,0x07,0xff,0xff,0xff,0xff,0xfe,0x00,0x0f,0xff,0xcf,0xff,0xff,0xfe,0x00,0x1f,0xfc,0x0f,0xf0,0x00,0x00,0x00,
  0x1f,0xe0,0x0f,0xf0,0x00,0x00,0x00,0x1f,0xc0,0x0f,0xf0,0x00,0x00,0x00,0x1f,0xc0,0x0f,0xf8,0x01,0xc0,0x00,0x1f,0xc0,0x0f,
  0xf8,0x01,0xfc,0x00,0x1f,0xe0,0x1f,0xfc,0x03,0xfc,0x00,0x1f,0xf0,0x7f,0xff,0x07,0xfc,0x00,0x1f,0xff,0xff,0xff,0xff,0xf8,
  0x00,0x0f,0xff,0xff,0xff,0xff,0xf0,0x00,0x0f,0xff,0xfe,0xff,0xff,0xe0,0x00,0x07,0xff,0xf8,0x3f,0xff,0xc0,0x00,0x03,0xff,
  0xe0,0x1f,0xff,0x80,0x00,0x00,0x7f,0x00,0x03,0xfc,0x00,0x00,0x00,0x00,0x00,0x00,0x00,0x00,0x00,0x00,0x00,0x00,0x00,0x00,
  0x00,0x00,0x00,0x00,0x00,0x00,0x00,0x00,0x00,0x00,0x00,0x00,0x00,0x00,0x00,0x00,0x00,0x00,0x00,0x00,0x00,0x00,0x00,0x00,
  0x00,0x00,0x00,0x00,0x00,0x00,0x00,0x00,0x00,0x00,0x00,0x00,0x00,0x00,0x00,0x00,0x00,0x00,0x00,0x00,0x00,0x00,0x00,0x00,
  0x00,0x00,0x00,0x00,0x00,0x00,0x00,0x00,0x00,0x00,0x00,0x00,0x00,0x00,0x00,0x00,0x00,0x00,0x00,0x00,0x00,0x00,0x00,0x00,
  0x00,0x00,0x00,0x00,0x00,0x00,0x00,0x00,0x00,0x00,0x00,0x00,0x00,0x00,0x00,0x00,0x00,0x00,0x00,0x00,0x00,0x00,0x00,0x00,
  0x00,0x00,0x00,0x00,0x00,0x00,0x00,0x00,0x00,0x00,0x00,0x00,0x00,0x00,0x00,0x00,0x00,0x00,0x00,0x00,0x00,0x00,0x00,0x00,
  0x00,0x00,0x00,0x00,0x00,0x00,0x00,0x00,0x00,0x00,0x00,0x00,0x00,0x00,0x00,0x00,0x00,0x00,0x00,0x00,0x00,0x00,0x00,0x00,
  0x00,0x00,0x00,0x00,0x00,0x00,0x00,0x00,0x00,0x00,0x00,0x00,0x00,0x07,0xf0,0x00,0x00,0x3f,0xfe,0x00,0x00,0xff,0xff,0x80,
  0x01,0xff,0xff,0xc0,0x03,0xff,0xff,0xe0,0x07,0xff,0xff,0xe0,0x0f,0xfc,0x1f,0xf0,0x0f,0xf0,0x0f,0xf0,0x0f,0xe0,0x07,0xf8,
  0x1f,0xe0,0x07,0xf8,0x1f,0xe0,0x03,0x80,0x1f,0xc0,0x00,0x00,0x1f,0xc0,0x00,0x00,0x1f,0xc0,0x00,0x00,0x3f,0xc0,0x00,0x00,
  0x3f,0xc0,0x00,0x00,0x3f,0xc0,0x00,0x00,0x1f,0xc0,0x00,0x00,0x1f,0xc0,0x00,0x00,0x1f,0xc0,0x03,0x80,0x1f,0xe0,0x03,0xf8,
  0x1f,0xe0,0x03,0xf8,0x0f,0xf0,0x07,0xf8,0x0f,0xf0,0x0f,0xf8,0x0f,0xfc,0x1f,0xf0,0x07,0xff,0xff,0xe0,0x03,0xff,0xff,0xe0,
  0x01,0xff,0xff,0xc0,0x00,0xff,0xff,0x80,0x00,0x3f,0xfe,0x00,0x00,0x0f,0xf8,0x00,0x00,0x0f,0xfc,0x00,0x00,0x1f,0xfc,0x00,
  0x00,0x00,0x7e,0x00,0x00,0x00,0x3e,0x00,0x00,0x00,0x3e,0x00,0x00,0x00,0x7e,0x00,0x00,0x7f,0xfc,0x00,0x00,0x7f,0xf8,0x00,
  0x00,0x3f,0xc0,0x00,0x00,0x00,0x00,0x00,0x00,0x00,0x00,0x00,0x00,0x00,0x00,0x00,0x00,0x00,0x00,0x00,0x00,0x00,0x00,0x00,
  0x00,0x00,0x00,0x00,0x00,0x00,0x00,0x00,0x00,0x00,0x00,0x00,0x00,0x00,0x00,0x00,0x00,0x00,0x00,0x00,0x00,0x00,0x00,0x00,
  0x00,0x00,0x00,0x00,0x00,0x00,0x00,0x00,0x00,0xff,0x00,0x00,0x00,0x7f,0x80,0x00,0x00,0x3f,0x80,0x00,0x00,0x1f,0xc0,0x00,
  0x00,0x0f,0xc0,0x00,0x00,0x07,0xe0,0x00,0x00,0x03,0xe0,0x00,0x00,0x01,0xf0,0x00,0x00,0x00,0x00,0x00,0x00,0x00,0x00,0x00,
  0x00,0x00,0x00,0x00,0x00,0x0f,0xe0,0x00,0x00,0x7f,0xfc,0x00,0x00,0xff,0xfe,0x00,0x03,0xff,0xff,0x00,0x07,0xff,0xff,0x80,
  0x07,0xff,0xff,0xc0,0x0f,0xf8,0x3f,0xe0,0x1f,0xf0,0x1f,0xe0,0x1f,0xe0,0x0f,0xf0,0x1f,0xc0,0x07,0xf0,0x3f,0xc0,0x07,0xf0,
  0x3f,0xc0,0x07,0xf0,0x3f,0xc0,0x07,0xf0,0x3f,0xff,0xff,0xf8,0x3f,0xff,0xff,0xf8,0x3f,0xff,0xff,0xf8,0x3f,0xff,0xff,0xf8,
  0x3f,0xff,0xff,0xf8,0x3f,0x80,0x00,0x00,0x3f,0xc0,0x00,0x00,0x3f,0xc0,0x00,0x00,0x1f,0xc0,0x0f,0x00,0x1f,0xe0,0x0f,0xf0,
  0x1f,0xf0,0x1f,0xf0,0x0f,0xf8,0x3f,0xe0,0x0f,0xff,0xff,0xe0,0x07,0xff,0xff,0xc0,0x03,0xff,0xff,0x80,0x01,0xff,0xff,0x00,
  0x00,0x7f,0xfc,0x00,0x00,0x0f,0xe0,0x00,0x00,0x00,0x00,0x00,0x00,0x00,0x00,0x00,0x00,0x00,0x00,0x00,0x00,0x00,0x00,0x00,
  0x00,0x00,0x00,0x00,0x00,0x00,0x00,0x00,0x00,0x00,0x00,0x00,0x00,0x00,0x00,0x00,0x00,0x00,0x00,0x00,0x00,0x00,0x00,0x00,
  0x00,0x00,0x00,0x00,0x00,0x00,0x00,0x00,0x00,0x00,0x00,0x00,0x00,0x00,0x00,0x00,0x00,0x00,0x00,0x00,0x00,0x00,0x00,0x00,
  0x00,0x00,0x00,0x00,0x00,0x00,0x00,0x00,0x00,0x00,0x00,0x00,0x00,0x00,0x00,0x00,0x00,0x00,0x00,0x00,0x00,0x00,0x00,0x00,
  0x00,0x01,0xfe,0x00,0x00,0x03,0xfc,0x00,0x00,0x03,0xf8,0x00,0x00,0x07,0xf0,0x00,0x00,0x07,0xe0,0x00,0x00,0x0f,0xc0,0x00,
  0x00,0x0f,0x80,0x00,0x00,0x1f,0x00,0x00,0x00,0x00,0x00,0x00,0x00,0x00,0x00,0x00,0x00,0x00,0x00,0x00,0x00,0x0f,0xe0,0x00,
  0x00,0x7f,0xfc,0x00,0x00,0xff,0xfe,0x00,0x03,0xff,0xff,0x00,0x07,0xff,0xff,0x80,0x07,0xff,0xff,0xc0,0x0f,0xf8,0x3f,0xe0,
  0x1f,0xf0,0x1f,0xe0,0x1f,0xe0,0x0f,0xf0,0x1f,0xc0,0x07,0xf0,0x3f,0xc0,0x07,0xf0,0x3f,0xc0,0x07,0xf0,0x3f,0xc0,0x07,0xf0,
  0x3f,0xff,0xff,0xf8,0x3f,0xff,0xff,0xf8,0x3f,0xff,0xff,0xf8,0x3f,0xff,0xff,0xf8,0x3f,0xff,0xff,0xf8,0x3f,0x80,0x00,0x00,
  0x3f,0xc0,0x00,0x00,0x3f,0xc0,0x00,0x00,0x1f,0xc0,0x0f,0x00,0x1f,0xe0,0x0f,0xf0,0x1f,0xf0,0x1f,0xf0,0x0f,0xf8,0x3f,0xe0,
  0x0f,0xff,0xff,0xe0,0x07,0xff,0xff,0xc0,0x03,0xff,0xff,0x80,0x01,0xff,0xff,0x00,0x00,0x7f,0xfc,0x00,0x00,0x0f,0xe0,0x00,
  0x00,0x00,0x00,0x00,0x00,0x00,0x00,0x00,0x00,0x00,0x00,0x00,0x00,0x00,0x00,0x00,0x00,0x00,0x00,0x00,0x00,0x00,0x00,0x00,
  0x00,0x00,0x00,0x00,0x00,0x00,0x00,0x00,0x00,0x00,0x00,0x00,0x00,0x00,0x00,0x00,0x00,0x00,0x00,0x00,0x00,0x00,0x00,0x00,
  0x00,0x00,0x00,0x00,0x00,0x00,0x00,0x00,0x00,0x00,0x00,0x00,0x00,0x00,0x00,0x00,0x00,0x00,0x00,0x00,0x00,0x00,0x00,0x00,
  0x00,0x00,0x00,0x00,0x00,0x00,0x00,0x00,0x00,0x00,0x00,0x00,0x00,0x00,0x00,0x00,0x00,0x0f,0xe0,0x00,0x00,0x1f,0xf0,0x00,
  0x00,0x3f,0xf0,0x00,0x00,0x7f,0xf8,0x00,0x00,0x7e,0xfc,0x00,0x00,0xfc,0xfe,0x00,0x01,0xf8,0x7e,0x00,0x01,0xf8,0x3f,0x00,
  0x00,0x00,0x00,0x00,0x00,0x00,0x00,0x00,0x00,0x00,0x00,0x00,0x00,0x0f,0xe0,0x00,0x00,0x7f,0xfc,0x00,0x00,0xff,0xfe,0x00,
  0x03,0xff,0xff,0x00,0x07,0xff,0xff,0x80,0x07,0xff,0xff,0xc0,0x0f,0xf8,0x3f,0xe0,0x1f,0xf0,0x1f,0xe0,0x1f,0xe0,0x0f,0xf0,
  0x1f,0xc0,0x07,0xf0,0x3f,0xc0,0x07,0xf0,0x3f,0xc0,0x07,0xf0,0x3f,0xc0,0x07,0xf0,0x3f,0xff,0xff,0xf8,0x3f,0xff,0xff,0xf8,
  0x3f,0xff,0xff,0xf8,0x3f,0xff,0xff,0xf8,0x3f,0xff,0xff,0xf8,0x3f,0x80,0x00,0x00,0x3f,0xc0,0x00,0x00,0x3f,0xc0,0x00,0x00,
  0x1f,0xc0,0x0f,0x00,0x1f,0xe0,0x0f,0xf0,0x1f,0xf0,0x1f,0xf0,0x0f,0xf8,0x3f,0xe0,0x0f,0xff,0xff,0xe0,0x07,0xff,0xff,0xc0,
  0x03,0xff,0xff,0x80,0x01,0xff,0xff,0x00,0x00,0x7f,0xfc,0x00,0x00,0x0f,0xe0,0x00,0x00,0x00,0x00,0x00,0x00,0x00,0x00,0x00,
  0x00,0x00,0x00,0x00,0x00,0x00,0x00,0x00,0x00,0x00,0x00,0x00,0x00,0x00,0x00,0x00,0x00,0x00,0x00,0x00,0x00,0x00,0x00,0x00,
  0x00,0x00,0x00,0x00,0x00,0x00,0x00,0x00,0x00,0x00,0x00,0x00,0x00,0x00,0x00,0x00,0x00,0x00,0x00,0x00,0x00,0x00,0x00,0x00,
  0x00,0x00,0x00,0x00,0x00,0x00,0x00,0x00,0x00,0x00,0x00,0x00,0x00,0x00,0x00,0x00,0x00,0x00,0x00,0x00,0x00,0x00,0x00,0x00,
  0x00,0x00,0x00,0x00,0x00,0x00,0x00,0x00,0x00,0x00,0x00,0x00,0x03,0xf8,0x3f,0x00,0x03,0xf8,0x3f,0x00,0x03,0xf8,0x3f,0x00,
  0x03,0xf8,0x3f,0x00,0x03,0xf8,0x3f,0x00,0x03,0xf8,0x3f,0x00,0x03,0xf8,0x3f,0x00,0x00,0x00,0x00,0x00,0x00,0x00,0x00,0x00,
  0x00,0x00,0x00,0x00,0x00,0x0f,0xe0,0x00,0x00,0x7f,0xfc,0x00,0x00,0xff,0xfe,0x00,0x03,0xff,0xff,0x00,0x07,0xff,0xff,0x80,
  0x07,0xff,0xff,0xc0,0x0f,0xf8,0x3f,0xe0,0x1f,0xf0,0x1f,0xe0,0x1f,0xe0,0x0f,0xf0,0x1f,0xc0,0x07,0xf0,0x3f,0xc0,0x07,0xf0,
  0x3f,0xc0,0x07,0xf0,0x3f,0xc0,0x07,0xf0,0x3f,0xff,0xff,0xf8,0x3f,0xff,0xff,0xf8,0x3f,0xff,0xff,0xf8,0x3f,0xff,0xff,0xf8,
  0x3f,0xff,0xff,0xf8,0x3f,0x80,0x00,0x00,0x3f,0xc0,0x00,0x00,0x3f,0xc0,0x00,0x00,0x1f,0xc0,0x0f,0x00,0x1f,0xe0,0x0f,0xf0,
  0x1f,0xf0,0x1f,0xf0,0x0f,0xf8,0x3f,0xe0,0x0f,0xff,0xff,0xe0,0x07,0xff,0xff,0xc0,0x03,0xff,0xff,0x80,0x01,0xff,0xff,0x00,
  0x00,0x7f,0xfc,0x00,0x00,0x0f,0xe0,0x00,0x00,0x00,0x00,0x00,0x00,0x00,0x00,0x00,0x00,0x00,0x00,0x00,0x00,0x00,0x00,0x00,
  0x00,0x00,0x00,0x00,0x00,0x00,0x00,0x00,0x00,0x00,0x00,0x00,0x00,0x00,0x00,0x00,0x00,0x00,0x00,0x00,0x00,0x00,0x00,0x00,
  0x00,0x00,0x00,0x00,0x00,0x00,0x00,0x00,0x00,0x00,0x00,0x00,0x00,0x00,0x00,0x00,0x00,0x00,0x00,0x00,0x00,0x00,0x00,0x00,
  0x00,0x00,0x00,0x00,0x00,0x00,0x00,0x00,0x00,0x00,0x00,0x00,0x00,0x00,0x7f,0x80,0x00,0x3f,0xc0,0x00,0x1f,0xc0,0x00,0x0f,
  0xe0,0x00,0x07,0xe0,0x00,0x03,0xf0,0x00,0x01,0xf0,0x00,0x00,0xf8,0x00,0x00,0x00,0x00,0x00,0x00,0x00,0x00,0x00,0x00,0x00,
  0x00,0x00,0x07,0xf8,0x00,0x07,0xf8,0x00,0x07,0xf8,0x00,0x07,0xf8,0x00,0x07,0xf8,0x00,0x07,0xf8,0x00,0x07,0xf8,0x00,0x07,
  0xf8,0x00,0x07,0xf8,0x00,0x07,0xf8,0x00,0x07,0xf8,0x00,0x07,0xf8,0x00,0x07,0xf8,0x00,0x07,0xf8,0x00,0x07,0xf8,0x00,0x07,
  0xf8,0x00,0x07,0xf8,0x00,0x07,0xf8,0x00,0x07,0xf8,0x00,0x07,0xf8,0x00,0x07,0xf8,0x00,0x07,0xf8,0x00,0x07,0xf8,0x00,0x07,
  0xf8,0x00,0x07,0xf8,0x00,0x07,0xf8,0x00,0x07,0xf8,0x00,0x07,0xf8,0x00,0x07,0xf8,0x00,0x00,0x00,0x00,0x00,0x00,0x00,0x00,
  0x00,0x00,0x00,0x00,0x00,0x00,0x00,0x00,0x00,0x00,0x00,0x00,0x00,0x00,0x00,0x00,0x00,0x00,0x00,0x00,0x00,0x00,0x00,0x00,
  0x00,0x00,0x00,0x00,0x00,0x00,0x00,0x00,0x00,0x00,0x00,0x00,0x00,0x00,0x00,0x00,0x00,0x00,0x00,0x00,0x00,0x00,0x00,0x00,
  0x00,0x00,0x00,0x00,0x01,0xfe,0x03,0xfc,0x03,0xf8,0x07,0xf0,0x07,0xe0,0x0f,0xc0,0x0f,0x80,0x1f,0x00,0x00,0x00,0x00,0x00,
  0x00,0x00,0x00,0x00,0x0f,0xf0,0x0f,0xf0,0x0f,0xf0,0x0f,0xf0,0x0f,0xf0,0x0f,0xf0,0x0f,0xf0,0x0f,0xf0,0x0f,0xf0,0x0f,0xf0,
  0x0f,0xf0,0x0f,0xf0,0x0f,0xf0,0x0f,0xf0,0x0f,0xf0,0x0f,0xf0,0x0f,0xf0,0x0f,0xf0,0x0f,0xf0,0x0f,0xf0,0x0f,0xf0,0x0f,0xf0,
  0x0f,0xf0,0x0f,0xf0,0x0f,0xf0,0x0f,0xf0,0x0f,0xf0,0x0f,0xf0,0x0f,0xf0,0x00,0x00,0x00,0x00,0x00,0x00,0x00,0x00,0x00,0x00,
  0x00,0x00,0x00,0x00,0x00,0x00,0x00,0x00,0x00,0x00,0x00,0x00,0x00,0x00,0x00,0x00,0x00,0x00,0x00,0x00,0x00,0x00,0x00,0x00,
  0x00,0x00,0x00,0x00,0x00,0x00,0x00,0x00,0x00,0x00,0x00,0x00,0x00,0x00,0x00,0x00,0x00,0x00,0x00,0x00,0x00,0x00,0x03,0xf8,
  0x00,0x07,0xfc,0x00,0x07,0xfe,0x00,0x0f,0xfe,0x00,0x1f,0xbf,0x00,0x3f,0x1f,0x80,0x3f,0x0f,0xc0,0x7e,0x0f,0xc0,0x00,0x00,
  0x00,0x00,0x00,0x00,0x00,0x00,0x00,0x00,0x00,0x00,0x03,0xfc,0x00,0x03,0xfc,0x00,0x03,0xfc,0x00,0x03,0xfc,0x00,0x03,0xfc,
  0x00,0x03,0xfc,0x00,0x03,0xfc,0x00,0x03,0xfc,0x00,0x03,0xfc,0x00,0x03,0xfc,0x00,0x03,0xfc,0x00,0x03,0xfc,0x00,0x03,0xfc,
  0x00,0x03,0xfc,0x00,0x03,0xfc,0x00,0x03,0xfc,0x00,0x03,0xfc,0x00,0x03,0xfc,0x00,0x03,0xfc,0x00,0x03,0xfc,0x00,0x03,0xfc,
  0x00,0x03,0xfc,0x00,0x03,0xfc,0x00,0x03,0xfc,0x00,0x03,0xfc,0x00,0x03,0xfc,0x00,0x03,0xfc,0x00,0x03,0xfc,0x00,0x03,0xfc,
  0x00,0x00,0x00,0x00,0x00,0x00,0x00,0x00,0x00,0x00,0x00,0x00,0x00,0x00,0x00,0x00,0x00,0x00,0x00,0x00,0x00,0x00,0x00,0x00,
  0x00,0x00,0x00,0x00,0x00,0x00,0x00,0x00,0x00,0x00,0x00,0x00,0x00,0x00,0x00,0x00,0x00,0x00,0x00,0x00,0x00,0x00,0x00,0x00,
  0x00,0x00,0x00,0x00,0x00,0x00,0x00,0x00,0x00,0x00,0x00,0x00,0x00,0x00,0x00,0x00,0x00,0x00,0x00,0x00,0x00,0x00,0x00,0x00,
  0x00,0x7e,0x0f,0xe0,0x7e,0x0f,0xe0,0x7e,0x0f,0xe0,0x7e,0x0f,0xe0,0x7e,0x0f,0xe0,0x7e,0x0f,0xe0,0x7e,0x0f,0xe0,0x00,0x00,
  0x00,0x00,0x00,0x00,0x00,0x00,0x00,0x00,0x00,0x00,0x03,0xfc,0x00,0x03,0xfc,0x00,0x03,0xfc,0x00,0x03,0xfc,0x00,0x03,0xfc,
  0x00,0x03,0xfc,0x00,0x03,0xfc,0x00,0x03,0xfc,0x00,0x03,0xfc,0x00,0x03,0xfc,0x00,0x03,0xfc,0x00,0x03,0xfc,0x00,0x03,0xfc,
  0x00,0x03,0xfc,0x00,0x03,0xfc,0x00,0x03,0xfc,0x00,0x03,0xfc,0x00,0x03,0xfc,0x00,0x03,0xfc,0x00,0x03,0xfc,0x00,0x03,0xfc,
  0x00,0x03,0xfc,0x00,0x03,0xfc,0x00,0x03,0xfc,0x00,0x03,0xfc,0x00,0x03,0xfc,0x00,0x03,0xfc,0x00,0x03,0xfc,0x00,0x03,0xfc,
  0x00,0x00,0x00,0x00,0x00,0x00,0x00,0x00,0x00,0x00,0x00,0x00,0x00,0x00,0x00,0x00,0x00,0x00,0x00,0x00,0x00,0x00,0x00,0x00,
  0x00,0x00,0x00,0x00,0x00,0x00,0x00,0x00,0x00,0x00,0x00,0x00,0x00,0x00,0x00,0x00,0x00,0x00,0x00,0x00,0x00,0x00,0x00,0x00,
  0x00,0x00,0x00,0x00,0x00,0x00,0x00,0x00,0x00,0x00,0x00,0x00,0x00,0x00,0x00,0x00,0x00,0x00,0x00,0x00,0x00,0x00,0x00,0x00,
  0x00,0x00,0x00,0x00,0x00,0x00,0x00,0x00,0x00,0x00,0x00,0x00,0x00,0x00,0x00,0x00,0x00,0x00,0x00,0x00,0x00,0x00,0x00,0x00,
  0x3f,0xc0,0x80,0x00,0x00,0x1f,0xe3,0xc0,0x00,0x00,0x0f,0xff,0xc0,0x00,0x00,0x03,0xff,0x00,0x00,0x00,0x01,0xfe,0x00,0x00,
  0x00,0x03,0xfe,0x00,0x00,0x00,0x0f,0xff,0x00,0x00,0x00,0x3f,0x3f,0x80,0x00,0x00,0x3c,0x3f,0xc0,0x00,0x00,0x30,0x1f,0xe0,
  0x00,0x00,0x00,0x0f,0xe0,0x00,0x00,0x0f,0xcf,0xf0,0x00,0x00,0x3f,0xf7,0xf0,0x00,0x00,0xff,0xff,0xf8,0x00,0x01,0xff,0xff,
  0xfc,0x00,0x03,0xff,0xff,0xfc,0x00,0x07,0xff,0xff,0xfc,0x00,0x0f,0xfc,0x0f,0xfe,0x00,0x0f,0xf8,0x07,0xfe,0x00,0x1f,0xf0,
  0x03,0xfe,0x00,0x1f,0xe0,0x01,0xff,0x00,0x1f,0xe0,0x01,0xff,0x00,0x1f,0xe0,0x00,0xff,0x00,0x3f,0xc0,0x00,0xff,0x00,0x3f,
  0xc0,0x00,0xff,0x00,0x3f,0xc0,0x00,0xff,0x00,0x3f,0xc0,0x00,0xff,0x00,0x3f,0xc0,0x00,0xff,0x00,0x1f,0xc0,0x00,0xff,0x00,
  0x1f,0xe0,0x00,0xff,0x00,0x1f,0xe0,0x01,0xfe,0x00,0x1f,0xe0,0x01,0xfe,0x00,0x0f,0xf0,0x03,0xfe,0x00,0x0f,0xf8,0x07,0xfc,
  0x00,0x07,0xfe,0x0f,0xfc,0x00,0x07,0xff,0xff,0xf8,0x00,0x03,0xff,0xff,0xf0,0x00,0x01,0xff,0xff,0xe0,0x00,0x00,0x7f,0xff,
  0xc0,0x00,0x00,0x3f,0xff,0x00,0x00,0x00,0x07,0xf8,0x00,0x00,0x00,0x00,0x00,0x00,0x00,0x00,0x00,0x00,0x00,0x00,0x00,0x00,
  0x00,0x00,0x00,0x00,0x00,0x00,0x00,0x00,0x00,0x00,0x00,0x00,0x00,0x00,0x00,0x00,0x00,0x00,0x00,0x00,0x00,0x00,0x00,0x00,
  0x00,0x00,0x00,0x00,0x00,0x00,0x00,0x00,0x00,0x00,0x00,0x00,0x00,0x00,0x00,0x00,0x00,0x00,0x00,0x00,0x00,0x00,0x00,0x00,
  0x00,0x00,0x00,0x00,0x00,0x00,0x00,0x00,0x00,0x00,0x00,0x00,0x00,0x00,0x00,0x00,0x00,0x00,0x00,0x00,0x00,0x00,0x00,0x00,
  0x00,0x00,0x00,0x00,0x00,0x00,0x00,0x00,0x00,0x00,0x00,0x00,0x00,0x00,0x00,0x00,0x00,0x00,0x00,0x00,0x00,0x00,0x00,0x00,
  0x00,0x00,0x00,0x00,0x00,0x00,0x00,0x00,0x3e,0x01,0xc0,0x00,0x00,0x7f,0xc3,0xc0,0x00,0x00,0xff,0xff,0xc0,0x00,0x00,0xff,
  0xff,0xc0,0x00,0x00,0xff,0xff,0x80,0x00,0x00,0xe0,0xff,0x80,0x00,0x00,0xe0,0x1e,0x00,0x00,0x00,0x00,0x00,0x00,0x00,0x00,
  0x00,0x00,0x00,0x00,0x00,0x00,0x00,0x00,0x00,0x00,0x00,0x3f,0x00,0x00,0x0f,0xe1,0xff,0xc0,0x00,0x0f,0xe3,0xff,0xf0,0x00,
  0x0f,0xe7,0xff,0xf8,0x00,0x0f,0xef,0xff,0xf8,0x00,0x0f,0xff,0xff,0xfc,0x00,0x0f,0xfe,0x0f,0xfc,0x00,0x0f,0xfc,0x07,0xfc,
  0x00,0x0f,0xf8,0x03,0xfc,0x00,0x0f,0xf0,0x03,0xfc,0x00,0x0f,0xf0,0x01,0xfc,0x00,0x0f,0xf0,0x01,0xfc,0x00,0x0f,0xf0,0x01,
  0xfc,0x00,0x0f,0xf0,0x01,0xfc,0x00,0x0f,0xf0,0x01,0xfc,0x00,0x0f,0xf0,0x01,0xfc,0x00,0x0f,0xf0,0x01,0xfc,0x00,0x0f,0xf0,
  0x01,0xfc,0x00,0x0f,0xf0,0x01,0xfc,0x00,0x0f,0xf0,0x01,0xfc,0x00,0x0f,0xf0,0x01,0xfc,0x00,0x0f,0xf0,0x01,0xfc,0x00,0x0f,
  0xf0,0x01,0xfc,0x00,0x0f,0xf0,0x01,0xfc,0x00,0x0f,0xf0,0x01,0xfc,0x00,0x0f,0xf0,0x01,0xfc,0x00,0x0f,0xf0,0x01,0xfc,0x00,
  0x0f,0xf0,0x01,0xfc,0x00,0x0f,0xf0,0x01,0xfc,0x00,0x0f,0xf0,0x01,0xfc,0x00,0x00,0x00,0x00,0x00,0x00,0x00,0x00,0x00,0x00,
  0x00,0x00,0x00,0x00,0x00,0x00,0x00,0x00,0x00,0x00,0x00,0x00,0x00,0x00,0x00,0x00,0x00,0x00,0x00,0x00,0x00,0x00,0x00,0x00,
  0x00,0x00,0x00,0x00,0x00,0x00,0x00,0x00,0x00,0x00,0x00,0x00,0x00,0x00,0x00,0x00,0x00,0x00,0x00,0x00,0x00,0x00,0x00,0x00,
  0x00,0x00,0x00,0x00,0x00,0x00,0x00,0x00,0x00,0x00,0x00,0x00,0x00,0x00,0x00,0x00,0x00,0x00,0x00,0x00,0x00,0x00,0x00,0x00,
  0x00,0x00,0x00,0x00,0x00,0x00,0x00,0x00,0x00,0x00,0x00,0x00,0x00,0x00,0x00,0x00,0x00,0x00,0x00,0x00,0x00,0x00,0x00,0x00,
  0x00,0x00,0x00,0x00,0x00,0x00,0x00,0x00,0x00,0x00,0x00,0x7f,0x80,0x00,0x00,0x00,0x3f,0xc0,0x00,0x00,0x00,0x1f,0xc0,0x00,
  0x00,0x00,0x0f,0xe0,0x00,0x00,0x00,0x07,0xe0,0x00,0x00,0x00,0x03,0xf0,0x00,0x00,0x00,0x01,0xf0,0x00,0x00,0x00,0x00,0xf8,
  0x00,0x00,0x00,0x00,0x00,0x00,0x00,0x00,0x00,0x00,0x00,0x00,0x00,0x00,0x00,0x00,0x00,0x00,0x07,0xf8,0x00,0x00,0x00,0x3f,
  0xff,0x00,0x00,0x00,0x7f,0xff,0xc0,0x00,0x01,0xff,0xff,0xe0,0x00,0x03,0xff,0xff,0xf0,0x00,0x07,0xff,0xff,0xf8,0x00,0x07,
  0xfe,0x0f,0xfc,0x00,0x0f,0xf8,0x07,0xfc,0x00,0x0f,0xf0,0x03,0xfe,0x00,0x1f,0xe0,0x01,0xfe,0x00,0x1f,0xe0,0x00,0xfe,0x00,
  0x1f,0xc0,0x00,0xff,0x00,0x1f,0xc0,0x00,0xff,0x00,0x3f,0xc0,0x00,0xff,0x00,0x3f,0xc0,0x00,0x7f,0x00,0x3f,0xc0,0x00,0x7f,
  0x00,0x3f,0xc0,0x00,0x7f,0x00,0x3f,0xc0,0x00,0xff,0x00,0x1f,0xc0,0x00,0xff,0x00,0x1f,0xc0,0x00,0xff,0x00,0x1f,0xe0,0x00,
  0xfe,0x00,0x1f,0xe0,0x01,0xfe,0x00,0x0f,0xf0,0x03,0xfe,0x00,0x0f,0xf8,0x07,0xfc,0x00,0x07,0xfe,0x0f,0xf8,0x00,0x07,0xff,
  0xff,0xf8,0x00,0x03,0xff,0xff,0xf0,0x00,0x01,0xff,0xff,0xe0,0x00,0x00,0x7f,0xff,0x80,0x00,0x00,0x1f,0xff,0x00,0x00,0x00,
  0x03,0xf8,0x00,0x00,0x00,0x00,0x00,0x00,0x00,0x00,0x00,0x00,0x00,0x00,0x00,0x00,0x00,0x00,0x00,0x00,0x00,0x00,0x00,0x00,
  0x00,0x00,0x00,0x00,0x00,0x00,0x00,0x00,0x00,0x00,0x00,0x00,0x00,0x00,0x00,0x00,0x00,0x00,0x00,0x00,0x00,0x00,0x00,0x00,
  0x00,0x00,0x00,0x00,0x00,0x00,0x00,0x00,0x00,0x00,0x00,0x00,0x00,0x00,0x00,0x00,0x00,0x00,0x00,0x00,0x00,0x00,0x00,0x00,
  0x00,0x00,0x00,0x00,0x00,0x00,0x00,0x00,0x00,0x00,0x00,0x00,0x00,0x00,0x00,0x00,0x00,0x00,0x00,0x00,0x00,0x00,0x00,0x00,
  0x00,0x00,0x00,0x00,0x00,0x00,0x00,0x00,0x00,0x00,0x00,0x00,0x00,0x00,0x00,0x00,0x00,0x00,0x00,0x00,0x7f,0x80,0x00,0x00,
  0x00,0xff,0x00,0x00,0x00,0x00,0xfe,0x00,0x00,0x00,0x01,0xfc,0x00,0x00,0x00,0x01,0xf8,0x00,0x00,0x00,0x03,0xf0,0x00,0x00,
  0x00,0x03,0xe0,0x00,0x00,0x00,0x07,0xc0,0x00,0x00,0x00,0x00,0x00,0x00,0x00,0x00,0x00,0x00,0x00,0x00,0x00,0x00,0x00,0x00,
  0x00,0x00,0x07,0xf8,0x00,0x00,0x00,0x3f,0xff,0x00,0x00,0x00,0x7f,0xff,0xc0,0x00,0x01,0xff,0xff,0xe0,0x00,0x03,0xff,0xff,
  0xf0,0x00,0x07,0xff,0xff,0xf8,0x00,0x07,0xfe,0x0f,0xfc,0x00,0x0f,0xf8,0x07,0xfc,0x00,0x0f,0xf0,0x03,0xfe,0x00,0x1f,0xe0,
  0x01,0xfe,0x00,0x1f,0xe0,0x00,0xfe,0x00,0x1f,0xc0,0x00,0xff,0x00,0x1f,0xc0,0x00,0xff,0x00,0x3f,0xc0,0x00,0xff,0x00,0x3f,
  0xc0,0x00,0x7f,0x00,0x3f,0xc0,0x00,0x7f,0x00,0x3f,0xc0,0x00,0x7f,0x00,0x3f,0xc0,0x00,0xff,0x00,0x1f,0xc0,0x00,0xff,0x00,
  0x1f,0xc0,0x00,0xff,0x00,0x1f,0xe0,0x00,0xfe,0x00,0x1f,0xe0,0x01,0xfe,0x00,0x0f,0xf0,0x03,0xfe,0x00,0x0f,0xf8,0x07,0xfc,
  0x00,0x07,0xfe,0x0f,0xf8,0x00,0x07,0xff,0xff,0xf8,0x00,0x03,0xff,0xff,0xf0,0x00,0x01,0xff,0xff,0xe0,0x00,0x00,0x7f,0xff,
  0x80,0x00,0x00,0x1f,0xff,0x00,0x00,0x00,0x03,0xf8,0x00,0x00,0x00,0x00,0x00,0x00,0x00,0x00,0x00,0x00,0x00,0x00,0x00,0x00,
  0x00,0x00,0x00,0x00,0x00,0x00,0x00,0x00,0x00,0x00,0x00,0x00,0x00,0x00,0x00,0x00,0x00,0x00,0x00,0x00,0x00,0x00,0x00,0x00,
  0x00,0x00,0x00,0x00,0x00,0x00,0x00,0x00,0x00,0x00,0x00,0x00,0x00,0x00,0x00,0x00,0x00,0x00,0x00,0x00,0x00,0x00,0x00,0x00,
  0x00,0x00,0x00,0x00,0x00,0x00,0x00,0x00,0x00,0x00,0x00,0x00,0x00,0x00,0x00,0x00,0x00,0x00,0x00,0x00,0x00,0x00,0x00,0x00,
  0x00,0x00,0x00,0x00,0x00,0x00,0x00,0x00,0x00,0x00,0x00,0x00,0x00,0x00,0x00,0x00,0x00,0x00,0x00,0x00,0x00,0x00,0x00,0x00,
  0x00,0x00,0x00,0x03,0xf8,0x00,0x00,0x00,0x07,0xfc,0x00,0x00,0x00,0x07,0xfe,0x00,0x00,0x00,0x0f,0xfe,0x00,0x00,0x00,0x1f,
  0xbf,0x00,0x00,0x00,0x3f,0x1f,0x80,0x00,0x00,0x3f,0x0f,0xc0,0x00,0x00,0x7e,0x0f,0xc0,0x00,0x00,0x00,0x00,0x00,0x00,0x00,
  0x00,0x00,0x00,0x00,0x00,0x00,0x00,0x00,0x00,0x00,0x07,0xf8,0x00,0x00,0x00,0x3f,0xff,0x00,0x00,0x00,0x7f,0xff,0xc0,0x00,
  0x01,0xff,0xff,0xe0,0x00,0x03,0xff,0xff,0xf0,0x00,0x07,0xff,0xff,0xf8,0x00,0x07,0xfe,0x0f,0xfc,0x00,0x0f,0xf8,0x07,0xfc,
  0x00,0x0f,0xf0,0x03,0xfe,0x00,0x1f,0xe0,0x01,0xfe,0x00,0x1f,0xe0,0x00,0xfe,0x00,0x1f,0xc0,0x00,0xff,0x00,0x1f,0xc0,0x00,
  0xff,0x00,0x3f,0xc0,0x00,0xff,0x00,0x3f,0xc0,0x00,0x7f,0x00,0x3f,0xc0,0x00,0x7f,0x00,0x3f,0xc0,0x00,0x7f,0x00,0x3f,0xc0,
  0x00,0xff,0x00,0x1f,0xc0,0x00,0xff,0x00,0x1f,0xc0,0x00,0xff,0x00,0x1f,0xe0,0x00,0xfe,0x00,0x1f,0xe0,0x01,0xfe,0x00,0x0f,
  0xf0,0x03,0xfe,0x00,0x0f,0xf8,0x07,0xfc,0x00,0x07,0xfe,0x0f,0xf8,0x00,0x07,0xff,0xff,0xf8,0x00,0x03,0xff,0xff,0xf0,0x00,
  0x01,0xff,0xff,0xe0,0x00,0x00,0x7f,0xff,0x80,0x00,0x00,0x1f,0xff,0x00,0x00,0x00,0x03,0xf8,0x00,0x00,0x00,0x00,0x00,0x00,
  0x00,0x00,0x00,0x00,0x00,0x00,0x00,0x00,0x00,0x00,0x00,0x00,0x00,0x00,0x00,0x00,0x00,0x00,0x00,0x00,0x00,0x00,0x00,0x00,
  0x00,0x00,0x00,0x00,0x00,0x00,0x00,0x00,0x00,0x00,0x00,0x00,0x00,0x00,0x00,0x00,0x00,0x00,0x00,0x00,0x00,0x00,0x00,0x00,
  0x00,0x00,0x00,0x00,0x00,0x00,0x00,0x00,0x00,0x00,0x00,0x00,0x00,0x00,0x00,0x00,0x00,0x00,0x00,0x00,0x00,0x00,0x00,0x00,
  0x00,0x00,0x00,0x00,0x00,0x00,0x00,0x00,0x00,0x00,0x00,0x00,0x00,0x00,0x00,0x00,0x00,0x00,0x00,0x00,0x00,0x00,0x00,0x00,
  0x00,0x00,0x00,0x00,0x00,0x00,0x00,0x00,0x00,0x00,0x00,0x00,0x00,0x00,0x00,0x00,0x3e,0x01,0xc0,0x00,0x00,0x7f,0xc3,0xc0,
  0x00,0x00,0xff,0xff,0xc0,0x00,0x00,0xff,0xff,0xc0,0x00,0x00,0xff,0xff,0x80,0x00,0x00,0xe0,0xff,0x80,0x00,0x00,0xe0,0x1e,
  0x00,0x00,0x00,0x00,0x00,0x00,0x00,0x00,0x00,0x00,0x00,0x00,0x00,0x00,0x00,0x00,0x00,0x00,0x07,0xf8,0x00,0x00,0x00,0x3f,
  0xff,0x00,0x00,0x00,0x7f,0xff,0xc0,0x00,0x01,0xff,0xff,0xe0,0x00,0x03,0xff,0xff,0xf0,0x00,0x07,0xff,0xff,0xf8,0x00,0x07,
  0xfe,0x0f,0xfc,0x00,0x0f,0xf8,0x07,0xfc,0x00,0x0f,0xf0,0x03,0xfe,0x00,0x1f,0xe0,0x01,0xfe,0x00,0x1f,0xe0,0x00,0xfe,0x00,
  0x1f,0xc0,0x00,0xff,0x00,0x1f,0xc0,0x00,0xff,0x00,0x3f,0xc0,0x00,0xff,0x00,0x3f,0xc0,0x00,0x7f,0x00,0x3f,0xc0,0x00,0x7f,
  0x00,0x3f,0xc0,0x00,0x7f,0x00,0x3f,0xc0,0x00,0xff,0x00,0x1f,0xc0,0x00,0xff,0x00,0x1f,0xc0,0x00,0xff,0x00,0x1f,0xe0,0x00,
  0xfe,0x00,0x1f,0xe0,0x01,0xfe,0x00,0x0f,0xf0,0x03,0xfe,0x00,0x0f,0xf8,0x07,0xfc,0x00,0x07,0xfe,0x0f,0xf8,0x00,0x07,0xff,
  0xff,0xf8,0x00,0x03,0xff,0xff,0xf0,0x00,0x01,0xff,0xff,0xe0,0x00,0x00,0x7f,0xff,0x80,0x00,0x00,0x1f,0xff,0x00,0x00,0x00,
  0x03,0xf8,0x00,0x00,0x00,0x00,0x00,0x00,0x00,0x00,0x00,0x00,0x00,0x00,0x00,0x00,0x00,0x00,0x00,0x00,0x00,0x00,0x00,0x00,
  0x00,0x00,0x00,0x00,0x00,0x00,0x00,0x00,0x00,0x00,0x00,0x00,0x00,0x00,0x00,0x00,0x00,0x00,0x00,0x00,0x00,0x00,0x00,0x00,
  0x00,0x00,0x00,0x00,0x00,0x00,0x00,0x00,0x00,0x00,0x00,0x00,0x00,0x00,0x00,0x00,0x00,0x00,0x00,0x00,0x00,0x00,0x00,0x00,
  0x00,0x00,0x00,0x00,0x00,0x00,0x00,0x00,0x00,0x00,0x00,0x00,0x00,0x00,0x00,0x00,0x00,0x00,0x00,0x00,0x00,0x00,0x00,0x00,
  0x00,0x00,0x00,0x00,0x00,0x00,0x00,0x00,0x00,0x00,0x00,0x00,0x00,0x00,0x00,0x00,0x00,0x00,0x00,0x00,0x00,0x00,0x00,0x00,
  0xfc,0x1f,0xc0,0x00,0x00,0xfc,0x1f,0xc0,0x00,0x00,0xfc,0x1f,0xc0,0x00,0x00,0xfc,0x1f,0xc0,0x00,0x00,0xfc,0x1f,0xc0,0x00,
  0x00,0xfc,0x1f,0xc0,0x00,0x00,0xfc,0x1f,0xc0,0x00,0x00,0x00,0x00,0x00,0x00,0x00,0x00,0x00,0x00,0x00,0x00,0x00,0x00,0x00,
  0x00,0x00,0x07,0xf8,0x00,0x00,0x00,0x3f,0xff,0x00,0x00,0x00,0x7f,0xff,0xc0,0x00,0x01,0xff,0xff,0xe0,0x00,0x03,0xff,0xff,
  0xf0,0x00,0x07,0xff,0xff,0xf8,0x00,0x07,0xfe,0x0f,0xfc,0x00,0x0f,0xf8,0x07,0xfc,0x00,0x0f,0xf0,0x03,0xfe,0x00,0x1f,0xe0,
  0x01,0xfe,0x00,0x1f,0xe0,0x00,0xfe,0x00,0x1f,0xc0,0x00,0xff,0x00,0x1f,0xc0,0x00,0xff,0x00,0x3f,0xc0,0x00,0xff,0x00,0x3f,
  0xc0,0x00,0x7f,0x00,0x3f,0xc0,0x00,0x7f,0x00,0x3f,0xc0,0x00,0x7f,0x00,0x3f,0xc0,0x00,0xff,0x00,0x1f,0xc0,0x00,0xff,0x00,
  0x1f,0xc0,0x00,0xff,0x00,0x1f,0xe0,0x00,0xfe,0x00,0x1f,0xe0,0x01,0xfe,0x00,0x0f,0xf0,0x03,0xfe,0x00,0x0f,0xf8,0x07,0xfc,
  0x00,0x07,0xfe,0x0f,0xf8,0x00,0x07,0xff,0xff,0xf8,0x00,0x03,0xff,0xff,0xf0,0x00,0x01,0xff,0xff,0xe0,0x00,0x00,0x7f,0xff,
  0x80,0x00,0x00,0x1f,0xff,0x00,0x00,0x00,0x03,0xf8,0x00,0x00,0x00,0x00,0x00,0x00,0x00,0x00,0x00,0x00,0x00,0x00,0x00,0x00,
  0x00,0x00,0x00,0x00,0x00,0x00,0x00,0x00,0x00,0x00,0x00,0x00,0x00,0x00,0x00,0x00,0x00,0x00,0x00,0x00,0x00,0x00,0x00,0x00,
  0x00,0x00,0x00,0x00,0x00,0x00,0x00,0x00,0x00,0x00,0x00,0x00,0x00,0x00,0x00,0x00,0x00,0x00,0x00,0x00,0x00,0x00,0x00,0x00,
  0x00,0x00,0x00,0x00,0x00,0x00,0x00,0x00,0x00,0x00,0x00,0x00,0x00,0x00,0x00,0x00,0x00,0x00,0x00,0x00,0x00,0x00,0x00,0x00,
  0x00,0x00,0x00,0x00,0x00,0x00,0x00,0x00,0x00,0x00,0x00,0x00,0x00,0x00,0x00,0x00,0x00,0x00,0x00,0x00,0x00,0x00,0x00,0x00,
  0x00,0x00,0x00,0x00,0x00,0x00,0x00,0x00,0x00,0x00,0x00,0x00,0x00,0x00,0x00,0x00,0x00,0x00,0x00,0x00,0x00,0x00,0x00,0x00,
  0x00,0x00,0x00,0x00,0x00,0x0f,0xe0,0x00,0x00,0x0f,0xe0,0x00,0x00,0x0f,0xe0,0x00,0x00,0x0f,0xe0,0x00,0x00,0x0f,0xe0,0x00,
  0x00,0x0f,0xe0,0x00,0x00,0x0f,0xe0,0x00,0x00,0x00,0x00,0x00,0x00,0x00,0x00,0x00,0x00,0x00,0x00,0x00,0x7f,0xff,0xff,0xf8,
  0x7f,0xff,0xff,0xf8,0x7f,0xff,0xff,0xf8,0x7f,0xff,0xff,0xf8,0x7f,0xff,0xff,0xf8,0x7f,0xff,0xff,0xf8,0x7f,0xff,0xff,0xf8,
  0x00,0x00,0x00,0x00,0x00,0x00,0x00,0x00,0x00,0x00,0x00,0x00,0x00,0x0f,0xe0,0x00,0x00,0x0f,0xe0,0x00,0x00,0x0f,0xe0,0x00,
  0x00,0x0f,0xe0,0x00,0x00,0x0f,0xe0,0x00,0x00,0x0f,0xe0,0x00,0x00,0x0f,0xe0,0x00,0x00,0x00,0x00,0x00,0x00,0x00,0x00,0x00,
  0x00,0x00,0x00,0x00,0x00,0x00,0x00,0x00,0x00,0x00,0x00,0x00,0x00,0x00,0x00,0x00,0x00,0x00,0x00,0x00,0x00,0x00,0x00,0x00,
  0x00,0x00,0x00,0x00,0x00,0x00,0x00,0x00,0x00,0x00,0x00,0x00,0x00,0x00,0x00,0x00,0x00,0x00,0x00,0x00,0x00,0x00,0x00,0x00,
  0x00,0x00,0x00,0x00,0x00,0x00,0x00,0x00,0x00,0x00,0x00,0x00,0x00,0x00,0x00,0x00,0x00,0x00,0x00,0x00,0x00,0x00,0x00,0x00,
  0x00,0x00,0x00,0x00,0x00,0x00,0x00,0x00,0x00,0x00,0x00,0x00,0x00,0x00,0x00,0x00,0x00,0x00,0x00,0x00,0x00,0x00,0x00,0x00,
  0x00,0x00,0x00,0x00,0x00,0x00,0x00,0x00,0x00,0x00,0x00,0x00,0x00,0x00,0x00,0x00,0x00,0x00,0x00,0x00,0x00,0x00,0x00,0x00,
  0x00,0x00,0x00,0x00,0x00,0x00,0x00,0x00,0x00,0x00,0x00,0x00,0x00,0x00,0x00,0x00,0x00,0x00,0x00,0x00,0x00,0x00,0x00,0x00,
  0x00,0x00,0x00,0x00,0x00,0x00,0x00,0x00,0x00,0x00,0x00,0x00,0x00,0x00,0x00,0x00,0x00,0x00,0x00,0x00,0x00,0x00,0x00,0x00,
  0x00,0x00,0x07,0xf8,0x0c,0x00,0x00,0x3f,0xff,0x1e,0x00,0x00,0x7f,0xff,0xfe,0x00,0x01,0xff,0xff,0xfe,0x00,0x03,0xff,0xff,
  0xfc,0x00,0x03,0xff,0xff,0xf8,0x00,0x07,0xfe,0x0f,0xfc,0x00,0x0f,0xf8,0x07,0xfc,0x00,0x0f,0xf0,0x07,0xfe,0x00,0x1f,0xe0,
  0x0f,0xfe,0x00,0x1f,0xe0,0x1f,0xfe,0x00,0x1f,0xc0,0x3f,0xff,0x00,0x1f,0xc0,0x7e,0xff,0x00,0x1f,0xc0,0xfc,0xff,0x00,0x1f,
  0xc1,0xf8,0x7f,0x00,0x1f,0xc3,0xf0,0x7f,0x00,0x1f,0xc7,0xe0,0x7f,0x00,0x1f,0xc7,0xc0,0xff,0x00,0x1f,0xcf,0x80,0xff,0x00,
  0x1f,0xff,0x00,0xff,0x00,0x1f,0xfe,0x00,0xfe,0x00,0x0f,0xfe,0x01,0xfe,0x00,0x0f,0xfc,0x03,0xfe,0x00,0x07,0xf8,0x07,0xfc,
  0x00,0x07,0xfc,0x0f,0xfc,0x00,0x07,0xff,0xff,0xf8,0x00,0x07,0xff,0xff,0xf0,0x00,0x0f,0xff,0xff,0xe0,0x00,0x1f,0x7f,0xff,
  0x80,0x00,0x0e,0x1f,0xff,0x00,0x00,0x06,0x03,0xf8,0x00,0x00,0x00,0x00,0x00,0x00,0x00,0x00,0x00,0x00,0x00,0x00,0x00,0x00,
  0x00,0x00,0x00,0x00,0x00,0x00,0x00,0x00,0x00,0x00,0x00,0x00,0x00,0x00,0x00,0x00,0x00,0x00,0x00,0x00,0x00,0x00,0x00,0x00,
  0x00,0x00,0x00,0x00,0x00,0x00,0x00,0x00,0x00,0x00,0x00,0x00,0x00,0x00,0x00,0x00,0x00,0x00,0x00,0x00,0x00,0x00,0x00,0x00,
  0x00,0x00,0x00,0x00,0x00,0x00,0x00,0x00,0x00,0x00,0x00,0x00,0x00,0x00,0x00,0x00,0x00,0x00,0x00,0x00,0x00,0x00,0x00,0x00,
  0x00,0x00,0x00,0x00,0x00,0x00,0x00,0x00,0x00,0x00,0x00,0x00,0x00,0x00,0x00,0x00,0x00,0x00,0x00,0x00,0x00,0x00,0x00,0x00,
  0x00,0x00,0x00,0x7f,0x80,0x00,0x00,0x00,0x3f,0xc0,0x00,0x00,0x00,0x1f,0xc0,0x00,0x00,0x00,0x0f,0xe0,0x00,0x00,0x00,0x07,
  0xe0,0x00,0x00,0x00,0x03,0xf0,0x00,0x00,0x00,0x01,0xf0,0x00,0x00,0x00,0x00,0xf8,0x00,0x00,0x00,0x00,0x00,0x00,0x00,0x00,
  0x00,0x00,0x00,0x00,0x00,0x00,0x00,0x00,0x00,0x00,0x00,0x00,0x00,0x00,0x0f,0xf0,0x01,0xfc,0x00,0x0f,0xf0,0x01,0xfc,0x00,
  0x0f,0xf0,0x01,0xfc,0x00,0x0f,0xf0,0x01,0xfc,0x00,0x0f,0xf0,0x01,0xfc,0x00,0x0f,0xf0,0x01,0xfc,0x00,0x0f,0xf0,0x01,0xfc,
  0x00,0x0f,0xf0,0x01,0xfc,0x00,0x0f,0xf0,0x01,0xfc,0x00,0x0f,0xf0,0x01,0xfc,0x00,0x0f,0xf0,0x01,0xfc,0x00,0x0f,0xf0,0x01,
  0xfc,0x00,0x0f,0xf0,0x01,0xfc,0x00,0x0f,0xf0,0x01,0xfc,0x00,0x0f,0xf0,0x01,0xfc,0x00,0x0f,0xf0,0x01,0xfc,0x00,0x0f,0xf0,
  0x03,0xfc,0x00,0x0f,0xf0,0x03,0xfc,0x00,0x0f,0xf0,0x03,0xfc,0x00,0x0f,0xf0,0x03,0xfc,0x00,0x0f,0xf0,0x03,0xfc,0x00,0x0f,
  0xf0,0x07,0xfc,0x00,0x0f,0xf8,0x0f,0xfc,0x00,0x07,0xfc,0x1f,0xfc,0x00,0x07,0xff,0xff,0xfc,0x00,0x07,0xff,0xfd,0xfc,0x00,
  0x03,0xff,0xfd,0xfc,0x00,0x01,0xff,0xf1,0xfc,0x00,0x00,0xff,0xe1,0xfc,0x00,0x00,0x3f,0x00,0x00,0x00,0x00,0x00,0x00,0x00,
  0x00,0x00,0x00,0x00,0x00,0x00,0x00,0x00,0x00,0x00,0x00,0x00,0x00,0x00,0x00,0x00,0x00,0x00,0x00,0x00,0x00,0x00,0x00,0x00,
  0x00,0x00,0x00,0x00,0x00,0x00,0x00,0x00,0x00,0x00,0x00,0x00,0x00,0x00,0x00,0x00,0x00,0x00,0x00,0x00,0x00,0x00,0x00,0x00,
  0x00,0x00,0x00,0x00,0x00,0x00,0x00,0x00,0x00,0x00,0x00,0x00,0x00,0x00,0x00,0x00,0x00,0x00,0x00,0x00,0x00,0x00,0x00,0x00,
  0x00,0x00,0x00,0x00,0x00,0x00,0x00,0x00,0x00,0x00,0x00,0x00,0x00,0x00,0x00,0x00,0x00,0x00,0x00,0x00,0x00,0x00,0x00,0x00,
  0x00,0x00,0x00,0x00,0x00,0x00,0x00,0x00,0x00,0x00,0x00,0x00,0x7f,0x80,0x00,0x00,0x00,0xff,0x00,0x00,0x00,0x00,0xfe,0x00,
  0x00,0x00,0x01,0xfc,0x00,0x00,0x00,0x01,0xf8,0x00,0x00,0x00,0x03,0xf0,0x00,0x00,0x00,0x03,0xe0,0x00,0x00,0x00,0x07,0xc0,
  0x00,0x00,0x00,0x00,0x00,0x00,0x00,0x00,0x00,0x00,0x00,0x00,0x00,0x00,0x00,0x00,0x00,0x00,0x00,0x00,0x00,0x00,0x0f,0xf0,
  0x01,0xfc,0x00,0x0f,0xf0,0x01,0xfc,0x00,0x0f,0xf0,0x01,0xfc,0x00,0x0f,0xf0,0x01,0xfc,0x00,0x0f,0xf0,0x01,0xfc,0x00,0x0f,
  0xf0,0x01,0xfc,0x00,0x0f,0xf0,0x01,0xfc,0x00,0x0f,0xf0,0x01,0xfc,0x00,0x0f,0xf0,0x01,0xfc,0x00,0x0f,0xf0,0x01,0xfc,0x00,
  0x0f,0xf0,0x01,0xfc,0x00,0x0f,0xf0,0x01,0xfc,0x00,0x0f,0xf0,0x01,0xfc,0x00,0x0f,0xf0,0x01,0xfc,0x00,0x0f,0xf0,0x01,0xfc,
  0x00,0x0f,0xf0,0x01,0xfc,0x00,0x0f,0xf0,0x03,0xfc,0x00,0x0f,0xf0,0x03,0xfc,0x00,0x0f,0xf0,0x03,0xfc,0x00,0x0f,0xf0,0x03,
  0xfc,0x00,0x0f,0xf0,0x03,0xfc,0x00,0x0f,0xf0,0x07,0xfc,0x00,0x0f,0xf8,0x0f,0xfc,0x00,0x07,0xfc,0x1f,0xfc,0x00,0x07,0xff,
  0xff,0xfc,0x00,0x07,0xff,0xfd,0xfc,0x00,0x03,0xff,0xfd,0xfc,0x00,0x01,0xff,0xf1,0xfc,0x00,0x00,0xff,0xe1,0xfc,0x00,0x00,
  0x3f,0x00,0x00,0x00,0x00,0x00,0x00,0x00,0x00,0x00,0x00,0x00,0x00,0x00,0x00,0x00,0x00,0x00,0x00,0x00,0x00,0x00,0x00,0x00,
  0x00,0x00,0x00,0x00,0x00,0x00,0x00,0x00,0x00,0x00,0x00,0x00,0x00,0x00,0x00,0x00,0x00,0x00,0x00,0x00,0x00,0x00,0x00,0x00,
  0x00,0x00,0x00,0x00,0x00,0x00,0x00,0x00,0x00,0x00,0x00,0x00,0x00,0x00,0x00,0x00,0x00,0x00,0x00,0x00,0x00,0x00,0x00,0x00,
  0x00,0x00,0x00,0x00,0x00,0x00,0x00,0x00,0x00,0x00,0x00,0x00,0x00,0x00,0x00,0x00,0x00,0x00,0x00,0x00,0x00,0x00,0x00,0x00,
  0x00,0x00,0x00,0x00,0x00,0x00,0x00,0x00,0x00,0x00,0x00,0x00,0x00,0x00,0x00,0x00,0x00,0x00,0x00,0x07,0xf0,0x00,0x00,0x00,
  0x0f,0xf8,0x00,0x00,0x00,0x0f,0xfc,0x00,0x00,0x00,0x1f,0xfc,0x00,0x00,0x00,0x3f,0x7e,0x00,0x00,0x00,0x7e,0x3f,0x00,0x00,
  0x00,0x7e,0x1f,0x80,0x00,0x00,0xfc,0x1f,0x80,0x00,0x00,0x00,0x00,0x00,0x00,0x00,0x00,0x00,0x00,0x00,0x00,0x00,0x00,0x00,
  0x00,0x00,0x00,0x00,0x00,0x00,0x0f,0xf0,0x01,0xfc,0x00,0x0f,0xf0,0x01,0xfc,0x00,0x0f,0xf0,0x01,0xfc,0x00,0x0f,0xf0,0x01,
  0xfc,0x00,0x0f,0xf0,0x01,0xfc,0x00,0x0f,0xf0,0x01,0xfc,0x00,0x0f,0xf0,0x01,0xfc,0x00,0x0f,0xf0,0x01,0xfc,0x00,0x0f,0xf0,
  0x01,0xfc,0x00,0x0f,0xf0,0x01,0xfc,0x00,0x0f,0xf0,0x01,0xfc,0x00,0x0f,0xf0,0x01,0xfc,0x00,0x0f,0xf0,0x01,0xfc,0x00,0x0f,
  0xf0,0x01,0xfc,0x00,0x0f,0xf0,0x01,0xfc,0x00,0x0f,0xf0,0x01,0xfc,0x00,0x0f,0xf0,0x03,0xfc,0x00,0x0f,0xf0,0x03,0xfc,0x00,
  0x0f,0xf0,0x03,0xfc,0x00,0x0f,0xf0,0x03,0xfc,0x00,0x0f,0xf0,0x03,0xfc,0x00,0x0f,0xf0,0x07,0xfc,0x00,0x0f,0xf8,0x0f,0xfc,
  0x00,0x07,0xfc,0x1f,0xfc,0x00,0x07,0xff,0xff,0xfc,0x00,0x07,0xff,0xfd,0xfc,0x00,0x03,0xff,0xfd,0xfc,0x00,0x01,0xff,0xf1,
  0xfc,0x00,0x00,0xff,0xe1,0xfc,0x00,0x00,0x3f,0x00,0x00,0x00,0x00,0x00,0x00,0x00,0x00,0x00,0x00,0x00,0x00,0x00,0x00,0x00,
  0x00,0x00,0x00,0x00,0x00,0x00,0x00,0x00,0x00,0x00,0x00,0x00,0x00,0x00,0x00,0x00,0x00,0x00,0x00,0x00,0x00,0x00,0x00,0x00,
  0x00,0x00,0x00,0x00,0x00,0x00,0x00,0x00,0x00,0x00,0x00,0x00,0x00,0x00,0x00,0x00,0x00,0x00,0x00,0x00,0x00,0x00,0x00,0x00,
  0x00,0x00,0x00,0x00,0x00,0x00,0x00,0x00,0x00,0x00,0x00,0x00,0x00,0x00,0x00,0x00,0x00,0x00,0x00,0x00,0x00,0x00,0x00,0x00,
  0x00,0x00,0x00,0x00,0x00,0x00,0x00,0x00,0x00,0x00,0x00,0x00,0x00,0x00,0x00,0x00,0x00,0x00,0x00,0x00,0x00,0x00,0x00,0x00,
  0x00,0x00,0x00,0x00,0x00,0x00,0x00,0x00,0xfc,0x1f,0xc0,0x00,0x00,0xfc,0x1f,0xc0,0x00,0x00,0xfc,0x1f,0xc0,0x00,0x00,0xfc,
  0x1f,0xc0,0x00,0x00,0xfc,0x1f,0xc0,0x00,0x00,0xfc,0x1f,0xc0,0x00,0x00,0xfc,0x1f,0xc0,0x00,0x00,0x00,0x00,0x00,0x00,0x00,
  0x00,0x00,0x00,0x00,0x00,0x00,0x00,0x00,0x00,0x00,0x00,0x00,0x00,0x00,0x0f,0xf0,0x01,0xfc,0x00,0x0f,0xf0,0x01,0xfc,0x00,
  0x0f,0xf0,0x01,0xfc,0x00,0x0f,0xf0,0x01,0xfc,0x00,0x0f,0xf0,0x01,0xfc,0x00,0x0f,0xf0,0x01,0xfc,0x00,0x0f,0xf0,0x01,0xfc,
  0x00,0x0f,0xf0,0x01,0xfc,0x00,0x0f,0xf0,0x01,0xfc,0x00,0x0f,0xf0,0x01,0xfc,0x00,0x0f,0xf0,0x01,0xfc,0x00,0x0f,0xf0,0x01,
  0xfc,0x00,0x0f,0xf0,0x01,0xfc,0x00,0x0f,0xf0,0x01,0xfc,0x00,0x0f,0xf0,0x01,0xfc,0x00,0x0f,0xf0,0x01,0xfc,0x00,0x0f,0xf0,
  0x03,0xfc,0x00,0x0f,0xf0,0x03,0xfc,0x00,0x0f,0xf0,0x03,0xfc,0x00,0x0f,0xf0,0x03,0xfc,0x00,0x0f,0xf0,0x03,0xfc,0x00,0x0f,
  0xf0,0x07,0xfc,0x00,0x0f,0xf8,0x0f,0xfc,0x00,0x07,0xfc,0x1f,0xfc,0x00,0x07,0xff,0xff,0xfc,0x00,0x07,0xff,0xfd,0xfc,0x00,
  0x03,0xff,0xfd,0xfc,0x00,0x01,0xff,0xf1,0xfc,0x00,0x00,0xff,0xe1,0xfc,0x00,0x00,0x3f,0x00,0x00,0x00,0x00,0x00,0x00,0x00,
  0x00,0x00,0x00,0x00,0x00,0x00,0x00,0x00,0x00,0x00,0x00,0x00,0x00,0x00,0x00,0x00,0x00,0x00,0x00,0x00,0x00,0x00,0x00,0x00,
  0x00,0x00,0x00,0x00,0x00,0x00,0x00,0x00,0x00,0x00,0x00,0x00,0x00,0x00,0x00,0x00,0x00,0x00,0x00,0x00,0x00,0x00,0x00,0x00,
  0x00,0x00,0x00,0x00,0x00,0x00,0x00,0x00,0x00,0x00,0x00,0x00,0x00,0x00,0x00,0x00,0x00,0x00,0x00,0x00,0x00,0x00,0x00,0x00,
  0x00,0x00,0x00,0x00,0x00,0x00,0x00,0x00,0x00,0x00,0x00,0x00,0x00,0x00,0x00,0x00,0x00,0x00,0x00,0x00,0x00,0x00,0x00,0x00,
  0x00,0x01,0xfe,0x00,0x00,0x03,0xfc,0x00,0x00,0x03,0xf8,0x00,0x00,0x07,0xf0,0x00,0x00,0x07,0xe0,0x00,0x00,0x0f,0xc0,0x00,
  0x00,0x0f,0x80,0x00,0x00,0x1f,0x00,0x00,0x00,0x00,0x00,0x00,0x00,0x00,0x00,0x00,0x00,0x00,0x00,0x00,0x00,0x00,0x00,0x00,
  0xff,0x00,0x03,0xfc,0x7f,0x80,0x03,0xfc,0x7f,0x80,0x03,0xf8,0x3f,0x80,0x07,0xf8,0x3f,0xc0,0x07,0xf8,0x3f,0xc0,0x07,0xf0,
  0x1f,0xc0,0x0f,0xf0,0x1f,0xe0,0x0f,0xf0,0x1f,0xe0,0x0f,0xe0,0x0f,0xf0,0x1f,0xe0,0x0f,0xf0,0x1f,0xc0,0x07,0xf0,0x1f,0xc0,
  0x07,0xf8,0x3f,0xc0,0x07,0xf8,0x3f,0x80,0x03,0xf8,0x3f,0x80,0x03,0xfc,0x7f,0x80,0x01,0xfc,0x7f,0x00,0x01,0xfc,0x7f,0x00,
  0x01,0xfe,0xfe,0x00,0x00,0xfe,0xfe,0x00,0x00,0xff,0xfe,0x00,0x00,0x7f,0xfc,0x00,0x00,0x7f,0xfc,0x00,0x00,0x7f,0xfc,0x00,
  0x00,0x3f,0xf8,0x00,0x00,0x3f,0xf8,0x00,0x00,0x3f,0xf0,0x00,0x00,0x1f,0xf0,0x00,0x00,0x1f,0xf0,0x00,0x00,0x1f,0xe0,0x00,
  0x00,0x1f,0xe0,0x00,0x00,0x1f,0xe0,0x00,0x00,0x3f,0xc0,0x00,0x00,0x7f,0xc0,0x00,0x00,0xff,0x80,0x00,0x1f,0xff,0x80,0x00,
  0x1f,0xff,0x00,0x00,0x1f,0xff,0x00,0x00,0x1f,0xfe,0x00,0x00,0x1f,0xf8,0x00,0x00,0x1f,0xe0,0x00,0x00,0x00,0x00,0x00,0x00,
  0x00,0x00,0x00,0x00,0x00,0x00,0x00,0x00,0x00,0x00,0x00,0x00,0x00,0x00,0x00,0x00,0x00,0x00,0x00,0x00,0x00,0x00,0x00,0x00,
  0x00,0x00,0x00,0x00,0x00,0x00,0x00,0x00,0x00,0x00,0x00,0x00,0x00,0x00,0x00,0x00,0x00,0x00,0x00,0x00,0x00,0x00,0x00,0x00,
  0x00,0x00,0x00,0x00,0x00,0x00,0x00,0x0f,0xe0,0x00,0x00,0x00,0x0f,0xe0,0x00,0x00,0x00,0x0f,0xe0,0x00,0x00,0x00,0x0f,0xe0,
  0x00,0x00,0x00,0x0f,0xe0,0x00,0x00,0x00,0x0f,0xe0,0x00,0x00,0x00,0x0f,0xe0,0x00,0x00,0x00,0x0f,0xe0,0x00,0x00,0x00,0x0f,
  0xe0,0x00,0x00,0x00,0x0f,0xe0,0x00,0x00,0x00,0x0f,0xe0,0x7e,0x00,0x00,0x0f,0xe1,0xff,0xc0,0x00,0x0f,0xe7,0xff,0xe0,0x00,
  0x0f,0xef,0xff,0xf0,0x00,0x0f,0xff,0xff,0xf8,0x00,0x0f,0xff,0xff,0xfc,0x00,0x0f,0xfe,0x07,0xfc,0x00,0x0f,0xfc,0x03,0xfe,
  0x00,0x0f,0xf8,0x01,0xfe,0x00,0x0f,0xf0,0x01,0xfe,0x00,0x0f,0xf0,0x00,0xff,0x00,0x0f,0xf0,0x00,0xff,0x00,0x0f,0xe0,0x00,
  0xff,0x00,0x0f,0xe0,0x00,0xff,0x00,0x0f,0xe0,0x00,0x7f,0x00,0x0f,0xe0,0x00,0x7f,0x00,0x0f,0xe0,0x00,0x7f,0x00,0x0f,0xe0,
  0x00,0xff,0x00,0x0f,0xf0,0x00,0xff,0x00,0x0f,0xf0,0x00,0xff,0x00,0x0f,0xf0,0x00,0xff,0x00,0x0f,0xf8,0x01,0xfe,0x00,0x0f,
  0xf8,0x01,0xfe,0x00,0x0f,0xfc,0x03,0xfe,0x00,0x0f,0xff,0x07,0xfc,0x00,0x0f,0xff,0xff,0xfc,0x00,0x0f,0xff,0xff,0xf8,0x00,
  0x0f,0xef,0xff,0xf0,0x00,0x0f,0xe7,0xff,0xe0,0x00,0x0f,0xe1,0xff,0x80,0x00,0x0f,0xe0,0x7e,0x00,0x00,0x0f,0xe0,0x00,0x00,
  0x00,0x0f,0xe0,0x00,0x00,0x00,0x0f,0xe0,0x00,0x00,0x00,0x0f,0xe0,0x00,0x00,0x00,0x0f,0xe0,0x00,0x00,0x00,0x0f,0xe0,0x00,
  0x00,0x00,0x0f,0xe0,0x00,0x00,0x00,0x0f,0xe0,0x00,0x00,0x00,0x0f,0xe0,0x00,0x00,0x00,0x0f,0xe0,0x00,0x00,0x00,0x00,0x00,
  0x00,0x00,0x00,0x00,0x00,0x00,0x00,0x00,0x00,0x00,0x00,0x00,0x00,0x00,0x00,0x00,0x00,0x00,0x00,0x00,0x00,0x00,0x00,0x00,
  0x00,0x00,0x00,0x00,0x00,0x00,0x00,0x00,0x00,0x00,0x00,0x00,0x00,0x00,0x00,0x00,0x00,0x00,0x00,0x00,0x00,0x00,0x00,0x00,
  0x00,0x00,0x00,0x00,0x01,0xf8,0x3f,0x80,0x01,0xf8,0x3f,0x80,0x01,0xf8,0x3f,0x80,0x01,0xf8,0x3f,0x80,0x01,0xf8,0x3f,0x80,
  0x01,0xf8,0x3f,0x80,0x01,0xf8,0x3f,0x80,0x00,0x00,0x00,0x00,0x00,0x00,0x00,0x00,0x00,0x00,0x00,0x00,0x00,0x00,0x00,0x00,
  0xff,0x00,0x03,0xfc,0x7f,0x80,0x03,0xfc,0x7f,0x80,0x03,0xf8,0x3f,0x80,0x07,0xf8,0x3f,0xc0,0x07,0xf8,0x3f,0xc0,0x07,0xf0,
  0x1f,0xc0,0x0f,0xf0,0x1f,0xe0,0x0f,0xf0,0x1f,0xe0,0x0f,0xe0,0x0f,0xf0,0x1f,0xe0,0x0f,0xf0,0x1f,0xc0,0x07,0xf0,0x1f,0xc0,
  0x07,0xf8,0x3f,0xc0,0x07,0xf8,0x3f,0x80,0x03,0xf8,0x3f,0x80,0x03,0xfc,0x7f,0x80,0x01,0xfc,0x7f,0x00,0x01,0xfc,0x7f,0x00,
  0x01,0xfe,0xfe,0x00,0x00,0xfe,0xfe,0x00,0x00,0xff,0xfe,0x00,0x00,0x7f,0xfc,0x00,0x00,0x7f,0xfc,0x00,0x00,0x7f,0xfc,0x00,
  0x00,0x3f,0xf8,0x00,0x00,0x3f,0xf8,0x00,0x00,0x3f,0xf0,0x00,0x00,0x1f,0xf0,0x00,0x00,0x1f,0xf0,0x00,0x00,0x1f,0xe0,0x00,
  0x00,0x1f,0xe0,0x00,0x00,0x1f,0xe0,0x00,0x00,0x3f,0xc0,0x00,0x00,0x7f,0xc0,0x00,0x00,0xff,0x80,0x00,0x1f,0xff,0x80,0x00,
  0x1f,0xff,0x00,0x00,0x1f,0xff,0x00,0x00,0x1f,0xfe,0x00,0x00,0x1f,0xf8,0x00,0x00,0x1f,0xe0,0x00,0x00,0x00,0x00,0x00,0x00,
};
static const NextionGlyph nextion_font1_glyphs[224] PROGMEM = {
  {0,16,16,0,0},  // 32 
  {128,19,19,0,0},  // 33 '!'
  {320,27,27,0,0},  // 34 '"'
  {576,32,32,0,0},  // 35 '#'
  {832,32,32,0,0},  // 36 '$'
  {1088,51,51,0,0},  // 37 '%'
  {1536,41,41,0,0},  // 38 '&'
  {1920,14,14,0,0},  // 39 "'"
  {2048,19,19,0,0},  // 40 '('
  {2240,19,19,0,0},  // 41 ')'
  {2432,22,22,0,0},  // 42 '*'
  {2624,33,33,0,0},  // 43 '+'
  {2944,16,16,0,0},  // 44 ','
  {3072,19,19,0,0},  // 45 '-'
  {3264,16,16,0,0},  // 46 '.'
  {3392,16,16,0,0},  // 47 '/'
  {3520,32,32,0,0},  // 48 '0'
  {3776,32,32,0,0},  // 49 '1'
  {4032,32,32,0,0},  // 50 '2'
  {4288,32,32,0,0},  // 51 '3'
  {4544,32,32,0,0},  // 52 '4'
  {4800,32,32,0,0},  // 53 '5'
  {5056,32,32,0,0},  // 54 '6'
  {5312,32,32,0,0},  // 55 '7'
  {5568,32,32,0,0},  // 56 '8'
  {5824,32,32,0,0},  // 57 '9'
  {6080,19,19,0,0},  // 58 ':'
  {6272,19,19,0,0},  // 59 ';'
  {6464,33,33,0,0},  // 60 '<'
  {6784,33,33,0,0},  // 61 '='
  {7104,33,33,0,0},  // 62 '>'
  {7424,35,35,0,0},  // 63 '?'
  {7744,55,55,0,0},  // 64 '@'
  {8192,41,41,0,0},  // 65 'A'
  {8576,41,41,0,0},  // 66 'B'
  {8960,41,41,0,0},  // 67 'C'
  {9344,41,41,0,0},  // 68 'D'
  {9728,38,38,0,0},  // 69 'E'
  {10048,35,35,0,0},  // 70 'F'
  {10368,44,44,0,0},  // 71 'G'
  {10752,41,41,0,0},  // 72 'H'
  {11136,16,16,0,0},  // 73 'I'
  {11264,32,32,0,0},  // 74 'J'
  {11520,41,41,0,0},  // 75 'K'
  {11904,35,35,0,0},  // 76 'L'
  {12224,47,47,0,0},  // 77 'M'
  {12608,41,41,0,0},  // 78 'N'
  {12992,44,44,0,0},  // 79 'O'
  {13376,38,38,0,0},  // 80 'P'
  {13696,44,44,0,0},  // 81 'Q'
  {14080,41,41,0,0},  // 82 'R'
  {14464,38,38,0,0},  // 83 'S'
  {14784,35,35,0,0},  // 84 'T'
  {15104,41,41,0,0},  // 85 'U'
  {15488,38,38,0,0},  // 86 'V'
  {15808,54,54,0,0},  // 87 'W'
  {16256,38,38,0,0},  // 88 'X'
  {16576,38,38,0,0},  // 89 'Y'
  {16896,35,35,0,0},  // 90 'Z'
  {17216,19,19,0,0},  // 91 '['
  {17408,16,16,0,0},  // 92 '\\'
  {17536,19,19,0,0},  // 93 ']'
  {17728,33,33,0,0},  // 94 '^'
  {18048,32,33,1,0},  // 95 '_'
  {18368,19,19,0,0},  // 96 '`'
  {18560,32,32,0,0},  // 97 'a'
  {18816,35,35,0,0},  // 98 'b'
  {19136,32,32,0,0},  // 99 'c'
  {19392,35,35,0,0},  // 100 'd'
  {19712,32,32,0,0},  // 101 'e'
  {19968,19,21,0,2},  // 102 'f'
  {20160,35,35,0,0},  // 103 'g'
  {20480,35,35,0,0},  // 104 'h'
  {20800,16,16,0,0},  // 105 'i'
  {20928,16,19,3,0},  // 106 'j'
  {21120,32,32,0,0},  // 107 'k'
  {21376,16,16,0,0},  // 108 'l'
  {21504,51,51,0,0},  // 109 'm'
  {21952,35,35,0,0},  // 110 'n'
  {22272,35,35,0,0},  // 111 'o'
  {22592,35,35,0,0},  // 112 'p'
  {22912,35,35,0,0},  // 113 'q'
  {23232,22,23,0,1},  // 114 'r'
  {23424,32,32,0,0},  // 115 's'
  {23680,19,19,0,0},  // 116 't'
  {23872,35,35,0,0},  // 117 'u'
  {24192,32,32,0,0},  // 118 'v'
  {24448,44,44,0,0},  // 119 'w'
  {24832,32,32,0,0},  // 120 'x'
  {25088,32,32,0,0},  // 121 'y'
  {25344,29,29,0,0},  // 122 'z'
  {25600,22,22,0,0},  // 123 '{'
  {25792,16,16,0,0},  // 124 '|'
  {25920,22,22,0,0},  // 125 '}'
  {26112,33,33,0,0},  // 126 '~'
  {26432,32,32,0,0},  // 127 
  {26688,43,43,0,0},  // 128 
  {27072,43,43,0,0},  // 129 
  {27456,43,43,0,0},  // 130 
  {27840,43,43,0,0},  // 131 
  {28224,16,37,0,21},  // 132 
  {28544,1,1,0,0},  // 133 
  {28608,43,43,0,0},  // 134 
  {28992,43,43,0,0},  // 135 
  {29376,43,43,0,0},  // 136 
  {29760,43,43,0,0},  // 137 
  {30144,43,43,0,0},  // 138 
  {30528,43,43,0,0},  // 139 
  {30912,43,43,0,0},  // 140 
  {31296,43,43,0,0},  // 141 
  {31680,43,43,0,0},  // 142 
  {32064,43,43,0,0},  // 143 
  {32448,43,43,0,0},  // 144 
  {32832,43,43,0,0},  // 145 
  {33216,43,43,0,0},  // 146 
  {33600,43,43,0,0},  // 147 
  {33984,43,43,0,0},  // 148 
  {34368,43,43,0,0},  // 149 
  {34752,43,43,0,0},  // 150 
  {35136,43,43,0,0},  // 151 
  {35520,43,43,0,0},  // 152 
  {35904,43,43,0,0},  // 153 
  {36288,43,43,0,0},  // 154 
  {36672,43,43,0,0},  // 155 
  {37056,43,43,0,0},  // 156 
  {37440,43,43,0,0},  // 157 
  {37824,43,43,0,0},  // 158 
  {38208,43,43,0,0},  // 159 
  {38592,16,16,0,0},  // 160 
  {38720,19,19,0,0},  // 161 
  {38912,32,32,0,0},  // 162 
  {39168,32,32,0,0},  // 163 
  {39424,32,32,0,0},  // 164 
  {39680,32,32,0,0},  // 165 
  {39936,16,16,0,0},  // 166 
  {40064,32,32,0,0},  // 167 
  {40320,19,19,0,0},  // 168 
  {40512,42,43,1,0},  // 169 
  {40896,21,21,0,0},  // 170 
  {41088,32,32,0,0},  // 171 
  {41344,33,33,0,0},  // 172 
  {41664,1,1,0,0},  // 173 
  {41728,42,43,1,0},  // 174 
  {42112,32,33,1,0},  // 175 
  {42432,23,23,0,0},  // 176 
  {42624,31,31,0,0},  // 177 
  {42880,19,19,0,0},  // 178 
  {43072,19,19,0,0},  // 179 
  {43264,19,19,0,0},  // 180 
  {43456,33,33,0,0},  // 181 
  {43776,32,32,0,0},  // 182 
  {44032,19,19,0,0},  // 183 
  {44224,19,19,0,0},  // 184 
  {44416,19,19,0,0},  // 185 
  {44608,21,21,0,0},  // 186 
  {44800,32,32,0,0},  // 187 
  {45056,48,48,0,0},  // 188 
  {45440,48,48,0,0},  // 189 
  {45824,48,48,0,0},  // 190 
  {46208,35,35,0,0},  // 191 
  {46528,41,41,0,0},  // 192 
  {46912,41,41,0,0},  // 193 
  {47296,41,41,0,0},  // 194 
  {47680,41,41,0,0},  // 195 
  {48064,41,41,0,0},  // 196 
  {48448,41,41,0,0},  // 197 
  {48832,57,60,3,0},  // 198 
  {49344,41,41,0,0},  // 199 
  {49728,38,38,0,0},  // 200 
  {50048,38,38,0,0},  // 201 
  {50368,38,38,0,0},  // 202 
  {50688,38,38,0,0},  // 203 
  {51008,16,16,0,0},  // 204 
  {51136,16,16,0,0},  // 205 
  {51264,16,19,2,1},  // 206 
  {51456,16,19,2,1},  // 207 
  {51648,41,41,0,0},  // 208 
  {52032,41,41,0,0},  // 209 
  {52416,44,44,0,0},  // 210 
  {52800,44,44,0,0},  // 211 
  {53184,44,44,0,0},  // 212 
  {53568,44,44,0,0},  // 213 
  {53952,44,44,0,0},  // 214 
  {54336,33,33,0,0},  // 215 
  {54656,44,44,0,0},  // 216 
  {55040,41,41,0,0},  // 217 
  {55424,41,41,0,0},  // 218 
  {55808,41,41,0,0},  // 219 
  {56192,41,41,0,0},  // 220 
  {56576,38,38,0,0},  // 221 
  {56896,38,38,0,0},  // 222 
  {57216,35,35,0,0},  // 223 
  {57536,32,32,0,0},  // 224 
  {57792,32,32,0,0},  // 225 
  {58048,32,32,0,0},  // 226 
  {58304,32,32,0,0},  // 227 
  {58560,32,32,0,0},  // 228 
  {58816,32,32,0,0},  // 229 
  {59072,51,51,0,0},  // 230 
  {59520,32,32,0,0},  // 231 
  {59776,32,32,0,0},  // 232 
  {60032,32,32,0,0},  // 233 
  {60288,32,32,0,0},  // 234 
  {60544,32,32,0,0},  // 235 
  {60800,16,17,1,0},  // 236 
  {60992,16,16,0,0},  // 237 
  {61120,16,19,2,1},  // 238 
  {61312,16,19,2,1},  // 239 
  {61504,35,35,0,0},  // 240 
  {61824,35,35,0,0},  // 241 
  {62144,35,35,0,0},  // 242 
  {62464,35,35,0,0},  // 243 
  {62784,35,35,0,0},  // 244 
  {63104,35,35,0,0},  // 245 
  {63424,35,35,0,0},  // 246 
  {63744,31,31,0,0},  // 247 
  {64000,35,35,0,0},  // 248 
  {64320,35,35,0,0},  // 249 
  {64640,35,35,0,0},  // 250 
  {64960,35,35,0,0},  // 251 
  {65280,35,35,0,0},  // 252 
  {65600,32,32,0,0},  // 253 
  {65856,35,35,0,0},  // 254 
  {66176,32,32,0,0},  // 255 
};
static const NextionFont nextion_font1 = {64, 32, 255, 224, nextion_font1_glyphs, nextion_font1_bits, 66432};

// font 2: Arial24iso-8859-1  h=24  chars 32..255  (10776 bytes)
static const uint8_t nextion_font2_bits[10776] PROGMEM = {
  0x00,0x00,0x00,0x00,0x00,0x00,0x00,0x00,0x00,0x00,0x00,0x00,0x00,0x00,0x00,0x00,0x00,0x00,0x00,0x00,0x00,0x00,0x00,0x00,
  0x00,0x00,0x00,0x00,0x30,0x30,0x30,0x30,0x30,0x30,0x30,0x30,0x30,0x30,0x30,0x00,0x00,0x30,0x30,0x00,0x00,0x00,0x00,0x00,
  0x00,0x00,0x00,0x00,0x64,0x64,0x64,0x44,0x44,0x00,0x00,0x00,0x00,0x00,0x00,0x00,0x00,0x00,0x00,0x00,0x00,0x00,0x00,0x00,
  0x00,0x00,0x00,0x00,0x00,0x00,0x00,0x00,0x08,0x40,0x08,0x40,0x08,0x40,0x18,0xc0,0xff,0xe0,0xff,0xe0,0x10,0x80,0x11,0x80,
  0x31,0x80,0xff,0xe0,0xff,0xe0,0x21,0x00,0x23,0x00,0x63,0x00,0x42,0x00,0x00,0x00,0x00,0x00,0x00,0x00,0x00,0x00,0x00,0x00,
  0x00,0x00,0x00,0x00,0x00,0x00,0x04,0x00,0x1f,0x00,0x3f,0x80,0x74,0xc0,0x64,0x40,0x64,0x00,0x34,0x00,0x1e,0x00,0x07,0x80,
  0x06,0xc0,0x04,0x60,0x04,0x60,0x64,0x60,0x74,0xc0,0x3f,0xc0,0x1f,0x00,0x04,0x00,0x04,0x00,0x00,0x00,0x00,0x00,0x00,0x00,
  0x00,0x00,0x00,0x00,0x00,0x00,0x00,0x00,0x00,0x00,0x00,0x00,0x1c,0x0c,0x00,0x36,0x08,0x00,0x63,0x18,0x00,0x63,0x10,0x00,
  0x63,0x30,0x00,0x63,0x20,0x00,0x36,0x60,0x00,0x1c,0x4f,0x00,0x00,0xd9,0x80,0x00,0x98,0x80,0x01,0x10,0x80,0x03,0x10,0x80,
  0x02,0x18,0x80,0x06,0x19,0x80,0x04,0x0f,0x00,0x00,0x00,0x00,0x00,0x00,0x00,0x00,0x00,0x00,0x00,0x00,0x00,0x00,0x00,0x00,
  0x00,0x00,0x00,0x00,0x00,0x00,0x00,0x00,0x07,0x00,0x0f,0x80,0x18,0xc0,0x18,0xc0,0x18,0xc0,0x0f,0x80,0x0e,0x00,0x1f,0x00,
  0x33,0x90,0x61,0xb0,0x60,0xf0,0x60,0x60,0x70,0xf0,0x3f,0xf8,0x0f,0x08,0x00,0x00,0x00,0x00,0x00,0x00,0x00,0x00,0x00,0x00,
  0x00,0x00,0x00,0x00,0x60,0x60,0x60,0x60,0x60,0x00,0x00,0x00,0x00,0x00,0x00,0x00,0x00,0x00,0x00,0x00,0x00,0x00,0x00,0x00,
  0x00,0x00,0x00,0x00,0x04,0x08,0x18,0x10,0x30,0x30,0x20,0x20,0x60,0x60,0x60,0x20,0x20,0x30,0x30,0x10,0x18,0x08,0x04,0x00,
  0x00,0x00,0x00,0x00,0x20,0x30,0x10,0x18,0x08,0x0c,0x0c,0x0c,0x0c,0x0c,0x0c,0x0c,0x0c,0x0c,0x08,0x18,0x10,0x30,0x20,0x00,
  0x00,0x00,0x00,0x00,0x00,0x00,0x00,0x00,0x08,0x00,0x08,0x00,0x7f,0x00,0x1c,0x00,0x34,0x00,0x24,0x00,0x00,0x00,0x00,0x00,
  0x00,0x00,0x00,0x00,0x00,0x00,0x00,0x00,0x00,0x00,0x00,0x00,0x00,0x00,0x00,0x00,0x00,0x00,0x00,0x00,0x00,0x00,0x00,0x00,
  0x00,0x00,0x00,0x00,0x00,0x00,0x00,0x00,0x00,0x00,0x00,0x00,0x00,0x00,0x06,0x00,0x06,0x00,0x06,0x00,0x06,0x00,0x7f,0xe0,
  0x7f,0xe0,0x06,0x00,0x06,0x00,0x06,0x00,0x06,0x00,0x00,0x00,0x00,0x00,0x00,0x00,0x00,0x00,0x00,0x00,0x00,0x00,0x00,0x00,
  0x00,0x00,0x00,0x00,0x00,0x00,0x00,0x00,0x00,0x00,0x00,0x00,0x00,0x00,0x00,0x00,0x00,0x30,0x30,0x10,0x10,0x20,0x00,0x00,
  0x00,0x00,0x00,0x00,0x00,0x00,0x00,0x00,0x00,0x00,0x00,0x00,0xfe,0xfe,0x00,0x00,0x00,0x00,0x00,0x00,0x00,0x00,0x00,0x00,
  0x00,0x00,0x00,0x00,0x00,0x00,0x00,0x00,0x00,0x00,0x00,0x00,0x00,0x00,0x00,0x00,0x00,0x70,0x70,0x00,0x00,0x00,0x00,0x00,
  0x00,0x00,0x00,0x00,0x0c,0x08,0x08,0x18,0x10,0x10,0x10,0x30,0x20,0x20,0x60,0x40,0x40,0x40,0xc0,0x00,0x00,0x00,0x00,0x00,
  0x00,0x00,0x00,0x00,0x00,0x00,0x00,0x00,0x0f,0x00,0x1f,0x80,0x31,0xc0,0x20,0xc0,0x60,0x40,0x60,0x60,0x60,0x60,0x60,0x60,
  0x60,0x60,0x60,0x60,0x60,0x40,0x20,0xc0,0x31,0xc0,0x1f,0x80,0x0f,0x00,0x00,0x00,0x00,0x00,0x00,0x00,0x00,0x00,0x00,0x00,
  0x00,0x00,0x00,0x00,0x00,0x00,0x00,0x00,0x03,0x00,0x03,0x00,0x0f,0x00,0x1f,0x00,0x33,0x00,0x03,0x00,0x03,0x00,0x03,0x00,
  0x03,0x00,0x03,0x00,0x03,0x00,0x03,0x00,0x03,0x00,0x03,0x00,0x03,0x00,0x00,0x00,0x00,0x00,0x00,0x00,0x00,0x00,0x00,0x00,
  0x00,0x00,0x00,0x00,0x00,0x00,0x00,0x00,0x1f,0x00,0x3f,0x80,0x70,0xc0,0x60,0xc0,0x00,0x40,0x00,0xc0,0x00,0xc0,0x01,0x80,
  0x03,0x00,0x0e,0x00,0x1c,0x00,0x38,0x00,0x20,0x00,0x7f,0xc0,0x7f,0xc0,0x00,0x00,0x00,0x00,0x00,0x00,0x00,0x00,0x00,0x00,
  0x00,0x00,0x00,0x00,0x00,0x00,0x00,0x00,0x0f,0x00,0x3f,0x80,0x31,0xc0,0x60,0xc0,0x00,0xc0,0x01,0x80,0x07,0x00,0x07,0x80,
  0x00,0xc0,0x00,0x60,0x00,0x60,0x60,0x60,0x70,0xc0,0x3f,0x80,0x0f,0x00,0x00,0x00,0x00,0x00,0x00,0x00,0x00,0x00,0x00,0x00,
  0x00,0x00,0x00,0x00,0x00,0x00,0x00,0x00,0x01,0x80,0x03,0x80,0x03,0x80,0x05,0x80,0x0d,0x80,0x19,0x80,0x11,0x80,0x21,0x80,
  0x61,0x80,0x7f,0xe0,0x7f,0xe0,0x01,0x80,0x01,0x80,0x01,0x80,0x01,0x80,0x00,0x00,0x00,0x00,0x00,0x00,0x00,0x00,0x00,0x00,
  0x00,0x00,0x00,0x00,0x00,0x00,0x00,0x00,0x1f,0xc0,0x1f,0xc0,0x30,0x00,0x30,0x00,0x30,0x00,0x2f,0x00,0x3f,0xc0,0x70,0xc0,
  0x00,0x60,0x00,0x60,0x00,0x60,0x60,0x40,0x70,0xc0,0x3f,0x80,0x1f,0x00,0x00,0x00,0x00,0x00,0x00,0x00,0x00,0x00,0x00,0x00,
  0x00,0x00,0x00,0x00,0x00,0x00,0x00,0x00,0x0f,0x00,0x3f,0x80,0x30,0xc0,0x60,0x40,0x60,0x00,0x4f,0x00,0x7f,0x80,0x70,0xc0,
  0x60,0x60,0x60,0x60,0x60,0x60,0x60,0x40,0x30,0xc0,0x3f,0x80,0x0f,0x00,0x00,0x00,0x00,0x00,0x00,0x00,0x00,0x00,0x00,0x00,
  0x00,0x00,0x00,0x00,0x00,0x00,0x00,0x00,0x7f,0xe0,0x7f,0xe0,0x00,0xc0,0x01,0x80,0x01,0x80,0x03,0x00,0x03,0x00,0x06,0x00,
  0x06,0x00,0x0c,0x00,0x0c,0x00,0x0c,0x00,0x08,0x00,0x08,0x00,0x18,0x00,0x00,0x00,0x00,0x00,0x00,0x00,0x00,0x00,0x00,0x00,
  0x00,0x00,0x00,0x00,0x00,0x00,0x00,0x00,0x0f,0x00,0x3f,0x80,0x30,0xc0,0x20,0xc0,0x20,0xc0,0x30,0xc0,0x1f,0x80,0x1f,0x80,
  0x30,0xc0,0x60,0x40,0x60,0x60,0x60,0x60,0x70,0xc0,0x3f,0xc0,0x0f,0x00,0x00,0x00,0x00,0x00,0x00,0x00,0x00,0x00,0x00,0x00,
  0x00,0x00,0x00,0x00,0x00,0x00,0x00,0x00,0x0f,0x00,0x3f,0x80,0x30,0xc0,0x60,0x40,0x60,0x40,0x60,0x60,0x60,0x60,0x30,0xe0,
  0x3f,0x60,0x1e,0x60,0x00,0x40,0x60,0xc0,0x31,0xc0,0x3f,0x80,0x1f,0x00,0x00,0x00,0x00,0x00,0x00,0x00,0x00,0x00,0x00,0x00,
  0x00,0x00,0x00,0x00,0x00,0x00,0x00,0x00,0x70,0x70,0x00,0x00,0x00,0x00,0x00,0x00,0x00,0x70,0x70,0x00,0x00,0x00,0x00,0x00,
  0x00,0x00,0x00,0x00,0x00,0x00,0x00,0x00,0x30,0x30,0x00,0x00,0x00,0x00,0x00,0x00,0x00,0x30,0x30,0x10,0x10,0x20,0x00,0x00,
  0x00,0x00,0x00,0x00,0x00,0x00,0x00,0x00,0x00,0x00,0x00,0x00,0x00,0x20,0x00,0xe0,0x03,0xc0,0x0e,0x00,0x38,0x00,0x70,0x00,
  0x38,0x00,0x0e,0x00,0x03,0xc0,0x00,0xe0,0x00,0x20,0x00,0x00,0x00,0x00,0x00,0x00,0x00,0x00,0x00,0x00,0x00,0x00,0x00,0x00,
  0x00,0x00,0x00,0x00,0x00,0x00,0x00,0x00,0x00,0x00,0x00,0x00,0x00,0x00,0x00,0x00,0x7f,0xe0,0x7f,0xe0,0x00,0x00,0x00,0x00,
  0x00,0x00,0x7f,0xe0,0x7f,0xe0,0x00,0x00,0x00,0x00,0x00,0x00,0x00,0x00,0x00,0x00,0x00,0x00,0x00,0x00,0x00,0x00,0x00,0x00,
  0x00,0x00,0x00,0x00,0x00,0x00,0x00,0x00,0x00,0x00,0x00,0x00,0x40,0x00,0x70,0x00,0x3c,0x00,0x07,0x00,0x01,0xc0,0x00,0x60,
  0x01,0xc0,0x07,0x00,0x3c,0x00,0x70,0x00,0x40,0x00,0x00,0x00,0x00,0x00,0x00,0x00,0x00,0x00,0x00,0x00,0x00,0x00,0x00,0x00,
  0x00,0x00,0x00,0x00,0x00,0x00,0x00,0x00,0x0f,0x00,0x3f,0xc0,0x70,0xc0,0x60,0x60,0x00,0x60,0x00,0xc0,0x01,0x80,0x03,0x00,
  0x06,0x00,0x06,0x00,0x06,0x00,0x00,0x00,0x00,0x00,0x06,0x00,0x06,0x00,0x00,0x00,0x00,0x00,0x00,0x00,0x00,0x00,0x00,0x00,
  0x00,0x00,0x00,0x00,0x00,0x00,0x00,0x00,0x00,0x00,0x00,0x00,0x00,0xfc,0x00,0x03,0xff,0x80,0x0f,0x01,0xc0,0x0c,0x00,0xe0,
  0x18,0x72,0x60,0x31,0xfe,0x30,0x23,0x8e,0x30,0x23,0x06,0x10,0x66,0x06,0x10,0x66,0x04,0x30,0x66,0x0c,0x20,0x66,0x0c,0x60,
  0x23,0x1c,0xc0,0x33,0xff,0x80,0x31,0xc7,0x30,0x18,0x00,0x70,0x0e,0x01,0xe0,0x07,0xff,0x80,0x00,0xfe,0x00,0x00,0x00,0x00,
  0x00,0x00,0x00,0x00,0x00,0x00,0x00,0x00,0x03,0x00,0x07,0x00,0x07,0x80,0x0d,0x80,0x0c,0x80,0x08,0xc0,0x18,0xc0,0x18,0x60,
  0x3f,0xe0,0x3f,0xf0,0x30,0x30,0x60,0x30,0x60,0x18,0x40,0x18,0xc0,0x0c,0x00,0x00,0x00,0x00,0x00,0x00,0x00,0x00,0x00,0x00,
  0x00,0x00,0x00,0x00,0x00,0x00,0x00,0x00,0x3f,0xc0,0x3f,0xe0,0x20,0x30,0x20,0x10,0x20,0x10,0x20,0x30,0x3f,0xe0,0x3f,0xe0,
  0x20,0x30,0x20,0x18,0x20,0x18,0x20,0x18,0x20,0x38,0x3f,0xf0,0x3f,0xc0,0x00,0x00,0x00,0x00,0x00,0x00,0x00,0x00,0x00,0x00,
  0x00,0x00,0x00,0x00,0x00,0x00,0x00,0x00,0x07,0xc0,0x0f,0xf0,0x18,0x38,0x30,0x18,0x20,0x08,0x60,0x00,0x60,0x00,0x60,0x00,
  0x60,0x00,0x60,0x00,0x20,0x0c,0x30,0x1c,0x18,0x38,0x1f,0xf0,0x07,0xc0,0x00,0x00,0x00,0x00,0x00,0x00,0x00,0x00,0x00,0x00,
  0x00,0x00,0x00,0x00,0x00,0x00,0x00,0x00,0x3f,0xc0,0x3f,0xf0,0x20,0x38,0x20,0x18,0x20,0x0c,0x20,0x0c,0x20,0x0c,0x20,0x0c,
  0x20,0x0c,0x20,0x0c,0x20,0x0c,0x20,0x18,0x20,0x38,0x3f,0xf0,0x3f,0xc0,0x00,0x00,0x00,0x00,0x00,0x00,0x00,0x00,0x00,0x00,
  0x00,0x00,0x00,0x00,0x00,0x00,0x00,0x00,0x3f,0xf0,0x3f,0xf0,0x20,0x00,0x20,0x00,0x20,0x00,0x20,0x00,0x3f,0xf0,0x3f,0xf0,
  0x20,0x00,0x20,0x00,0x20,0x00,0x20,0x00,0x20,0x00,0x3f,0xf8,0x3f,0xf8,0x00,0x00,0x00,0x00,0x00,0x00,0x00,0x00,0x00,0x00,
  0x00,0x00,0x00,0x00,0x00,0x00,0x00,0x00,0x3f,0xf0,0x3f,0xf0,0x20,0x00,0x20,0x00,0x20,0x00,0x20,0x00,0x3f,0xc0,0x3f,0xc0,
  0x20,0x00,0x20,0x00,0x20,0x00,0x20,0x00,0x20,0x00,0x20,0x00,0x20,0x00,0x00,0x00,0x00,0x00,0x00,0x00,0x00,0x00,0x00,0x00,
  0x00,0x00,0x00,0x00,0x00,0x00,0x00,0x00,0x00,0x00,0x00,0x00,0x03,0xe0,0x00,0x0f,0xf8,0x00,0x1c,0x1c,0x00,0x30,0x0c,0x00,
  0x30,0x04,0x00,0x60,0x00,0x00,0x60,0x00,0x00,0x60,0x7e,0x00,0x60,0x7e,0x00,0x60,0x06,0x00,0x20,0x06,0x00,0x30,0x06,0x00,
  0x1c,0x1e,0x00,0x0f,0xfc,0x00,0x03,0xe0,0x00,0x00,0x00,0x00,0x00,0x00,0x00,0x00,0x00,0x00,0x00,0x00,0x00,0x00,0x00,0x00,
  0x00,0x00,0x00,0x00,0x00,0x00,0x00,0x00,0x20,0x08,0x20,0x08,0x20,0x08,0x20,0x08,0x20,0x08,0x20,0x08,0x3f,0xf8,0x3f,0xf8,
  0x20,0x08,0x20,0x08,0x20,0x08,0x20,0x08,0x20,0x08,0x20,0x08,0x20,0x08,0x00,0x00,0x00,0x00,0x00,0x00,0x00,0x00,0x00,0x00,
  0x00,0x00,0x00,0x00,0x30,0x30,0x30,0x30,0x30,0x30,0x30,0x30,0x30,0x30,0x30,0x30,0x30,0x30,0x30,0x00,0x00,0x00,0x00,0x00,
  0x00,0x00,0x00,0x00,0x00,0x00,0x00,0x00,0x01,0x80,0x01,0x80,0x01,0x80,0x01,0x80,0x01,0x80,0x01,0x80,0x01,0x80,0x01,0x80,
  0x01,0x80,0x01,0x80,0x41,0x80,0x61,0x80,0x63,0x00,0x3f,0x00,0x1e,0x00,0x00,0x00,0x00,0x00,0x00,0x00,0x00,0x00,0x00,0x00,
  0x00,0x00,0x00,0x00,0x00,0x00,0x00,0x00,0x20,0x18,0x20,0x30,0x20,0x60,0x20,0xc0,0x21,0x80,0x23,0x00,0x27,0x00,0x3f,0x00,
  0x39,0x80,0x30,0xc0,0x20,0xe0,0x20,0x60,0x20,0x30,0x20,0x18,0x20,0x1c,0x00,0x00,0x00,0x00,0x00,0x00,0x00,0x00,0x00,0x00,
  0x00,0x00,0x00,0x00,0x00,0x00,0x00,0x00,0x20,0x00,0x20,0x00,0x20,0x00,0x20,0x00,0x20,0x00,0x20,0x00,0x20,0x00,0x20,0x00,
  0x20,0x00,0x20,0x00,0x20,0x00,0x20,0x00,0x20,0x00,0x3f,0xe0,0x3f,0xe0,0x00,0x00,0x00,0x00,0x00,0x00,0x00,0x00,0x00,0x00,
  0x00,0x00,0x00,0x00,0x00,0x00,0x00,0x00,0x00,0x00,0x00,0x00,0x20,0x03,0x00,0x38,0x07,0x00,0x38,0x0f,0x00,0x2c,0x0f,0x00,
  0x2c,0x0b,0x00,0x24,0x1b,0x00,0x26,0x13,0x00,0x26,0x13,0x00,0x22,0x33,0x00,0x23,0x23,0x00,0x23,0x63,0x00,0x21,0x63,0x00,
  0x21,0xc3,0x00,0x21,0xc3,0x00,0x20,0xc3,0x00,0x00,0x00,0x00,0x00,0x00,0x00,0x00,0x00,0x00,0x00,0x00,0x00,0x00,0x00,0x00,
  0x00,0x00,0x00,0x00,0x00,0x00,0x00,0x00,0x30,0x08,0x38,0x08,0x38,0x08,0x3c,0x08,0x26,0x08,0x26,0x08,0x23,0x08,0x21,0x88,
  0x21,0x88,0x20,0xc8,0x20,0x68,0x20,0x78,0x20,0x38,0x20,0x18,0x20,0x18,0x00,0x00,0x00,0x00,0x00,0x00,0x00,0x00,0x00,0x00,
  0x00,0x00,0x00,0x00,0x00,0x00,0x00,0x00,0x00,0x00,0x00,0x00,0x03,0xe0,0x00,0x0f,0xf8,0x00,0x1c,0x1c,0x00,0x30,0x0c,0x00,
  0x20,0x06,0x00,0x60,0x06,0x00,0x60,0x06,0x00,0x60,0x02,0x00,0x60,0x06,0x00,0x60,0x06,0x00,0x20,0x06,0x00,0x30,0x0c,0x00,
  0x1c,0x1c,0x00,0x0f,0xf8,0x00,0x03,0xe0,0x00,0x00,0x00,0x00,0x00,0x00,0x00,0x00,0x00,0x00,0x00,0x00,0x00,0x00,0x00,0x00,
  0x00,0x00,0x00,0x00,0x00,0x00,0x00,0x00,0x3f,0xe0,0x3f,0xf0,0x20,0x38,0x20,0x18,0x20,0x18,0x20,0x18,0x20,0x30,0x3f,0xf0,
  0x3f,0xc0,0x20,0x00,0x20,0x00,0x20,0x00,0x20,0x00,0x20,0x00,0x20,0x00,0x00,0x00,0x00,0x00,0x00,0x00,0x00,0x00,0x00,0x00,
  0x00,0x00,0x00,0x00,0x00,0x00,0x00,0x00,0x00,0x00,0x00,0x00,0x07,0xe0,0x00,0x0f,0xf0,0x00,0x18,0x38,0x00,0x30,0x0c,0x00,
  0x20,0x0c,0x00,0x60,0x06,0x00,0x60,0x06,0x00,0x60,0x06,0x00,0x60,0x06,0x00,0x60,0x06,0x00,0x20,0x0c,0x00,0x30,0xec,0x00,
  0x18,0x38,0x00,0x0f,0xfc,0x00,0x03,0xee,0x00,0x00,0x02,0x00,0x00,0x00,0x00,0x00,0x00,0x00,0x00,0x00,0x00,0x00,0x00,0x00,
  0x00,0x00,0x00,0x00,0x00,0x00,0x00,0x00,0x3f,0xe0,0x3f,0xf8,0x20,0x18,0x20,0x08,0x20,0x08,0x20,0x18,0x3f,0xf8,0x3f,0xe0,
  0x20,0xc0,0x20,0x60,0x20,0x30,0x20,0x30,0x20,0x18,0x20,0x1c,0x20,0x0c,0x00,0x00,0x00,0x00,0x00,0x00,0x00,0x00,0x00,0x00,
  0x00,0x00,0x00,0x00,0x00,0x00,0x00,0x00,0x0f,0xc0,0x1f,0xe0,0x30,0x30,0x20,0x10,0x20,0x00,0x30,0x00,0x1f,0x00,0x07,0xe0,
  0x00,0x70,0x00,0x18,0x60,0x18,0x60,0x18,0x38,0x30,0x1f,0xf0,0x0f,0xc0,0x00,0x00,0x00,0x00,0x00,0x00,0x00,0x00,0x00,0x00,
  0x00,0x00,0x00,0x00,0x00,0x00,0x00,0x00,0x7f,0xf0,0x7f,0xf0,0x02,0x00,0x02,0x00,0x02,0x00,0x02,0x00,0x02,0x00,0x02,0x00,
  0x02,0x00,0x02,0x00,0x02,0x00,0x02,0x00,0x02,0x00,0x02,0x00,0x02,0x00,0x00,0x00,0x00,0x00,0x00,0x00,0x00,0x00,0x00,0x00,
  0x00,0x00,0x00,0x00,0x00,0x00,0x00,0x00,0x20,0x08,0x20,0x08,0x20,0x08,0x20,0x08,0x20,0x08,0x20,0x08,0x20,0x08,0x20,0x08,
  0x20,0x08,0x20,0x08,0x30,0x08,0x30,0x18,0x38,0x38,0x1f,0xf0,0x07,0xc0,0x00,0x00,0x00,0x00,0x00,0x00,0x00,0x00,0x00,0x00,
  0x00,0x00,0x00,0x00,0x00,0x00,0x00,0x00,0xc0,0x0c,0x60,0x08,0x60,0x18,0x20,0x18,0x30,0x30,0x30,0x30,0x18,0x20,0x18,0x60,
  0x08,0x60,0x0c,0x40,0x0c,0xc0,0x04,0x80,0x07,0x80,0x07,0x80,0x03,0x00,0x00,0x00,0x00,0x00,0x00,0x00,0x00,0x00,0x00,0x00,
  0x00,0x00,0x00,0x00,0x00,0x00,0x00,0x00,0x00,0x00,0x00,0x00,0xc0,0x60,0x20,0x60,0x70,0x60,0x60,0xf0,0x60,0x60,0x90,0x60,
  0x20,0x90,0x40,0x31,0x98,0xc0,0x31,0x98,0xc0,0x31,0x08,0xc0,0x11,0x0c,0x80,0x1b,0x0c,0x80,0x1b,0x0d,0x80,0x1a,0x05,0x00,
  0x0e,0x07,0x00,0x0e,0x07,0x00,0x0c,0x03,0x00,0x00,0x00,0x00,0x00,0x00,0x00,0x00,0x00,0x00,0x00,0x00,0x00,0x00,0x00,0x00,
  0x00,0x00,0x00,0x00,0x00,0x00,0x00,0x00,0x60,0x18,0x30,0x30,0x18,0x60,0x18,0x60,0x0c,0xc0,0x07,0x80,0x07,0x00,0x03,0x00,
  0x07,0x80,0x0d,0xc0,0x1c,0xc0,0x18,0x60,0x30,0x30,0x60,0x30,0xe0,0x18,0x00,0x00,0x00,0x00,0x00,0x00,0x00,0x00,0x00,0x00,
  0x00,0x00,0x00,0x00,0x00,0x00,0x00,0x00,0x60,0x18,0x60,0x30,0x30,0x30,0x18,0x60,0x18,0x40,0x0c,0xc0,0x07,0x80,0x07,0x00,
  0x03,0x00,0x03,0x00,0x03,0x00,0x03,0x00,0x03,0x00,0x03,0x00,0x03,0x00,0x00,0x00,0x00,0x00,0x00,0x00,0x00,0x00,0x00,0x00,
  0x00,0x00,0x00,0x00,0x00,0x00,0x00,0x00,0x7f,0xf0,0x7f,0xf0,0x00,0x60,0x00,0xe0,0x01,0xc0,0x01,0x80,0x03,0x00,0x06,0x00,
  0x0c,0x00,0x1c,0x00,0x18,0x00,0x30,0x00,0x60,0x00,0x7f,0xf0,0x7f,0xf0,0x00,0x00,0x00,0x00,0x00,0x00,0x00,0x00,0x00,0x00,
  0x00,0x00,0x00,0x00,0x78,0x78,0x60,0x60,0x60,0x60,0x60,0x60,0x60,0x60,0x60,0x60,0x60,0x60,0x60,0x60,0x60,0x78,0x78,0x00,
  0x00,0x00,0x00,0x00,0xc0,0x40,0x40,0x40,0x60,0x20,0x20,0x30,0x10,0x10,0x10,0x18,0x08,0x08,0x0c,0x00,0x00,0x00,0x00,0x00,
  0x00,0x00,0x00,0x00,0x70,0x70,0x10,0x10,0x10,0x10,0x10,0x10,0x10,0x10,0x10,0x10,0x10,0x10,0x10,0x10,0x10,0x70,0x70,0x00,
  0x00,0x00,0x00,0x00,0x00,0x00,0x00,0x00,0x0c,0x00,0x1c,0x00,0x1e,0x00,0x16,0x00,0x32,0x00,0x23,0x00,0x61,0x00,0x41,0x80,
  0x00,0x00,0x00,0x00,0x00,0x00,0x00,0x00,0x00,0x00,0x00,0x00,0x00,0x00,0x00,0x00,0x00,0x00,0x00,0x00,0x00,0x00,0x00,0x00,
  0x00,0x00,0x00,0x00,0x00,0x00,0x00,0x00,0x00,0x00,0x00,0x00,0x00,0x00,0x00,0x00,0x00,0x00,0x00,0x00,0x00,0x00,0x00,0x00,
  0x00,0x00,0x00,0x00,0x00,0x00,0x00,0x00,0x00,0x00,0x00,0x00,0x00,0x00,0x00,0x00,0x00,0x00,0xff,0xf8,0xff,0xf8,0x00,0x00,
  0x00,0x00,0x00,0x00,0x60,0x30,0x10,0x00,0x00,0x00,0x00,0x00,0x00,0x00,0x00,0x00,0x00,0x00,0x00,0x00,0x00,0x00,0x00,0x00,
  0x00,0x00,0x00,0x00,0x00,0x00,0x00,0x00,0x00,0x00,0x00,0x00,0x00,0x00,0x00,0x00,0x1f,0x80,0x3f,0xc0,0x60,0xc0,0x00,0xc0,
  0x01,0xc0,0x3f,0xc0,0x70,0xc0,0x60,0xc0,0x61,0xc0,0x7f,0xc0,0x3e,0x60,0x00,0x00,0x00,0x00,0x00,0x00,0x00,0x00,0x00,0x00,
  0x00,0x00,0x00,0x00,0x00,0x00,0x00,0x00,0x60,0x00,0x60,0x00,0x60,0x00,0x60,0x00,0x67,0x00,0x7f,0xc0,0x70,0xc0,0x60,0x60,
  0x60,0x60,0x60,0x60,0x60,0x60,0x60,0x60,0x70,0xc0,0x7f,0x80,0x67,0x00,0x00,0x00,0x00,0x00,0x00,0x00,0x00,0x00,0x00,0x00,
  0x00,0x00,0x00,0x00,0x00,0x00,0x00,0x00,0x00,0x00,0x00,0x00,0x00,0x00,0x00,0x00,0x0f,0x00,0x3f,0x80,0x31,0xc0,0x60,0xc0,
  0x60,0x00,0x60,0x00,0x60,0x00,0x60,0xc0,0x30,0xc0,0x3f,0x80,0x0f,0x00,0x00,0x00,0x00,0x00,0x00,0x00,0x00,0x00,0x00,0x00,
  0x00,0x00,0x00,0x00,0x00,0x00,0x00,0x00,0x00,0xc0,0x00,0xc0,0x00,0xc0,0x00,0xc0,0x1e,0xc0,0x3f,0xc0,0x71,0xc0,0x60,0xc0,
  0x60,0xc0,0x60,0x40,0x60,0xc0,0x60,0xc0,0x71,0xc0,0x3f,0xc0,0x0e,0xc0,0x00,0x00,0x00,0x00,0x00,0x00,0x00,0x00,0x00,0x00,
  0x00,0x00,0x00,0x00,0x00,0x00,0x00,0x00,0x00,0x00,0x00,0x00,0x00,0x00,0x00,0x00,0x0f,0x00,0x3f,0x80,0x30,0xc0,0x60,0x40,
  0x7f,0xe0,0x7f,0xe0,0x60,0x00,0x60,0x00,0x30,0xc0,0x3f,0xc0,0x0f,0x00,0x00,0x00,0x00,0x00,0x00,0x00,0x00,0x00,0x00,0x00,
  0x00,0x00,0x00,0x00,0x1c,0x3c,0x30,0x30,0xfc,0xfc,0x30,0x30,0x30,0x30,0x30,0x30,0x30,0x30,0x30,0x00,0x00,0x00,0x00,0x00,
  0x00,0x00,0x00,0x00,0x00,0x00,0x00,0x00,0x00,0x00,0x00,0x00,0x00,0x00,0x00,0x00,0x1e,0xc0,0x3f,0xc0,0x71,0xc0,0x60,0xc0,
  0x60,0xc0,0x40,0xc0,0x60,0xc0,0x60,0xc0,0x71,0xc0,0x3f,0xc0,0x1e,0xc0,0x00,0xc0,0x60,0xc0,0x7f,0x80,0x1f,0x00,0x00,0x00,
  0x00,0x00,0x00,0x00,0x00,0x00,0x00,0x00,0x20,0x00,0x20,0x00,0x20,0x00,0x20,0x00,0x27,0x00,0x3f,0xc0,0x30,0xc0,0x30,0xc0,
  0x20,0xc0,0x20,0xc0,0x20,0xc0,0x20,0xc0,0x20,0xc0,0x20,0xc0,0x20,0xc0,0x00,0x00,0x00,0x00,0x00,0x00,0x00,0x00,0x00,0x00,
  0x00,0x00,0x00,0x00,0x20,0x20,0x00,0x00,0x20,0x20,0x20,0x20,0x20,0x20,0x20,0x20,0x20,0x20,0x20,0x00,0x00,0x00,0x00,0x00,
  0x00,0x00,0x00,0x00,0x30,0x30,0x00,0x00,0x30,0x30,0x30,0x30,0x30,0x30,0x30,0x30,0x30,0x30,0x30,0x30,0x30,0xf0,0xe0,0x00,
  0x00,0x00,0x00,0x00,0x00,0x00,0x00,0x00,0x60,0x00,0x60,0x00,0x60,0x00,0x60,0x00,0x61,0xc0,0x63,0x80,0x66,0x00,0x6c,0x00,
  0x7c,0x00,0x7e,0x00,0x66,0x00,0x63,0x00,0x61,0x80,0x61,0x80,0x60,0xc0,0x00,0x00,0x00,0x00,0x00,0x00,0x00,0x00,0x00,0x00,
  0x00,0x00,0x00,0x00,0x20,0x20,0x20,0x20,0x20,0x20,0x20,0x20,0x20,0x20,0x20,0x20,0x20,0x20,0x20,0x00,0x00,0x00,0x00,0x00,
  0x00,0x00,0x00,0x00,0x00,0x00,0x00,0x00,0x00,0x00,0x00,0x00,0x00,0x00,0x00,0x00,0x00,0x00,0x00,0x00,0x00,0x00,0x00,0x00,
  0x67,0x1e,0x00,0x7f,0xbf,0x00,0x71,0xe3,0x00,0x60,0xc3,0x00,0x60,0xc3,0x00,0x60,0xc3,0x00,0x60,0xc3,0x00,0x60,0xc3,0x00,
  0x60,0xc3,0x00,0x60,0xc3,0x00,0x60,0xc3,0x00,0x00,0x00,0x00,0x00,0x00,0x00,0x00,0x00,0x00,0x00,0x00,0x00,0x00,0x00,0x00,
  0x00,0x00,0x00,0x00,0x00,0x00,0x00,0x00,0x00,0x00,0x00,0x00,0x00,0x00,0x00,0x00,0x27,0x80,0x3f,0xc0,0x30,0xc0,0x30,0xc0,
  0x20,0xc0,0x20,0xc0,0x20,0xc0,0x20,0xc0,0x20,0xc0,0x20,0xc0,0x20,0xc0,0x00,0x00,0x00,0x00,0x00,0x00,0x00,0x00,0x00,0x00,
  0x00,0x00,0x00,0x00,0x00,0x00,0x00,0x00,0x00,0x00,0x00,0x00,0x00,0x00,0x00,0x00,0x0f,0x00,0x3f,0x80,0x30,0xc0,0x60,0x40,
  0x60,0x60,0x60,0x60,0x60,0x60,0x60,0x40,0x30,0xc0,0x3f,0x80,0x0f,0x00,0x00,0x00,0x00,0x00,0x00,0x00,0x00,0x00,0x00,0x00,
  0x00,0x00,0x00,0x00,0x00,0x00,0x00,0x00,0x00,0x00,0x00,0x00,0x00,0x00,0x00,0x00,0x67,0x00,0x7f,0xc0,0x78,0xc0,0x70,0x60,
  0x60,0x60,0x60,0x60,0x60,0x60,0x70,0x40,0x70,0xc0,0x7f,0x80,0x67,0x00,0x60,0x00,0x60,0x00,0x60,0x00,0x60,0x00,0x00,0x00,
  0x00,0x00,0x00,0x00,0x00,0x00,0x00,0x00,0x00,0x00,0x00,0x00,0x00,0x00,0x00,0x00,0x1e,0x40,0x3f,0x40,0x71,0xc0,0x60,0xc0,
  0x60,0xc0,0x60,0x40,0x60,0xc0,0x60,0xc0,0x31,0xc0,0x3f,0xc0,0x0e,0xc0,0x00,0xc0,0x00,0xc0,0x00,0xc0,0x00,0xc0,0x00,0x00,
  0x00,0x00,0x00,0x00,0x00,0x00,0x00,0x00,0x2e,0x3e,0x30,0x20,0x20,0x20,0x20,0x20,0x20,0x20,0x20,0x00,0x00,0x00,0x00,0x00,
  0x00,0x00,0x00,0x00,0x00,0x00,0x00,0x00,0x00,0x00,0x00,0x00,0x00,0x00,0x00,0x00,0x1e,0x00,0x3f,0x00,0x61,0x80,0x60,0x00,
  0x7c,0x00,0x3f,0x00,0x07,0x80,0x00,0x80,0x61,0x80,0x7f,0x80,0x1e,0x00,0x00,0x00,0x00,0x00,0x00,0x00,0x00,0x00,0x00,0x00,
  0x00,0x00,0x00,0x00,0x00,0x20,0x20,0x20,0xf8,0xf8,0x20,0x20,0x20,0x20,0x20,0x20,0x30,0x38,0x18,0x00,0x00,0x00,0x00,0x00,
  0x00,0x00,0x00,0x00,0x00,0x00,0x00,0x00,0x00,0x00,0x00,0x00,0x00,0x00,0x00,0x00,0x20,0xc0,0x20,0xc0,0x20,0xc0,0x20,0xc0,
  0x20,0xc0,0x20,0xc0,0x20,0xc0,0x20,0xc0,0x31,0xc0,0x3f,0x40,0x1e,0x40,0x00,0x00,0x00,0x00,0x00,0x00,0x00,0x00,0x00,0x00,
  0x00,0x00,0x00,0x00,0x00,0x00,0x00,0x00,0x00,0x00,0x00,0x00,0x00,0x00,0x00,0x00,0x40,0xc0,0x60,0xc0,0x60,0x80,0x21,0x80,
  0x31,0x80,0x33,0x00,0x13,0x00,0x1a,0x00,0x0e,0x00,0x0e,0x00,0x0c,0x00,0x00,0x00,0x00,0x00,0x00,0x00,0x00,0x00,0x00,0x00,
  0x00,0x00,0x00,0x00,0x00,0x00,0x00,0x00,0x00,0x00,0x00,0x00,0x00,0x00,0x00,0x00,0xc1,0x86,0x43,0x84,0x63,0x84,0x62,0x8c,
  0x22,0xcc,0x26,0xc8,0x34,0x58,0x34,0x58,0x1c,0x70,0x1c,0x70,0x18,0x30,0x00,0x00,0x00,0x00,0x00,0x00,0x00,0x00,0x00,0x00,
  0x00,0x00,0x00,0x00,0x00,0x00,0x00,0x00,0x00,0x00,0x00,0x00,0x00,0x00,0x00,0x00,0x60,0xc0,0x31,0x80,0x33,0x00,0x1e,0x00,
  0x0e,0x00,0x0c,0x00,0x1e,0x00,0x1b,0x00,0x33,0x00,0x61,0x80,0x60,0xc0,0x00,0x00,0x00,0x00,0x00,0x00,0x00,0x00,0x00,0x00,
  0x00,0x00,0x00,0x00,0x00,0x00,0x00,0x00,0x00,0x00,0x00,0x00,0x00,0x00,0x00,0x00,0x60,0xc0,0x60,0xc0,0x20,0x80,0x31,0x80,
  0x31,0x80,0x11,0x00,0x1b,0x00,0x1b,0x00,0x0e,0x00,0x0e,0x00,0x04,0x00,0x0c,0x00,0x0c,0x00,0x78,0x00,0x70,0x00,0x00,0x00,
  0x00,0x00,0x00,0x00,0x00,0x00,0x00,0x00,0x00,0x00,0x00,0x00,0x00,0x00,0x00,0x00,0x7f,0xc0,0x7f,0xc0,0x01,0x80,0x03,0x00,
  0x06,0x00,0x0c,0x00,0x18,0x00,0x30,0x00,0x60,0x00,0xff,0xc0,0xff,0xc0,0x00,0x00,0x00,0x00,0x00,0x00,0x00,0x00,0x00,0x00,
  0x00,0x00,0x00,0x00,0x0e,0x1e,0x18,0x10,0x10,0x10,0x10,0x30,0x60,0x60,0x30,0x30,0x10,0x10,0x10,0x10,0x18,0x1e,0x0e,0x00,
  0x00,0x00,0x00,0x00,0x20,0x20,0x20,0x20,0x20,0x20,0x20,0x20,0x20,0x20,0x20,0x20,0x20,0x20,0x20,0x20,0x20,0x20,0x20,0x20,
  0x00,0x00,0x00,0x00,0xe0,0xf0,0x30,0x10,0x10,0x10,0x10,0x18,0x0c,0x0c,0x18,0x18,0x10,0x10,0x10,0x10,0x30,0xf0,0xe0,0x00,
  0x00,0x00,0x00,0x00,0x00,0x00,0x00,0x00,0x00,0x00,0x00,0x00,0x00,0x00,0x00,0x00,0x00,0x00,0x00,0x00,0x38,0x00,0x7e,0x20,
  0x47,0xe0,0x01,0xc0,0x00,0x00,0x00,0x00,0x00,0x00,0x00,0x00,0x00,0x00,0x00,0x00,0x00,0x00,0x00,0x00,0x00,0x00,0x00,0x00,
  0x00,0x00,0x00,0x00,0x00,0x00,0x00,0x00,0x00,0x00,0x00,0x00,0x00,0x00,0x00,0x00,0x00,0x00,0x00,0x00,0x00,0x00,0x00,0x00,
  0x00,0x00,0x00,0x00,0x00,0x00,0x00,0x00,0x00,0x00,0x00,0x00,0x00,0x00,0x00,0x00,0x00,0x00,0x00,0x00,0x00,0x00,0x00,0x00,
  0x00,0x00,0x00,0x00,0x00,0x00,0x00,0x00,0x00,0x00,0x00,0x00,0x00,0x00,0x00,0x1f,0xf8,0x00,0x00,0x00,0x00,0x00,0x00,0x00,
  0x00,0x00,0x00,0x00,0x00,0x00,0x00,0x00,0x00,0x00,0x00,0x00,0x00,0x00,0x00,0x00,0x00,0x00,0x00,0x00,0x00,0x00,0x00,0x00,
  0x00,0x00,0x00,0x00,0x00,0x00,0x1f,0xf8,0x00,0x00,0x00,0x00,0x00,0x00,0x00,0x00,0x00,0x00,0x00,0x00,0x00,0x00,0x00,0x00,
  0x00,0x00,0x00,0x00,0x00,0x00,0x00,0x00,0x00,0x00,0x00,0x00,0x00,0x00,0x00,0x1f,0xf8,0x00,0x00,0x00,0x00,0x00,0x00,0x00,
  0x00,0x00,0x00,0x00,0x00,0x00,0x00,0x00,0x00,0x00,0x00,0x00,0x00,0x00,0x00,0x00,0x00,0x00,0x00,0x00,0x00,0x00,0x00,0x00,
  0x00,0x00,0x00,0x00,0x00,0x00,0x1f,0xf8,0x00,0x00,0x00,0x00,0x00,0x00,0x00,0x00,0x00,0x00,0x00,0x00,0x00,0x00,0x00,0x00,
  0x00,0x00,0x00,0x00,0x00,0x00,0x00,0x00,0x00,0x00,0x00,0x00,0x00,0x00,0x00,0x1f,0xf8,0x00,0x00,0x00,0x00,0x00,0x00,0x00,
  0x00,0x00,0x00,0x00,0x00,0x00,0x00,0x00,0x00,0x00,0x00,0x00,0x00,0x00,0x00,0x00,0x00,0x00,0x00,0x00,0x00,0x00,0x00,0x00,
  0x00,0x00,0x00,0x00,0x00,0x00,0x1f,0xf8,0x00,0x00,0x00,0x00,0x00,0x00,0x00,0x00,0x00,0x00,0x00,0x00,0x00,0x00,0x00,0x00,
  0x00,0x00,0x00,0x00,0x00,0x00,0x00,0x00,0x00,0x00,0x00,0x00,0x00,0x00,0x00,0x1f,0xf8,0x00,0x00,0x00,0x00,0x00,0x00,0x00,
  0x00,0x00,0x00,0x00,0x00,0x00,0x00,0x00,0x00,0x00,0x00,0x00,0x00,0x00,0x00,0x00,0x00,0x00,0x00,0x00,0x00,0x00,0x00,0x00,
  0x00,0x00,0x00,0x00,0x00,0x00,0x1f,0xf8,0x00,0x00,0x00,0x00,0x00,0x00,0x00,0x00,0x00,0x00,0x00,0x00,0x00,0x00,0x00,0x00,
  0x00,0x00,0x00,0x00,0x00,0x00,0x00,0x00,0x00,0x00,0x1f,0xf8,0x00,0x00,0x00,0x00,0x00,0x00,0x00,0x00,0x00,0x00,0x00,0x00,
  0x00,0x00,0x00,0x00,0x00,0x00,0x00,0x00,0x00,0x00,0x00,0x00,0x1f,0xf8,0x00,0x00,0x00,0x00,0x00,0x00,0x00,0x00,0x00,0x00,
  0x00,0x00,0x00,0x00,0x00,0x00,0x00,0x00,0x00,0x00,0x00,0x00,0x00,0x00,0x00,0x00,0x00,0x00,0x00,0x00,0x00,0x00,0x00,0x00,
  0x00,0x00,0x00,0x00,0x00,0x00,0x00,0x00,0x00,0x00,0x00,0x00,0x00,0x00,0x00,0x1f,0xf8,0x00,0x00,0x00,0x00,0x00,0x00,0x00,
  0x00,0x00,0x00,0x00,0x00,0x00,0x00,0x00,0x00,0x00,0x00,0x00,0x00,0x00,0x00,0x00,0x00,0x00,0x00,0x00,0x00,0x00,0x00,0x00,
  0x00,0x00,0x00,0x00,0x00,0x00,0x1f,0xf8,0x00,0x00,0x00,0x00,0x00,0x00,0x00,0x00,0x00,0x00,0x00,0x00,0x00,0x00,0x00,0x00,
  0x00,0x00,0x00,0x00,0x00,0x00,0x00,0x00,0x00,0x00,0x00,0x00,0x00,0x00,0x00,0x1f,0xf8,0x00,0x00,0x00,0x00,0x00,0x00,0x00,
  0x00,0x00,0x00,0x00,0x00,0x00,0x00,0x00,0x00,0x00,0x00,0x00,0x00,0x00,0x00,0x00,0x00,0x00,0x00,0x00,0x00,0x00,0x00,0x00,
  0x00,0x00,0x00,0x00,0x00,0x00,0x1f,0xf8,0x00,0x00,0x00,0x00,0x00,0x00,0x00,0x00,0x00,0x00,0x00,0x00,0x00,0x00,0x00,0x00,
  0x00,0x00,0x00,0x00,0x00,0x00,0x00,0x00,0x00,0x00,0x00,0x00,0x00,0x00,0x00,0x1f,0xf8,0x00,0x00,0x00,0x00,0x00,0x00,0x00,
  0x00,0x00,0x00,0x00,0x00,0x00,0x00,0x00,0x00,0x00,0x00,0x00,0x00,0x00,0x00,0x00,0x00,0x00,0x00,0x00,0x00,0x00,0x00,0x00,
  0x00,0x00,0x00,0x00,0x00,0x00,0x1f,0xf8,0x00,0x00,0x00,0x00,0x00,0x00,0x00,0x00,0x00,0x00,0x00,0x00,0x00,0x00,0x00,0x00,
  0x00,0x00,0x00,0x00,0x00,0x00,0x00,0x00,0x00,0x00,0x00,0x00,0x00,0x00,0x00,0x1f,0xf8,0x00,0x00,0x00,0x00,0x00,0x00,0x00,
  0x00,0x00,0x00,0x00,0x00,0x00,0x00,0x00,0x00,0x00,0x00,0x00,0x00,0x00,0x00,0x00,0x00,0x00,0x00,0x00,0x00,0x00,0x00,0x00,
  0x00,0x00,0x00,0x00,0x00,0x00,0x1f,0xf8,0x00,0x00,0x00,0x00,0x00,0x00,0x00,0x00,0x00,0x00,0x00,0x00,0x00,0x00,0x00,0x00,
  0x00,0x00,0x00,0x00,0x00,0x00,0x00,0x00,0x00,0x00,0x00,0x00,0x00,0x00,0x00,0x1f,0xf8,0x00,0x00,0x00,0x00,0x00,0x00,0x00,
  0x00,0x00,0x00,0x00,0x00,0x00,0x00,0x00,0x00,0x00,0x00,0x00,0x00,0x00,0x00,0x00,0x00,0x00,0x00,0x00,0x00,0x00,0x00,0x00,
  0x00,0x00,0x00,0x00,0x00,0x00,0x1f,0xf8,0x00,0x00,0x00,0x00,0x00,0x00,0x00,0x00,0x00,0x00,0x00,0x00,0x00,0x00,0x00,0x00,
  0x00,0x00,0x00,0x00,0x00,0x00,0x00,0x00,0x00,0x00,0x00,0x00,0x00,0x00,0x00,0x1f,0xf8,0x00,0x00,0x00,0x00,0x00,0x00,0x00,
  0x00,0x00,0x00,0x00,0x00,0x00,0x00,0x00,0x00,0x00,0x00,0x00,0x00,0x00,0x00,0x00,0x00,0x00,0x00,0x00,0x00,0x00,0x00,0x00,
  0x00,0x00,0x00,0x00,0x00,0x00,0x1f,0xf8,0x00,0x00,0x00,0x00,0x00,0x00,0x00,0x00,0x00,0x00,0x00,0x00,0x00,0x00,0x00,0x00,
  0x00,0x00,0x00,0x00,0x00,0x00,0x00,0x00,0x00,0x00,0x00,0x00,0x00,0x00,0x00,0x1f,0xf8,0x00,0x00,0x00,0x00,0x00,0x00,0x00,
  0x00,0x00,0x00,0x00,0x00,0x00,0x00,0x00,0x00,0x00,0x00,0x00,0x00,0x00,0x00,0x00,0x00,0x00,0x00,0x00,0x00,0x00,0x00,0x00,
  0x00,0x00,0x00,0x00,0x00,0x00,0x1f,0xf8,0x00,0x00,0x00,0x00,0x00,0x00,0x00,0x00,0x00,0x00,0x00,0x00,0x00,0x00,0x00,0x00,
  0x00,0x00,0x00,0x00,0x00,0x00,0x00,0x00,0x00,0x00,0x00,0x00,0x00,0x00,0x00,0x1f,0xf8,0x00,0x00,0x00,0x00,0x00,0x00,0x00,
  0x00,0x00,0x00,0x00,0x00,0x00,0x00,0x00,0x00,0x00,0x00,0x00,0x00,0x00,0x00,0x00,0x00,0x00,0x00,0x00,0x00,0x00,0x00,0x00,
  0x00,0x00,0x00,0x00,0x00,0x00,0x1f,0xf8,0x00,0x00,0x00,0x00,0x00,0x00,0x00,0x00,0x00,0x00,0x00,0x00,0x00,0x00,0x00,0x00,
  0x00,0x00,0x00,0x00,0x00,0x00,0x00,0x00,0x00,0x00,0x00,0x00,0x00,0x00,0x00,0x1f,0xf8,0x00,0x00,0x00,0x00,0x00,0x00,0x00,
  0x00,0x00,0x00,0x00,0x00,0x00,0x00,0x00,0x00,0x00,0x00,0x00,0x00,0x00,0x00,0x00,0x00,0x00,0x00,0x00,0x00,0x00,0x00,0x00,
  0x00,0x00,0x00,0x00,0x00,0x00,0x1f,0xf8,0x00,0x00,0x00,0x00,0x00,0x00,0x00,0x00,0x00,0x00,0x00,0x00,0x00,0x00,0x00,0x00,
  0x00,0x00,0x00,0x00,0x00,0x00,0x00,0x00,0x00,0x00,0x00,0x00,0x00,0x00,0x00,0x1f,0xf8,0x00,0x00,0x00,0x00,0x00,0x00,0x00,
  0x00,0x00,0x00,0x00,0x00,0x00,0x00,0x00,0x00,0x00,0x00,0x00,0x00,0x00,0x00,0x00,0x00,0x00,0x00,0x00,0x00,0x00,0x00,0x00,
  0x00,0x00,0x00,0x00,0x00,0x00,0x1f,0xf8,0x00,0x00,0x00,0x00,0x00,0x00,0x00,0x00,0x00,0x00,0x00,0x00,0x00,0x00,0x00,0x00,
  0x00,0x00,0x00,0x00,0x00,0x00,0x00,0x00,0x00,0x00,0x00,0x00,0x00,0x00,0x00,0x1f,0xf8,0x00,0x00,0x00,0x00,0x00,0x00,0x00,
  0x00,0x00,0x00,0x00,0x00,0x00,0x00,0x00,0x00,0x00,0x00,0x00,0x00,0x00,0x00,0x00,0x00,0x00,0x00,0x00,0x00,0x00,0x00,0x00,
  0x00,0x00,0x00,0x00,0x00,0x00,0x1f,0xf8,0x00,0x00,0x00,0x00,0x00,0x00,0x00,0x00,0x00,0x00,0x00,0x00,0x00,0x00,0x00,0x00,
  0x00,0x00,0x00,0x00,0x00,0x00,0x00,0x00,0x00,0x00,0x00,0x00,0x00,0x00,0x00,0x1f,0xf8,0x00,0x00,0x00,0x00,0x00,0x00,0x00,
  0x00,0x00,0x00,0x00,0x00,0x00,0x00,0x00,0x00,0x00,0x00,0x00,0x00,0x00,0x00,0x00,0x00,0x00,0x00,0x00,0x00,0x00,0x00,0x00,
  0x00,0x00,0x00,0x00,0x00,0x00,0x1f,0xf8,0x00,0x00,0x00,0x00,0x00,0x00,0x00,0x00,0x00,0x00,0x00,0x00,0x00,0x00,0x00,0x00,
  0x00,0x00,0x00,0x00,0x00,0x00,0x00,0x00,0x00,0x00,0x00,0x00,0x00,0x00,0x00,0x1f,0xf8,0x00,0x00,0x00,0x00,0x00,0x00,0x00,
  0x00,0x00,0x00,0x00,0x00,0x00,0x00,0x00,0x00,0x00,0x00,0x00,0x00,0x00,0x00,0x00,0x00,0x00,0x00,0x00,0x00,0x00,0x00,0x00,
  0x00,0x00,0x00,0x00,0x00,0x00,0x1f,0xf8,0x00,0x00,0x00,0x00,0x00,0x00,0x00,0x00,0x00,0x00,0x00,0x00,0x00,0x00,0x00,0x00,
  0x00,0x00,0x00,0x00,0x00,0x00,0x00,0x00,0x00,0x00,0x00,0x00,0x00,0x00,0x00,0x1f,0xf8,0x00,0x00,0x00,0x00,0x00,0x00,0x00,
  0x00,0x00,0x00,0x00,0x00,0x00,0x00,0x00,0x00,0x00,0x00,0x00,0x00,0x00,0x00,0x00,0x00,0x00,0x00,0x00,0x00,0x00,0x00,0x00,
  0x00,0x00,0x00,0x00,0x00,0x00,0x1f,0xf8,0x00,0x00,0x00,0x00,0x00,0x00,0x00,0x00,0x00,0x00,0x00,0x00,0x00,0x00,0x00,0x00,
  0x00,0x00,0x00,0x00,0x00,0x00,0x00,0x00,0x00,0x00,0x00,0x00,0x00,0x00,0x00,0x1f,0xf8,0x00,0x00,0x00,0x00,0x00,0x00,0x00,
  0x00,0x00,0x00,0x00,0x00,0x00,0x00,0x00,0x00,0x00,0x00,0x00,0x00,0x00,0x00,0x00,0x00,0x00,0x00,0x00,0x00,0x00,0x00,0x00,
  0x00,0x00,0x00,0x00,0x00,0x00,0x1f,0xf8,0x00,0x00,0x00,0x00,0x00,0x00,0x00,0x00,0x00,0x00,0x00,0x00,0x00,0x00,0x00,0x00,
  0x00,0x00,0x00,0x00,0x00,0x00,0x00,0x00,0x00,0x00,0x00,0x00,0x00,0x00,0x00,0x1f,0xf8,0x00,0x00,0x00,0x00,0x00,0x00,0x00,
  0x00,0x00,0x00,0x00,0x00,0x00,0x00,0x00,0x00,0x00,0x00,0x00,0x00,0x00,0x00,0x00,0x00,0x00,0x00,0x00,0x00,0x00,0x00,0x00,
  0x00,0x00,0x00,0x00,0x00,0x00,0x1f,0xf8,0x00,0x00,0x00,0x00,0x00,0x00,0x00,0x00,0x00,0x00,0x00,0x00,0x00,0x00,0x00,0x00,
  0x00,0x00,0x00,0x00,0x00,0x00,0x00,0x00,0x00,0x00,0x00,0x00,0x00,0x00,0x00,0x1f,0xf8,0x00,0x00,0x00,0x00,0x00,0x00,0x00,
  0x00,0x00,0x00,0x00,0x00,0x00,0x00,0x00,0x00,0x00,0x00,0x00,0x00,0x00,0x00,0x00,0x00,0x00,0x00,0x00,0x00,0x00,0x00,0x00,
  0x00,0x00,0x00,0x00,0x00,0x00,0x1f,0xf8,0x00,0x00,0x00,0x00,0x00,0x00,0x00,0x00,0x00,0x00,0x00,0x00,0x00,0x00,0x00,0x00,
  0x00,0x00,0x00,0x00,0x00,0x00,0x00,0x00,0x00,0x00,0x00,0x00,0x00,0x00,0x00,0x1f,0xf8,0x00,0x00,0x00,0x00,0x00,0x00,0x00,
  0x00,0x00,0x00,0x00,0x00,0x00,0x00,0x00,0x00,0x00,0x00,0x00,0x00,0x00,0x00,0x00,0x00,0x00,0x00,0x00,0x00,0x00,0x00,0x00,
  0x00,0x00,0x00,0x00,0x00,0x00,0x1f,0xf8,0x00,0x00,0x00,0x00,0x00,0x00,0x00,0x00,0x00,0x00,0x00,0x00,0x00,0x00,0x00,0x00,
  0x00,0x00,0x00,0x00,0x00,0x00,0x00,0x00,0x00,0x00,0x00,0x00,0x00,0x00,0x00,0x1f,0xf8,0x00,0x00,0x00,0x00,0x00,0x00,0x00,
  0x00,0x00,0x00,0x00,0x00,0x00,0x00,0x00,0x00,0x00,0x00,0x00,0x00,0x00,0x00,0x00,0x00,0x00,0x00,0x00,0x00,0x00,0x00,0x00,
  0x00,0x00,0x00,0x00,0x00,0x00,0x1f,0xf8,0x00,0x00,0x00,0x00,0x00,0x00,0x00,0x00,0x00,0x00,0x00,0x00,0x00,0x00,0x00,0x00,
  0x00,0x00,0x00,0x00,0x00,0x00,0x00,0x00,0x00,0x00,0x00,0x00,0x00,0x00,0x00,0x1f,0xf8,0x00,0x00,0x00,0x00,0x00,0x00,0x00,
  0x00,0x00,0x00,0x00,0x00,0x00,0x00,0x00,0x00,0x00,0x00,0x00,0x00,0x00,0x00,0x00,0x00,0x00,0x00,0x00,0x00,0x00,0x00,0x00,
  0x00,0x00,0x00,0x00,0x00,0x00,0x1f,0xf8,0x00,0x00,0x00,0x00,0x00,0x00,0x00,0x00,0x00,0x00,0x00,0x00,0x00,0x00,0x00,0x00,
  0x00,0x00,0x00,0x00,0x00,0x00,0x00,0x00,0x00,0x00,0x00,0x00,0x00,0x00,0x00,0x1f,0xf8,0x00,0x00,0x00,0x00,0x00,0x00,0x00,
  0x00,0x00,0x00,0x00,0x00,0x00,0x00,0x00,0x00,0x00,0x00,0x00,0x00,0x00,0x00,0x00,0x00,0x00,0x00,0x00,0x00,0x00,0x00,0x00,
  0x00,0x00,0x00,0x00,0x00,0x00,0x1f,0xf8,0x00,0x00,0x00,0x00,0x00,0x00,0x00,0x00,0x00,0x00,0x00,0x00,0x00,0x00,0x00,0x00,
  0x00,0x00,0x00,0x00,0x00,0x00,0x00,0x00,0x00,0x00,0x00,0x00,0x00,0x00,0x00,0x1f,0xf8,0x00,0x00,0x00,0x00,0x00,0x00,0x00,
  0x00,0x00,0x00,0x00,0x00,0x00,0x00,0x00,0x00,0x00,0x00,0x00,0x00,0x00,0x00,0x00,0x00,0x00,0x00,0x00,0x00,0x00,0x00,0x00,
  0x00,0x00,0x00,0x00,0x00,0x00,0x1f,0xf8,0x00,0x00,0x00,0x00,0x00,0x00,0x00,0x00,0x00,0x00,0x00,0x00,0x00,0x00,0x00,0x00,
  0x00,0x00,0x00,0x00,0x00,0x00,0x00,0x00,0x00,0x00,0x00,0x00,0x00,0x00,0x00,0x1f,0xf8,0x00,0x00,0x00,0x00,0x00,0x00,0x00,
  0x00,0x00,0x00,0x00,0x00,0x00,0x00,0x00,0x00,0x00,0x00,0x00,0x00,0x00,0x00,0x00,0x00,0x00,0x00,0x00,0x00,0x00,0x00,0x00,
  0x00,0x00,0x00,0x00,0x00,0x00,0x1f,0xf8,0x00,0x00,0x00,0x00,0x00,0x00,0x00,0x00,0x00,0x00,0x00,0x00,0x00,0x00,0x00,0x00,
  0x00,0x00,0x00,0x00,0x00,0x00,0x00,0x00,0x00,0x00,0x00,0x00,0x00,0x00,0x00,0x1f,0xf8,0x00,0x00,0x00,0x00,0x00,0x00,0x00,
  0x00,0x00,0x00,0x00,0x00,0x00,0x00,0x00,0x00,0x00,0x00,0x00,0x00,0x00,0x00,0x00,0x00,0x00,0x00,0x00,0x00,0x00,0x00,0x00,
  0x00,0x00,0x00,0x00,0x00,0x00,0x1f,0xf8,0x00,0x00,0x00,0x00,0x00,0x00,0x00,0x00,0x00,0x00,0x00,0x00,0x00,0x00,0x00,0x00,
  0x00,0x00,0x00,0x00,0x00,0x00,0x00,0x00,0x00,0x00,0x00,0x00,0x00,0x00,0x00,0x1f,0xf8,0x00,0x00,0x00,0x00,0x00,0x00,0x00,
  0x00,0x00,0x00,0x00,0x00,0x00,0x00,0x00,0x00,0x00,0x00,0x00,0x00,0x00,0x00,0x00,0x00,0x00,0x00,0x00,0x00,0x00,0x00,0x00,
  0x00,0x00,0x00,0x00,0x00,0x00,0x1f,0xf8,0x00,0x00,0x00,0x00,0x00,0x00,0x00,0x00,0x00,0x00,0x00,0x00,0x00,0x00,0x00,0x00,
  0x00,0x00,0x00,0x00,0x00,0x00,0x00,0x00,0x00,0x00,0x00,0x00,0x00,0x00,0x00,0x1f,0xf8,0x00,0x00,0x00,0x00,0x00,0x00,0x00,
  0x00,0x00,0x00,0x00,0x00,0x00,0x00,0x00,0x00,0x00,0x00,0x00,0x00,0x00,0x00,0x00,0x00,0x00,0x00,0x00,0x00,0x00,0x00,0x00,
  0x00,0x00,0x00,0x00,0x00,0x00,0x1f,0xf8,0x00,0x00,0x00,0x00,0x00,0x00,0x00,0x00,0x00,0x00,0x00,0x00,0x00,0x00,0x00,0x00,
  0x00,0x00,0x00,0x00,0x00,0x00,0x00,0x00,0x00,0x00,0x00,0x00,0x00,0x00,0x00,0x00,0x00,0x00,0x00,0x00,0x00,0x00,0x00,0x00,
  0x00,0x00,0x00,0x00,0x00,0x00,0x00,0x00,0x18,0x18,0x00,0x00,0x38,0x38,0x38,0x38,0x38,0x38,0x38,0x38,0x38,0x38,0x38,0x00,
  0x00,0x00,0x00,0x00,0x00,0x00,0x00,0x00,0x00,0x80,0x00,0x80,0x01,0x00,0x01,0x00,0x0f,0x00,0x3f,0x80,0x33,0xc0,0x62,0xc0,
  0x62,0x00,0x64,0x00,0x64,0x00,0x64,0x40,0x3c,0xc0,0x3f,0x80,0x0f,0x00,0x08,0x00,0x10,0x00,0x10,0x00,0x10,0x00,0x00,0x00,
  0x00,0x00,0x00,0x00,0x00,0x00,0x00,0x00,0x0f,0x00,0x1f,0x80,0x30,0xc0,0x30,0x40,0x20,0x00,0x20,0x00,0x30,0x00,0x7e,0x00,
  0x7e,0x00,0x10,0x00,0x10,0x00,0x30,0x00,0x7c,0x00,0x7f,0xe0,0x41,0xc0,0x00,0x00,0x00,0x00,0x00,0x00,0x00,0x00,0x00,0x00,
  0x00,0x00,0x00,0x00,0x00,0x00,0x00,0x00,0x00,0x00,0x00,0x00,0x00,0x00,0x00,0x00,0x6e,0x40,0x3f,0xc0,0x31,0x80,0x20,0xc0,
  0x20,0xc0,0x31,0x80,0x3f,0xc0,0x6e,0x40,0x00,0x00,0x00,0x00,0x00,0x00,0x00,0x00,0x00,0x00,0x00,0x00,0x00,0x00,0x00,0x00,
  0x00,0x00,0x00,0x00,0x00,0x00,0x00,0x00,0xc0,0x60,0x60,0xc0,0x60,0xc0,0x31,0x80,0x31,0x80,0x1b,0x00,0x0f,0x00,0x7f,0xe0,
  0x7f,0xe0,0x04,0x00,0x04,0x00,0x7f,0xe0,0x7f,0xe0,0x04,0x00,0x04,0x00,0x00,0x00,0x00,0x00,0x00,0x00,0x00,0x00,0x00,0x00,
  0x00,0x00,0x00,0x00,0x20,0x20,0x20,0x20,0x20,0x20,0x20,0x20,0x00,0x00,0x00,0x00,0x20,0x20,0x20,0x20,0x20,0x20,0x20,0x20,
  0x00,0x00,0x00,0x00,0x00,0x00,0x00,0x00,0x0f,0x00,0x3f,0x80,0x31,0x80,0x30,0xc0,0x30,0x00,0x18,0x00,0x3e,0x00,0x63,0x80,
  0x61,0xc0,0x60,0xe0,0x30,0x60,0x1c,0xc0,0x07,0x80,0x03,0x80,0x00,0xc0,0x20,0xc0,0x31,0xc0,0x3f,0x80,0x0f,0x00,0x00,0x00,
  0x00,0x00,0x00,0x00,0x4c,0x4c,0x00,0x00,0x00,0x00,0x00,0x00,0x00,0x00,0x00,0x00,0x00,0x00,0x00,0x00,0x00,0x00,0x00,0x00,
  0x00,0x00,0x00,0x00,0x00,0x00,0x00,0x00,0x07,0xc0,0x18,0x30,0x30,0x08,0x63,0xc4,0x44,0x26,0xc8,0x02,0x88,0x02,0x88,0x02,
  0x88,0x02,0xc8,0x22,0x44,0x66,0x63,0xc4,0x30,0x08,0x18,0x30,0x07,0xc0,0x00,0x00,0x00,0x00,0x00,0x00,0x00,0x00,0x00,0x00,
  0x00,0x00,0x00,0x00,0x3c,0x44,0x06,0x3e,0x66,0x46,0x4e,0x3a,0x00,0x00,0x00,0x00,0x00,0x00,0x00,0x00,0x00,0x00,0x00,0x00,
  0x00,0x00,0x00,0x00,0x00,0x00,0x00,0x00,0x00,0x00,0x00,0x00,0x00,0x00,0x00,0x00,0x00,0x00,0x0c,0xc0,0x08,0x80,0x19,0x80,
  0x33,0x00,0x37,0x00,0x33,0x00,0x19,0x80,0x08,0x80,0x0c,0xc0,0x00,0x00,0x00,0x00,0x00,0x00,0x00,0x00,0x00,0x00,0x00,0x00,
  0x00,0x00,0x00,0x00,0x00,0x00,0x00,0x00,0x00,0x00,0x00,0x00,0x00,0x00,0x00,0x00,0x00,0x00,0x7f,0xe0,0x7f,0xe0,0x00,0x60,
  0x00,0x60,0x00,0x60,0x00,0x60,0x00,0x00,0x00,0x00,0x00,0x00,0x00,0x00,0x00,0x00,0x00,0x00,0x00,0x00,0x00,0x00,0x00,0x00,
  0x00,0x00,0x00,0x00,0x00,0x00,0x00,0x00,0x00,0x00,0x00,0x00,0x00,0x00,0x00,0x00,0x00,0x00,0x00,0x00,0x00,0x00,0x00,0x00,
  0x00,0x00,0x00,0x00,0x00,0x00,0x00,0x00,0x07,0xc0,0x18,0x30,0x30,0x08,0x6f,0xc4,0x4c,0x66,0xcc,0x22,0x8c,0x62,0x8f,0xc2,
  0x8c,0x82,0xcc,0x42,0x4c,0x46,0x6c,0x24,0x30,0x08,0x18,0x30,0x07,0xc0,0x00,0x00,0x00,0x00,0x00,0x00,0x00,0x00,0x00,0x00,
  0x00,0x00,0xff,0xf8,0xff,0xf8,0x00,0x00,0x00,0x00,0x00,0x00,0x00,0x00,0x00,0x00,0x00,0x00,0x00,0x00,0x00,0x00,0x00,0x00,
  0x00,0x00,0x00,0x00,0x00,0x00,0x00,0x00,0x00,0x00,0x00,0x00,0x00,0x00,0x00,0x00,0x00,0x00,0x00,0x00,0x00,0x00,0x00,0x00,
  0x00,0x00,0x00,0x00,0x00,0x00,0x00,0x00,0x1c,0x00,0x26,0x00,0x42,0x00,0x42,0x00,0x24,0x00,0x1c,0x00,0x00,0x00,0x00,0x00,
  0x00,0x00,0x00,0x00,0x00,0x00,0x00,0x00,0x00,0x00,0x00,0x00,0x00,0x00,0x00,0x00,0x00,0x00,0x00,0x00,0x00,0x00,0x00,0x00,
  0x00,0x00,0x00,0x00,0x00,0x00,0x00,0x00,0x00,0x00,0x00,0x00,0x06,0x00,0x06,0x00,0x06,0x00,0x06,0x00,0x7f,0xe0,0x7f,0xe0,
  0x06,0x00,0x06,0x00,0x06,0x00,0x06,0x00,0x00,0x00,0x7f,0xe0,0x7f,0xe0,0x00,0x00,0x00,0x00,0x00,0x00,0x00,0x00,0x00,0x00,
  0x00,0x00,0x00,0x00,0x3c,0x44,0x04,0x0c,0x1c,0x30,0x60,0xfe,0x00,0x00,0x00,0x00,0x00,0x00,0x00,0x00,0x00,0x00,0x00,0x00,
  0x00,0x00,0x00,0x00,0x38,0x4c,0x0c,0x18,0x04,0x04,0xcc,0x78,0x00,0x00,0x00,0x00,0x00,0x00,0x00,0x00,0x00,0x00,0x00,0x00,
  0x00,0x00,0x00,0x00,0x1c,0x18,0x10,0x00,0x00,0x00,0x00,0x00,0x00,0x00,0x00,0x00,0x00,0x00,0x00,0x00,0x00,0x00,0x00,0x00,
  0x00,0x00,0x00,0x00,0x00,0x00,0x00,0x00,0x00,0x00,0x00,0x00,0x00,0x00,0x00,0x00,0x20,0x40,0x20,0x40,0x20,0x40,0x20,0x40,
  0x20,0x40,0x20,0x40,0x20,0x40,0x30,0xc0,0x30,0xc0,0x3f,0xc0,0x26,0x40,0x20,0x00,0x20,0x00,0x20,0x00,0x20,0x00,0x00,0x00,
  0x00,0x00,0x00,0x00,0x00,0x00,0x00,0x00,0x3f,0xe0,0x7f,0xe0,0xfc,0xc0,0xfc,0xc0,0xfc,0xc0,0xfc,0xc0,0x7c,0xc0,0x3c,0xc0,
  0x0c,0xc0,0x0c,0xc0,0x0c,0xc0,0x0c,0xc0,0x0c,0xc0,0x0c,0xc0,0x0c,0xc0,0x0c,0xc0,0x0c,0xc0,0x0c,0xc0,0x0c,0xc0,0x00,0x00,
  0x00,0x00,0x00,0x00,0x00,0x00,0x00,0x00,0x00,0x00,0x38,0x38,0x00,0x00,0x00,0x00,0x00,0x00,0x00,0x00,0x00,0x00,0x00,0x00,
  0x00,0x00,0x00,0x00,0x00,0x00,0x00,0x00,0x00,0x00,0x00,0x00,0x00,0x00,0x00,0x00,0x00,0x00,0x00,0x10,0x38,0x08,0x70,0x00,
  0x00,0x00,0x00,0x00,0x18,0x38,0x78,0x48,0x08,0x08,0x08,0x08,0x00,0x00,0x00,0x00,0x00,0x00,0x00,0x00,0x00,0x00,0x00,0x00,
  0x00,0x00,0x00,0x00,0x38,0x64,0x42,0x42,0x42,0x42,0x64,0x38,0x00,0x00,0x00,0x00,0x00,0x00,0x00,0x00,0x00,0x00,0x00,0x00,
  0x00,0x00,0x00,0x00,0x00,0x00,0x00,0x00,0x00,0x00,0x00,0x00,0x00,0x00,0x00,0x00,0x00,0x00,0x22,0x00,0x31,0x00,0x19,0x80,
  0x0c,0xc0,0x0c,0xc0,0x0c,0xc0,0x19,0x80,0x31,0x00,0x22,0x00,0x00,0x00,0x00,0x00,0x00,0x00,0x00,0x00,0x00,0x00,0x00,0x00,
  0x00,0x00,0x00,0x00,0x00,0x00,0x00,0x00,0x00,0x00,0x00,0x00,0x18,0x02,0x00,0x38,0x04,0x00,0x78,0x08,0x00,0x58,0x18,0x00,
  0x18,0x10,0x00,0x18,0x20,0x00,0x18,0x40,0x00,0x18,0xc1,0x00,0x00,0x83,0x00,0x01,0x07,0x00,0x02,0x0d,0x00,0x06,0x19,0x00,
  0x04,0x1f,0x80,0x08,0x01,0x00,0x10,0x01,0x00,0x00,0x00,0x00,0x00,0x00,0x00,0x00,0x00,0x00,0x00,0x00,0x00,0x00,0x00,0x00,
  0x00,0x00,0x00,0x00,0x00,0x00,0x00,0x00,0x00,0x00,0x00,0x00,0x18,0x06,0x00,0x38,0x04,0x00,0x78,0x08,0x00,0x48,0x18,0x00,
  0x08,0x30,0x00,0x08,0x20,0x00,0x08,0x40,0x00,0x08,0xcf,0x00,0x01,0x99,0x80,0x01,0x01,0x80,0x02,0x03,0x80,0x06,0x07,0x00,
  0x0c,0x0e,0x00,0x08,0x1c,0x00,0x10,0x1f,0x80,0x00,0x00,0x00,0x00,0x00,0x00,0x00,0x00,0x00,0x00,0x00,0x00,0x00,0x00,0x00,
  0x00,0x00,0x00,0x00,0x00,0x00,0x00,0x00,0x00,0x00,0x00,0x00,0x3c,0x02,0x00,0x4c,0x04,0x00,0x0c,0x0c,0x00,0x18,0x18,0x00,
  0x04,0x10,0x00,0x06,0x20,0x00,0x4c,0x60,0x00,0x38,0xc3,0x00,0x00,0x83,0x00,0x01,0x07,0x00,0x03,0x0d,0x00,0x06,0x19,0x00,
  0x04,0x1f,0x80,0x08,0x01,0x00,0x18,0x01,0x00,0x00,0x00,0x00,0x00,0x00,0x00,0x00,0x00,0x00,0x00,0x00,0x00,0x00,0x00,0x00,
  0x00,0x00,0x00,0x00,0x00,0x00,0x00,0x00,0x00,0x00,0x00,0x00,0x00,0x00,0x00,0x00,0x02,0x00,0x02,0x00,0x00,0x00,0x00,0x00,
  0x02,0x00,0x06,0x00,0x06,0x00,0x0c,0x00,0x18,0x00,0x30,0x00,0x20,0x00,0x20,0x60,0x30,0xe0,0x1f,0xc0,0x0f,0x80,0x00,0x00,
  0x06,0x00,0x03,0x00,0x01,0x00,0x00,0x00,0x03,0x00,0x07,0x00,0x07,0x80,0x0d,0x80,0x0c,0x80,0x08,0xc0,0x18,0xc0,0x18,0x60,
  0x3f,0xe0,0x3f,0xf0,0x30,0x30,0x60,0x30,0x60,0x18,0x40,0x18,0xc0,0x0c,0x00,0x00,0x00,0x00,0x00,0x00,0x00,0x00,0x00,0x00,
  0x01,0x80,0x03,0x00,0x02,0x00,0x00,0x00,0x03,0x00,0x07,0x00,0x07,0x80,0x0d,0x80,0x0c,0x80,0x08,0xc0,0x18,0xc0,0x18,0x60,
  0x3f,0xe0,0x3f,0xf0,0x30,0x30,0x60,0x30,0x60,0x18,0x40,0x18,0xc0,0x0c,0x00,0x00,0x00,0x00,0x00,0x00,0x00,0x00,0x00,0x00,
  0x03,0x00,0x07,0x80,0x0c,0xc0,0x00,0x00,0x03,0x00,0x07,0x00,0x07,0x80,0x0d,0x80,0x0c,0x80,0x08,0xc0,0x18,0xc0,0x18,0x60,
  0x3f,0xe0,0x3f,0xf0,0x30,0x30,0x60,0x30,0x60,0x18,0x40,0x18,0xc0,0x0c,0x00,0x00,0x00,0x00,0x00,0x00,0x00,0x00,0x00,0x00,
  0x06,0x60,0x0f,0xe0,0x09,0xc0,0x00,0x00,0x03,0x00,0x07,0x00,0x07,0x80,0x0d,0x80,0x0c,0x80,0x08,0xc0,0x18,0xc0,0x18,0x60,
  0x3f,0xe0,0x3f,0xf0,0x30,0x30,0x60,0x30,0x60,0x18,0x40,0x18,0xc0,0x0c,0x00,0x00,0x00,0x00,0x00,0x00,0x00,0x00,0x00,0x00,
  0x00,0x00,0x0c,0xc0,0x0c,0xc0,0x00,0x00,0x03,0x00,0x07,0x00,0x07,0x80,0x0d,0x80,0x0c,0x80,0x08,0xc0,0x18,0xc0,0x18,0x60,
  0x3f,0xe0,0x3f,0xf0,0x30,0x30,0x60,0x30,0x60,0x18,0x40,0x18,0xc0,0x0c,0x00,0x00,0x00,0x00,0x00,0x00,0x00,0x00,0x00,0x00,
  0x03,0x00,0x05,0x00,0x00,0x00,0x05,0x00,0x07,0x00,0x07,0x00,0x07,0x80,0x0d,0x80,0x0c,0x80,0x08,0xc0,0x18,0xc0,0x18,0x60,
  0x3f,0xe0,0x3f,0xf0,0x30,0x30,0x60,0x30,0x60,0x18,0x40,0x18,0xc0,0x0c,0x00,0x00,0x00,0x00,0x00,0x00,0x00,0x00,0x00,0x00,
  0x00,0x00,0x00,0x00,0x00,0x00,0x00,0x00,0x00,0x00,0x00,0x00,0x01,0xff,0xe0,0x01,0xff,0xe0,0x03,0x30,0x00,0x03,0x30,0x00,
  0x06,0x30,0x00,0x06,0x30,0x00,0x0c,0x3f,0xe0,0x0c,0x3f,0xe0,0x18,0x30,0x00,0x1f,0xf0,0x00,0x3f,0xf0,0x00,0x30,0x30,0x00,
  0x60,0x30,0x00,0x60,0x3f,0xf0,0xc0,0x3f,0xf0,0x00,0x00,0x00,0x00,0x00,0x00,0x00,0x00,0x00,0x00,0x00,0x00,0x00,0x00,0x00,
  0x00,0x00,0x00,0x00,0x00,0x00,0x00,0x00,0x07,0xc0,0x0f,0xf0,0x18,0x38,0x30,0x18,0x20,0x08,0x60,0x00,0x60,0x00,0x60,0x00,
  0x60,0x00,0x60,0x00,0x20,0x0c,0x30,0x1c,0x18,0x38,0x1f,0xf0,0x07,0xc0,0x01,0x00,0x01,0x80,0x00,0x80,0x07,0x80,0x00,0x00,
  0x06,0x00,0x03,0x00,0x01,0x00,0x00,0x00,0x3f,0xf0,0x3f,0xf0,0x20,0x00,0x20,0x00,0x20,0x00,0x20,0x00,0x3f,0xf0,0x3f,0xf0,
  0x20,0x00,0x20,0x00,0x20,0x00,0x20,0x00,0x20,0x00,0x3f,0xf8,0x3f,0xf8,0x00,0x00,0x00,0x00,0x00,0x00,0x00,0x00,0x00,0x00,
  0x01,0x80,0x03,0x00,0x02,0x00,0x00,0x00,0x3f,0xf0,0x3f,0xf0,0x20,0x00,0x20,0x00,0x20,0x00,0x20,0x00,0x3f,0xf0,0x3f,0xf0,
  0x20,0x00,0x20,0x00,0x20,0x00,0x20,0x00,0x20,0x00,0x3f,0xf8,0x3f,0xf8,0x00,0x00,0x00,0x00,0x00,0x00,0x00,0x00,0x00,0x00,
  0x03,0x00,0x07,0x80,0x0c,0xc0,0x00,0x00,0x3f,0xf0,0x3f,0xf0,0x20,0x00,0x20,0x00,0x20,0x00,0x20,0x00,0x3f,0xf0,0x3f,0xf0,
  0x20,0x00,0x20,0x00,0x20,0x00,0x20,0x00,0x20,0x00,0x3f,0xf8,0x3f,0xf8,0x00,0x00,0x00,0x00,0x00,0x00,0x00,0x00,0x00,0x00,
  0x00,0x00,0x0c,0xc0,0x0c,0xc0,0x00,0x00,0x3f,0xf0,0x3f,0xf0,0x20,0x00,0x20,0x00,0x20,0x00,0x20,0x00,0x3f,0xf0,0x3f,0xf0,
  0x20,0x00,0x20,0x00,0x20,0x00,0x20,0x00,0x20,0x00,0x3f,0xf8,0x3f,0xf8,0x00,0x00,0x00,0x00,0x00,0x00,0x00,0x00,0x00,0x00,
  0x60,0x30,0x10,0x00,0x30,0x30,0x30,0x30,0x30,0x30,0x30,0x30,0x30,0x30,0x30,0x30,0x30,0x30,0x30,0x00,0x00,0x00,0x00,0x00,
  0x18,0x30,0x20,0x00,0x30,0x30,0x30,0x30,0x30,0x30,0x30,0x30,0x30,0x30,0x30,0x30,0x30,0x30,0x30,0x00,0x00,0x00,0x00,0x00,
  0x30,0x78,0xcc,0x00,0x30,0x30,0x30,0x30,0x30,0x30,0x30,0x30,0x30,0x30,0x30,0x30,0x30,0x30,0x30,0x00,0x00,0x00,0x00,0x00,
  0x00,0xcc,0xcc,0x00,0x30,0x30,0x30,0x30,0x30,0x30,0x30,0x30,0x30,0x30,0x30,0x30,0x30,0x30,0x30,0x00,0x00,0x00,0x00,0x00,
  0x00,0x00,0x00,0x00,0x00,0x00,0x00,0x00,0x3f,0xc0,0x3f,0xf0,0x20,0x38,0x20,0x18,0x20,0x0c,0x20,0x0c,0xff,0x0c,0xff,0x0c,
  0x20,0x0c,0x20,0x0c,0x20,0x0c,0x20,0x18,0x20,0x38,0x3f,0xf0,0x3f,0xc0,0x00,0x00,0x00,0x00,0x00,0x00,0x00,0x00,0x00,0x00,
  0x03,0x30,0x07,0xf0,0x04,0xe0,0x00,0x00,0x30,0x08,0x38,0x08,0x38,0x08,0x3c,0x08,0x26,0x08,0x26,0x08,0x23,0x08,0x21,0x88,
  0x21,0x88,0x20,0xc8,0x20,0x68,0x20,0x78,0x20,0x38,0x20,0x18,0x20,0x18,0x00,0x00,0x00,0x00,0x00,0x00,0x00,0x00,0x00,0x00,
  0x03,0x00,0x00,0x01,0x80,0x00,0x00,0x80,0x00,0x00,0x00,0x00,0x03,0xe0,0x00,0x0f,0xf8,0x00,0x1c,0x1c,0x00,0x30,0x0c,0x00,
  0x20,0x06,0x00,0x60,0x06,0x00,0x60,0x06,0x00,0x60,0x02,0x00,0x60,0x06,0x00,0x60,0x06,0x00,0x20,0x06,0x00,0x30,0x0c,0x00,
  0x1c,0x1c,0x00,0x0f,0xf8,0x00,0x03,0xe0,0x00,0x00,0x00,0x00,0x00,0x00,0x00,0x00,0x00,0x00,0x00,0x00,0x00,0x00,0x00,0x00,
  0x00,0xc0,0x00,0x01,0x80,0x00,0x01,0x00,0x00,0x00,0x00,0x00,0x03,0xe0,0x00,0x0f,0xf8,0x00,0x1c,0x1c,0x00,0x30,0x0c,0x00,
  0x20,0x06,0x00,0x60,0x06,0x00,0x60,0x06,0x00,0x60,0x02,0x00,0x60,0x06,0x00,0x60,0x06,0x00,0x20,0x06,0x00,0x30,0x0c,0x00,
  0x1c,0x1c,0x00,0x0f,0xf8,0x00,0x03,0xe0,0x00,0x00,0x00,0x00,0x00,0x00,0x00,0x00,0x00,0x00,0x00,0x00,0x00,0x00,0x00,0x00,
  0x01,0xc0,0x00,0x03,0x40,0x00,0x03,0x60,0x00,0x00,0x00,0x00,0x03,0xe0,0x00,0x0f,0xf8,0x00,0x1c,0x1c,0x00,0x30,0x0c,0x00,
  0x20,0x06,0x00,0x60,0x06,0x00,0x60,0x06,0x00,0x60,0x02,0x00,0x60,0x06,0x00,0x60,0x06,0x00,0x20,0x06,0x00,0x30,0x0c,0x00,
  0x1c,0x1c,0x00,0x0f,0xf8,0x00,0x03,0xe0,0x00,0x00,0x00,0x00,0x00,0x00,0x00,0x00,0x00,0x00,0x00,0x00,0x00,0x00,0x00,0x00,
  0x03,0x30,0x00,0x07,0xf0,0x00,0x04,0xe0,0x00,0x00,0x00,0x00,0x03,0xe0,0x00,0x0f,0xf8,0x00,0x1c,0x1c,0x00,0x30,0x0c,0x00,
  0x20,0x06,0x00,0x60,0x06,0x00,0x60,0x06,0x00,0x60,0x02,0x00,0x60,0x06,0x00,0x60,0x06,0x00,0x20,0x06,0x00,0x30,0x0c,0x00,
  0x1c,0x1c,0x00,0x0f,0xf8,0x00,0x03,0xe0,0x00,0x00,0x00,0x00,0x00,0x00,0x00,0x00,0x00,0x00,0x00,0x00,0x00,0x00,0x00,0x00,
  0x00,0x00,0x00,0x06,0x60,0x00,0x06,0x60,0x00,0x00,0x00,0x00,0x03,0xe0,0x00,0x0f,0xf8,0x00,0x1c,0x1c,0x00,0x30,0x0c,0x00,
  0x20,0x06,0x00,0x60,0x06,0x00,0x60,0x06,0x00,0x60,0x02,0x00,0x60,0x06,0x00,0x60,0x06,0x00,0x20,0x06,0x00,0x30,0x0c,0x00,
  0x1c,0x1c,0x00,0x0f,0xf8,0x00,0x03,0xe0,0x00,0x00,0x00,0x00,0x00,0x00,0x00,0x00,0x00,0x00,0x00,0x00,0x00,0x00,0x00,0x00,
  0x00,0x00,0x00,0x00,0x00,0x00,0x00,0x00,0x00,0x00,0x00,0x00,0x00,0x00,0x20,0x40,0x30,0xc0,0x19,0x80,0x0f,0x00,0x06,0x00,
  0x0f,0x00,0x19,0x80,0x30,0xc0,0x20,0x40,0x00,0x00,0x00,0x00,0x00,0x00,0x00,0x00,0x00,0x00,0x00,0x00,0x00,0x00,0x00,0x00,
  0x00,0x00,0x00,0x00,0x00,0x00,0x00,0x00,0x00,0x00,0x00,0x00,0x03,0xe6,0x00,0x0f,0xfc,0x00,0x1c,0x1c,0x00,0x30,0x1c,0x00,
  0x20,0x36,0x00,0x60,0x66,0x00,0x60,0xc6,0x00,0x61,0x82,0x00,0x63,0x06,0x00,0x66,0x06,0x00,0x34,0x06,0x00,0x38,0x0c,0x00,
  0x1c,0x1c,0x00,0x3f,0xf8,0x00,0x67,0xe0,0x00,0x00,0x00,0x00,0x00,0x00,0x00,0x00,0x00,0x00,0x00,0x00,0x00,0x00,0x00,0x00,
  0x06,0x00,0x03,0x00,0x01,0x00,0x00,0x00,0x20,0x08,0x20,0x08,0x20,0x08,0x20,0x08,0x20,0x08,0x20,0x08,0x20,0x08,0x20,0x08,
  0x20,0x08,0x20,0x08,0x30,0x08,0x30,0x18,0x38,0x38,0x1f,0xf0,0x07,0xc0,0x00,0x00,0x00,0x00,0x00,0x00,0x00,0x00,0x00,0x00,
  0x01,0x80,0x03,0x00,0x02,0x00,0x00,0x00,0x20,0x08,0x20,0x08,0x20,0x08,0x20,0x08,0x20,0x08,0x20,0x08,0x20,0x08,0x20,0x08,
  0x20,0x08,0x20,0x08,0x30,0x08,0x30,0x18,0x38,0x38,0x1f,0xf0,0x07,0xc0,0x00,0x00,0x00,0x00,0x00,0x00,0x00,0x00,0x00,0x00,
  0x01,0x80,0x03,0xc0,0x06,0x60,0x00,0x00,0x20,0x08,0x20,0x08,0x20,0x08,0x20,0x08,0x20,0x08,0x20,0x08,0x20,0x08,0x20,0x08,
  0x20,0x08,0x20,0x08,0x30,0x08,0x30,0x18,0x38,0x38,0x1f,0xf0,0x07,0xc0,0x00,0x00,0x00,0x00,0x00,0x00,0x00,0x00,0x00,0x00,
  0x00,0x00,0x06,0x60,0x06,0x60,0x00,0x00,0x20,0x08,0x20,0x08,0x20,0x08,0x20,0x08,0x20,0x08,0x20,0x08,0x20,0x08,0x20,0x08,
  0x20,0x08,0x20,0x08,0x30,0x08,0x30,0x18,0x38,0x38,0x1f,0xf0,0x07,0xc0,0x00,0x00,0x00,0x00,0x00,0x00,0x00,0x00,0x00,0x00,
  0x01,0x80,0x03,0x00,0x02,0x00,0x00,0x00,0x60,0x18,0x60,0x30,0x30,0x30,0x18,0x60,0x18,0x40,0x0c,0xc0,0x07,0x80,0x07,0x00,
  0x03,0x00,0x03,0x00,0x03,0x00,0x03,0x00,0x03,0x00,0x03,0x00,0x03,0x00,0x00,0x00,0x00,0x00,0x00,0x00,0x00,0x00,0x00,0x00,
  0x00,0x00,0x00,0x00,0x00,0x00,0x00,0x00,0x20,0x00,0x20,0x00,0x20,0x00,0x3f,0xe0,0x3f,0xf0,0x20,0x38,0x20,0x18,0x20,0x18,
  0x20,0x18,0x20,0x38,0x3f,0xf0,0x3f,0xc0,0x20,0x00,0x20,0x00,0x20,0x00,0x00,0x00,0x00,0x00,0x00,0x00,0x00,0x00,0x00,0x00,
  0x00,0x00,0x00,0x00,0x00,0x00,0x00,0x00,0x0f,0x00,0x1f,0x80,0x30,0xc0,0x30,0xc0,0x20,0xc0,0x21,0x80,0x21,0x00,0x21,0x00,
  0x21,0xc0,0x20,0xe0,0x20,0x30,0x20,0x30,0x26,0x30,0x27,0xe0,0x21,0xc0,0x00,0x00,0x00,0x00,0x00,0x00,0x00,0x00,0x00,0x00,
  0x00,0x00,0x00,0x00,0x00,0x00,0x00,0x00,0x0c,0x00,0x06,0x00,0x02,0x00,0x00,0x00,0x1f,0x80,0x3f,0xc0,0x60,0xc0,0x00,0xc0,
  0x01,0xc0,0x3f,0xc0,0x70,0xc0,0x60,0xc0,0x61,0xc0,0x7f,0xc0,0x3e,0x60,0x00,0x00,0x00,0x00,0x00,0x00,0x00,0x00,0x00,0x00,
  0x00,0x00,0x00,0x00,0x00,0x00,0x00,0x00,0x03,0x00,0x06,0x00,0x04,0x00,0x00,0x00,0x1f,0x80,0x3f,0xc0,0x60,0xc0,0x00,0xc0,
  0x01,0xc0,0x3f,0xc0,0x70,0xc0,0x60,0xc0,0x61,0xc0,0x7f,0xc0,0x3e,0x60,0x00,0x00,0x00,0x00,0x00,0x00,0x00,0x00,0x00,0x00,
  0x00,0x00,0x00,0x00,0x00,0x00,0x00,0x00,0x07,0x00,0x0d,0x00,0x09,0x80,0x00,0x00,0x1f,0x80,0x3f,0xc0,0x60,0xc0,0x00,0xc0,
  0x01,0xc0,0x3f,0xc0,0x70,0xc0,0x60,0xc0,0x61,0xc0,0x7f,0xc0,0x3e,0x60,0x00,0x00,0x00,0x00,0x00,0x00,0x00,0x00,0x00,0x00,
  0x00,0x00,0x00,0x00,0x00,0x00,0x00,0x00,0x0c,0xc0,0x1f,0xc0,0x13,0x80,0x00,0x00,0x1f,0x80,0x3f,0xc0,0x60,0xc0,0x00,0xc0,
  0x01,0xc0,0x3f,0xc0,0x70,0xc0,0x60,0xc0,0x61,0xc0,0x7f,0xc0,0x3e,0x60,0x00,0x00,0x00,0x00,0x00,0x00,0x00,0x00,0x00,0x00,
  0x00,0x00,0x00,0x00,0x00,0x00,0x00,0x00,0x00,0x00,0x19,0x80,0x19,0x80,0x00,0x00,0x1f,0x80,0x3f,0xc0,0x60,0xc0,0x00,0xc0,
  0x01,0xc0,0x3f,0xc0,0x70,0xc0,0x60,0xc0,0x61,0xc0,0x7f,0xc0,0x3e,0x60,0x00,0x00,0x00,0x00,0x00,0x00,0x00,0x00,0x00,0x00,
  0x00,0x00,0x00,0x00,0x06,0x00,0x05,0x00,0x00,0x00,0x05,0x00,0x06,0x00,0x00,0x00,0x1f,0x80,0x3f,0xc0,0x60,0xc0,0x00,0xc0,
  0x01,0xc0,0x3f,0xc0,0x70,0xc0,0x60,0xc0,0x61,0xc0,0x7f,0xc0,0x3e,0x60,0x00,0x00,0x00,0x00,0x00,0x00,0x00,0x00,0x00,0x00,
  0x00,0x00,0x00,0x00,0x00,0x00,0x00,0x00,0x00,0x00,0x00,0x00,0x00,0x00,0x00,0x00,0x00,0x00,0x00,0x00,0x00,0x00,0x00,0x00,
  0x1f,0x1e,0x00,0x3f,0xff,0x00,0x60,0xe1,0x80,0x03,0xc0,0x80,0x3f,0xff,0xc0,0x78,0xff,0xc0,0x60,0xc0,0x00,0x40,0xc0,0xc0,
  0x61,0xe1,0x80,0x7f,0x7f,0x00,0x1e,0x1e,0x00,0x00,0x00,0x00,0x00,0x00,0x00,0x00,0x00,0x00,0x00,0x00,0x00,0x00,0x00,0x00,
  0x00,0x00,0x00,0x00,0x00,0x00,0x00,0x00,0x00,0x00,0x00,0x00,0x00,0x00,0x00,0x00,0x0f,0x00,0x3f,0x80,0x31,0xc0,0x60,0xc0,
  0x60,0x00,0x60,0x00,0x60,0x00,0x60,0xc0,0x30,0xc0,0x3f,0x80,0x0f,0x00,0x04,0x00,0x06,0x00,0x03,0x00,0x0e,0x00,0x00,0x00,
  0x00,0x00,0x00,0x00,0x00,0x00,0x00,0x00,0x0c,0x00,0x06,0x00,0x02,0x00,0x00,0x00,0x0f,0x00,0x3f,0x80,0x30,0xc0,0x60,0x40,
  0x7f,0xe0,0x7f,0xe0,0x60,0x00,0x60,0x00,0x30,0xc0,0x3f,0xc0,0x0f,0x00,0x00,0x00,0x00,0x00,0x00,0x00,0x00,0x00,0x00,0x00,
  0x00,0x00,0x00,0x00,0x00,0x00,0x00,0x00,0x03,0x00,0x06,0x00,0x04,0x00,0x00,0x00,0x0f,0x00,0x3f,0x80,0x30,0xc0,0x60,0x40,
  0x7f,0xe0,0x7f,0xe0,0x60,0x00,0x60,0x00,0x30,0xc0,0x3f,0xc0,0x0f,0x00,0x00,0x00,0x00,0x00,0x00,0x00,0x00,0x00,0x00,0x00,
  0x00,0x00,0x00,0x00,0x00,0x00,0x00,0x00,0x06,0x00,0x0d,0x00,0x19,0x80,0x00,0x00,0x0f,0x00,0x3f,0x80,0x30,0xc0,0x60,0x40,
  0x7f,0xe0,0x7f,0xe0,0x60,0x00,0x60,0x00,0x30,0xc0,0x3f,0xc0,0x0f,0x00,0x00,0x00,0x00,0x00,0x00,0x00,0x00,0x00,0x00,0x00,
  0x00,0x00,0x00,0x00,0x00,0x00,0x00,0x00,0x00,0x00,0x19,0x80,0x19,0x80,0x00,0x00,0x0f,0x00,0x3f,0x80,0x30,0xc0,0x60,0x40,
  0x7f,0xe0,0x7f,0xe0,0x60,0x00,0x60,0x00,0x30,0xc0,0x3f,0xc0,0x0f,0x00,0x00,0x00,0x00,0x00,0x00,0x00,0x00,0x00,0x00,0x00,
  0x00,0x00,0x00,0x00,0x60,0x30,0x10,0x00,0x30,0x30,0x30,0x30,0x30,0x30,0x30,0x30,0x30,0x30,0x30,0x00,0x00,0x00,0x00,0x00,
  0x00,0x00,0x00,0x00,0x18,0x30,0x20,0x00,0x30,0x30,0x30,0x30,0x30,0x30,0x30,0x30,0x30,0x30,0x30,0x00,0x00,0x00,0x00,0x00,
  0x00,0x00,0x00,0x00,0x30,0x68,0xcc,0x00,0x30,0x30,0x30,0x30,0x30,0x30,0x30,0x30,0x30,0x30,0x30,0x00,0x00,0x00,0x00,0x00,
  0x00,0x00,0x00,0x00,0x00,0xcc,0xcc,0x00,0x30,0x30,0x30,0x30,0x30,0x30,0x30,0x30,0x30,0x30,0x30,0x00,0x00,0x00,0x00,0x00,
  0x00,0x00,0x00,0x00,0x00,0x00,0x00,0x00,0x0c,0x80,0x07,0x00,0x0f,0x00,0x11,0x80,0x1f,0x80,0x3f,0xc0,0x70,0xc0,0x60,0xc0,
  0x60,0x60,0x60,0x60,0x60,0x60,0x60,0xc0,0x71,0xc0,0x3f,0x80,0x0f,0x00,0x00,0x00,0x00,0x00,0x00,0x00,0x00,0x00,0x00,0x00,
  0x00,0x00,0x00,0x00,0x00,0x00,0x00,0x00,0x0c,0xc0,0x1f,0xc0,0x13,0x80,0x00,0x00,0x27,0x80,0x3f,0xc0,0x30,0xc0,0x30,0xc0,
  0x20,0xc0,0x20,0xc0,0x20,0xc0,0x20,0xc0,0x20,0xc0,0x20,0xc0,0x20,0xc0,0x00,0x00,0x00,0x00,0x00,0x00,0x00,0x00,0x00,0x00,
  0x00,0x00,0x00,0x00,0x00,0x00,0x00,0x00,0x0c,0x00,0x06,0x00,0x02,0x00,0x00,0x00,0x0f,0x00,0x3f,0x80,0x30,0xc0,0x60,0x40,
  0x60,0x60,0x60,0x60,0x60,0x60,0x60,0x40,0x30,0xc0,0x3f,0x80,0x0f,0x00,0x00,0x00,0x00,0x00,0x00,0x00,0x00,0x00,0x00,0x00,
  0x00,0x00,0x00,0x00,0x00,0x00,0x00,0x00,0x03,0x00,0x06,0x00,0x04,0x00,0x00,0x00,0x0f,0x00,0x3f,0x80,0x30,0xc0,0x60,0x40,
  0x60,0x60,0x60,0x60,0x60,0x60,0x60,0x40,0x30,0xc0,0x3f,0x80,0x0f,0x00,0x00,0x00,0x00,0x00,0x00,0x00,0x00,0x00,0x00,0x00,
  0x00,0x00,0x00,0x00,0x00,0x00,0x00,0x00,0x06,0x00,0x0d,0x00,0x19,0x80,0x00,0x00,0x0f,0x00,0x3f,0x80,0x30,0xc0,0x60,0x40,
  0x60,0x60,0x60,0x60,0x60,0x60,0x60,0x40,0x30,0xc0,0x3f,0x80,0x0f,0x00,0x00,0x00,0x00,0x00,0x00,0x00,0x00,0x00,0x00,0x00,
  0x00,0x00,0x00,0x00,0x00,0x00,0x00,0x00,0x0c,0xc0,0x1f,0xc0,0x13,0x80,0x00,0x00,0x0f,0x00,0x3f,0x80,0x30,0xc0,0x60,0x40,
  0x60,0x60,0x60,0x60,0x60,0x60,0x60,0x40,0x30,0xc0,0x3f,0x80,0x0f,0x00,0x00,0x00,0x00,0x00,0x00,0x00,0x00,0x00,0x00,0x00,
  0x00,0x00,0x00,0x00,0x00,0x00,0x00,0x00,0x00,0x00,0x19,0x80,0x19,0x80,0x00,0x00,0x0f,0x00,0x3f,0x80,0x30,0xc0,0x60,0x40,
  0x60,0x60,0x60,0x60,0x60,0x60,0x60,0x40,0x30,0xc0,0x3f,0x80,0x0f,0x00,0x00,0x00,0x00,0x00,0x00,0x00,0x00,0x00,0x00,0x00,
  0x00,0x00,0x00,0x00,0x00,0x00,0x00,0x00,0x00,0x00,0x00,0x00,0x00,0x00,0x00,0x00,0x06,0x00,0x06,0x00,0x00,0x00,0x7f,0xe0,
  0x7f,0xe0,0x00,0x00,0x06,0x00,0x06,0x00,0x00,0x00,0x00,0x00,0x00,0x00,0x00,0x00,0x00,0x00,0x00,0x00,0x00,0x00,0x00,0x00,
  0x00,0x00,0x00,0x00,0x00,0x00,0x00,0x00,0x00,0x00,0x00,0x00,0x00,0x00,0x00,0x20,0x0f,0x60,0x1f,0xc0,0x38,0xe0,0x31,0xe0,
  0x63,0x20,0x62,0x20,0x64,0x20,0x2c,0x60,0x38,0xe0,0x3f,0xc0,0x27,0x80,0x20,0x00,0x00,0x00,0x00,0x00,0x00,0x00,0x00,0x00,
  0x00,0x00,0x00,0x00,0x00,0x00,0x00,0x00,0x0c,0x00,0x06,0x00,0x02,0x00,0x00,0x00,0x20,0xc0,0x20,0xc0,0x20,0xc0,0x20,0xc0,
  0x20,0xc0,0x20,0xc0,0x20,0xc0,0x20,0xc0,0x31,0xc0,0x3f,0x40,0x1e,0x40,0x00,0x00,0x00,0x00,0x00,0x00,0x00,0x00,0x00,0x00,
  0x00,0x00,0x00,0x00,0x00,0x00,0x00,0x00,0x03,0x00,0x06,0x00,0x04,0x00,0x00,0x00,0x20,0xc0,0x20,0xc0,0x20,0xc0,0x20,0xc0,
  0x20,0xc0,0x20,0xc0,0x20,0xc0,0x20,0xc0,0x31,0xc0,0x3f,0x40,0x1e,0x40,0x00,0x00,0x00,0x00,0x00,0x00,0x00,0x00,0x00,0x00,
  0x00,0x00,0x00,0x00,0x00,0x00,0x00,0x00,0x06,0x00,0x0f,0x00,0x19,0x80,0x00,0x00,0x20,0xc0,0x20,0xc0,0x20,0xc0,0x20,0xc0,
  0x20,0xc0,0x20,0xc0,0x20,0xc0,0x20,0xc0,0x31,0xc0,0x3f,0x40,0x1e,0x40,0x00,0x00,0x00,0x00,0x00,0x00,0x00,0x00,0x00,0x00,
  0x00,0x00,0x00,0x00,0x00,0x00,0x00,0x00,0x00,0x00,0x19,0x00,0x19,0x00,0x00,0x00,0x20,0xc0,0x20,0xc0,0x20,0xc0,0x20,0xc0,
  0x20,0xc0,0x20,0xc0,0x20,0xc0,0x20,0xc0,0x31,0xc0,0x3f,0x40,0x1e,0x40,0x00,0x00,0x00,0x00,0x00,0x00,0x00,0x00,0x00,0x00,
  0x00,0x00,0x00,0x00,0x00,0x00,0x00,0x00,0x03,0x00,0x06,0x00,0x04,0x00,0x00,0x00,0x60,0xc0,0x60,0xc0,0x20,0x80,0x31,0x80,
  0x31,0x80,0x11,0x00,0x1b,0x00,0x1b,0x00,0x0e,0x00,0x0e,0x00,0x04,0x00,0x0c,0x00,0x0c,0x00,0x78,0x00,0x70,0x00,0x00,0x00,
  0x00,0x00,0x00,0x00,0x00,0x00,0x00,0x00,0x60,0x00,0x60,0x00,0x60,0x00,0x60,0x00,0x67,0x00,0x7f,0x80,0x70,0xc0,0x60,0xc0,
  0x60,0x60,0x60,0x60,0x60,0x60,0x60,0xc0,0x70,0xc0,0x7f,0x80,0x67,0x00,0x60,0x00,0x60,0x00,0x60,0x00,0x60,0x00,0x00,0x00,
  0x00,0x00,0x00,0x00,0x00,0x00,0x00,0x00,0x00,0x00,0x33,0x00,0x33,0x00,0x00,0x00,0x60,0xc0,0x60,0xc0,0x20,0x80,0x31,0x80,
  0x31,0x80,0x11,0x00,0x1b,0x00,0x1b,0x00,0x0e,0x00,0x0e,0x00,0x04,0x00,0x0c,0x00,0x0c,0x00,0x78,0x00,0x70,0x00,0x00,0x00,
};
static const NextionGlyph nextion_font2_glyphs[224] PROGMEM = {
  {0,6,6,0,0},  // 32 
  {24,6,6,0,0},  // 33 '!'
  {48,8,8,0,0},  // 34 '"'
  {72,12,12,0,0},  // 35 '#'
  {120,12,12,0,0},  // 36 '$'
  {168,19,19,0,0},  // 37 '%'
  {240,15,15,0,0},  // 38 '&'
  {288,5,5,0,0},  // 39 "'"
  {312,8,8,0,0},  // 40 '('
  {336,8,8,0,0},  // 41 ')'
  {360,9,9,0,0},  // 42 '*'
  {408,13,13,0,0},  // 43 '+'
  {456,6,6,0,0},  // 44 ','
  {480,8,8,0,0},  // 45 '-'
  {504,6,6,0,0},  // 46 '.'
  {528,6,6,0,0},  // 47 '/'
  {552,12,12,0,0},  // 48 '0'
  {600,12,12,0,0},  // 49 '1'
  {648,12,12,0,0},  // 50 '2'
  {696,12,12,0,0},  // 51 '3'
  {744,12,12,0,0},  // 52 '4'
  {792,12,12,0,0},  // 53 '5'
  {840,12,12,0,0},  // 54 '6'
  {888,12,12,0,0},  // 55 '7'
  {936,12,12,0,0},  // 56 '8'
  {984,12,12,0,0},  // 57 '9'
  {1032,6,6,0,0},  // 58 ':'
  {1056,6,6,0,0},  // 59 ';'
  {1080,13,13,0,0},  // 60 '<'
  {1128,13,13,0,0},  // 61 '='
  {1176,13,13,0,0},  // 62 '>'
  {1224,12,12,0,0},  // 63 '?'
  {1272,22,22,0,0},  // 64 '@'
  {1344,15,15,0,0},  // 65 'A'
  {1392,15,15,0,0},  // 66 'B'
  {1440,16,16,0,0},  // 67 'C'
  {1488,16,16,0,0},  // 68 'D'
  {1536,15,15,0,0},  // 69 'E'
  {1584,14,14,0,0},  // 70 'F'
  {1632,17,17,0,0},  // 71 'G'
  {1704,16,16,0,0},  // 72 'H'
  {1752,6,6,0,0},  // 73 'I'
  {1776,11,11,0,0},  // 74 'J'
  {1824,15,15,0,0},  // 75 'K'
  {1872,12,12,0,0},  // 76 'L'
  {1920,18,18,0,0},  // 77 'M'
  {1992,16,16,0,0},  // 78 'N'
  {2040,17,17,0,0},  // 79 'O'
  {2112,15,15,0,0},  // 80 'P'
  {2160,17,17,0,0},  // 81 'Q'
  {2232,16,16,0,0},  // 82 'R'
  {2280,15,15,0,0},  // 83 'S'
  {2328,14,14,0,0},  // 84 'T'
  {2376,16,16,0,0},  // 85 'U'
  {2424,15,15,0,0},  // 86 'V'
  {2472,21,21,0,0},  // 87 'W'
  {2544,15,15,0,0},  // 88 'X'
  {2592,15,15,0,0},  // 89 'Y'
  {2640,14,14,0,0},  // 90 'Z'
  {2688,6,6,0,0},  // 91 '['
  {2712,6,6,0,0},  // 92 '\\'
  {2736,6,6,0,0},  // 93 ']'
  {2760,11,11,0,0},  // 94 '^'
  {2808,12,13,1,0},  // 95 '_'
  {2856,8,8,0,0},  // 96 '`'
  {2880,12,12,0,0},  // 97 'a'
  {2928,12,12,0,0},  // 98 'b'
  {2976,11,11,0,0},  // 99 'c'
  {3024,12,12,0,0},  // 100 'd'
  {3072,12,12,0,0},  // 101 'e'
  {3120,6,7,0,1},  // 102 'f'
  {3144,12,12,0,0},  // 103 'g'
  {3192,12,12,0,0},  // 104 'h'
  {3240,5,5,0,0},  // 105 'i'
  {3264,5,6,1,0},  // 106 'j'
  {3288,11,11,0,0},  // 107 'k'
  {3336,5,5,0,0},  // 108 'l'
  {3360,18,18,0,0},  // 109 'm'
  {3432,12,12,0,0},  // 110 'n'
  {3480,12,12,0,0},  // 111 'o'
  {3528,12,12,0,0},  // 112 'p'
  {3576,12,12,0,0},  // 113 'q'
  {3624,8,8,0,0},  // 114 'r'
  {3648,11,11,0,0},  // 115 's'
  {3696,6,6,0,0},  // 116 't'
  {3720,12,12,0,0},  // 117 'u'
  {3768,11,11,0,0},  // 118 'v'
  {3816,16,16,0,0},  // 119 'w'
  {3864,11,11,0,0},  // 120 'x'
  {3912,11,11,0,0},  // 121 'y'
  {3960,11,11,0,0},  // 122 'z'
  {4008,8,8,0,0},  // 123 '{'
  {4032,6,6,0,0},  // 124 '|'
  {4056,8,8,0,0},  // 125 '}'
  {4080,13,13,0,0},  // 126 '~'
  {4128,12,12,0,0},  // 127 
  {4176,17,17,0,0},  // 128 
  {4248,17,17,0,0},  // 129 
  {4320,17,17,0,0},  // 130 
  {4392,17,17,0,0},  // 131 
  {4464,6,14,0,8},  // 132 
  {4512,1,1,0,0},  // 133 
  {4536,17,17,0,0},  // 134 
  {4608,17,17,0,0},  // 135 
  {4680,17,17,0,0},  // 136 
  {4752,17,17,0,0},  // 137 
  {4824,17,17,0,0},  // 138 
  {4896,17,17,0,0},  // 139 
  {4968,17,17,0,0},  // 140 
  {5040,17,17,0,0},  // 141 
  {5112,17,17,0,0},  // 142 
  {5184,17,17,0,0},  // 143 
  {5256,17,17,0,0},  // 144 
  {5328,17,17,0,0},  // 145 
  {5400,17,17,0,0},  // 146 
  {5472,17,17,0,0},  // 147 
  {5544,17,17,0,0},  // 148 
  {5616,17,17,0,0},  // 149 
  {5688,17,17,0,0},  // 150 
  {5760,17,17,0,0},  // 151 
  {5832,17,17,0,0},  // 152 
  {5904,17,17,0,0},  // 153 
  {5976,17,17,0,0},  // 154 
  {6048,17,17,0,0},  // 155 
  {6120,17,17,0,0},  // 156 
  {6192,17,17,0,0},  // 157 
  {6264,17,17,0,0},  // 158 
  {6336,17,17,0,0},  // 159 
  {6408,6,6,0,0},  // 160 
  {6432,8,8,0,0},  // 161 
  {6456,12,12,0,0},  // 162 
  {6504,12,12,0,0},  // 163 
  {6552,12,12,0,0},  // 164 
  {6600,12,12,0,0},  // 165 
  {6648,6,6,0,0},  // 166 
  {6672,12,12,0,0},  // 167 
  {6720,8,8,0,0},  // 168 
  {6744,16,16,0,0},  // 169 
  {6792,8,8,0,0},  // 170 
  {6816,12,12,0,0},  // 171 
  {6864,13,13,0,0},  // 172 
  {6912,1,1,0,0},  // 173 
  {6936,16,16,0,0},  // 174 
  {6984,12,13,1,0},  // 175 
  {7032,9,9,0,0},  // 176 
  {7080,12,12,0,0},  // 177 
  {7128,8,8,0,0},  // 178 
  {7152,8,8,0,0},  // 179 
  {7176,8,8,0,0},  // 180 
  {7200,13,13,0,0},  // 181 
  {7248,12,12,0,0},  // 182 
  {7296,8,8,0,0},  // 183 
  {7320,8,8,0,0},  // 184 
  {7344,8,8,0,0},  // 185 
  {7368,8,8,0,0},  // 186 
  {7392,12,12,0,0},  // 187 
  {7440,18,18,0,0},  // 188 
  {7512,18,18,0,0},  // 189 
  {7584,18,18,0,0},  // 190 
  {7656,14,14,0,0},  // 191 
  {7704,15,15,0,0},  // 192 
  {7752,15,15,0,0},  // 193 
  {7800,15,15,0,0},  // 194 
  {7848,15,15,0,0},  // 195 
  {7896,15,15,0,0},  // 196 
  {7944,15,15,0,0},  // 197 
  {7992,22,22,0,0},  // 198 
  {8064,16,16,0,0},  // 199 
  {8112,15,15,0,0},  // 200 
  {8160,15,15,0,0},  // 201 
  {8208,15,15,0,0},  // 202 
  {8256,15,15,0,0},  // 203 
  {8304,6,6,0,0},  // 204 
  {8328,6,6,0,0},  // 205 
  {8352,6,6,0,0},  // 206 
  {8376,6,6,0,0},  // 207 
  {8400,16,16,0,0},  // 208 
  {8448,16,16,0,0},  // 209 
  {8496,17,17,0,0},  // 210 
  {8568,17,17,0,0},  // 211 
  {8640,17,17,0,0},  // 212 
  {8712,17,17,0,0},  // 213 
  {8784,17,17,0,0},  // 214 
  {8856,13,13,0,0},  // 215 
  {8904,17,17,0,0},  // 216 
  {8976,16,16,0,0},  // 217 
  {9024,16,16,0,0},  // 218 
  {9072,16,16,0,0},  // 219 
  {9120,16,16,0,0},  // 220 
  {9168,15,15,0,0},  // 221 
  {9216,15,15,0,0},  // 222 
  {9264,14,14,0,0},  // 223 
  {9312,12,12,0,0},  // 224 
  {9360,12,12,0,0},  // 225 
  {9408,12,12,0,0},  // 226 
  {9456,12,12,0,0},  // 227 
  {9504,12,12,0,0},  // 228 
  {9552,12,12,0,0},  // 229 
  {9600,19,19,0,0},  // 230 
  {9672,11,11,0,0},  // 231 
  {9720,12,12,0,0},  // 232 
  {9768,12,12,0,0},  // 233 
  {9816,12,12,0,0},  // 234 
  {9864,12,12,0,0},  // 235 
  {9912,6,6,0,0},  // 236 
  {9936,6,6,0,0},  // 237 
  {9960,6,7,0,1},  // 238 
  {9984,6,6,0,0},  // 239 
  {10008,12,12,0,0},  // 240 
  {10056,12,12,0,0},  // 241 
  {10104,12,12,0,0},  // 242 
  {10152,12,12,0,0},  // 243 
  {10200,12,12,0,0},  // 244 
  {10248,12,12,0,0},  // 245 
  {10296,12,12,0,0},  // 246 
  {10344,12,12,0,0},  // 247 
  {10392,14,14,0,0},  // 248 
  {10440,12,12,0,0},  // 249 
  {10488,12,12,0,0},  // 250 
  {10536,12,12,0,0},  // 251 
  {10584,12,12,0,0},  // 252 
  {10632,11,11,0,0},  // 253 
  {10680,12,12,0,0},  // 254 
  {10728,11,11,0,0},  // 255 
};
static const NextionFont nextion_font2 = {24, 32, 255, 224, nextion_font2_glyphs, nextion_font2_bits, 10776};

// font 3: 24asciiascii  h=24  chars 32..126  (4560 bytes)
static const uint8_t nextion_font3_bits[4560] PROGMEM = {
  0x00,0x00,0x00,0x00,0x00,0x00,0x00,0x00,0x00,0x00,0x00,0x00,0x00,0x00,0x00,0x00,0x00,0x00,0x00,0x00,0x00,0x00,0x00,0x00,
  0x00,0x00,0x00,0x00,0x00,0x00,0x00,0x00,0x00,0x00,0x00,0x00,0x00,0x00,0x00,0x00,0x00,0x00,0x00,0x00,0x00,0x00,0x00,0x00,
  0x00,0x00,0x00,0x00,0x00,0x00,0x00,0x00,0x07,0x00,0x07,0x00,0x07,0x00,0x07,0x00,0x07,0x00,0x02,0x00,0x02,0x00,0x02,0x00,
  0x02,0x00,0x02,0x00,0x02,0x00,0x00,0x00,0x00,0x00,0x00,0x00,0x07,0x00,0x07,0x00,0x07,0x00,0x00,0x00,0x00,0x00,0x00,0x00,
  0x00,0x00,0x00,0x00,0x06,0x60,0x06,0x60,0x0c,0xc0,0x19,0x80,0x11,0x00,0x22,0x00,0x00,0x00,0x00,0x00,0x00,0x00,0x00,0x00,
  0x00,0x00,0x00,0x00,0x00,0x00,0x00,0x00,0x00,0x00,0x00,0x00,0x00,0x00,0x00,0x00,0x00,0x00,0x00,0x00,0x00,0x00,0x00,0x00,
  0x00,0x00,0x00,0x00,0x00,0x00,0x00,0x00,0x00,0x00,0x10,0x40,0x10,0x40,0x10,0x40,0x10,0x40,0x7f,0xe0,0x7f,0xe0,0x10,0x40,
  0x10,0x40,0x20,0x80,0x20,0x80,0x7f,0xe0,0x7f,0xe0,0x20,0x80,0x20,0x80,0x20,0x80,0x20,0x80,0x00,0x00,0x00,0x00,0x00,0x00,
  0x00,0x00,0x00,0x00,0x00,0x00,0x02,0x00,0x02,0x00,0x0f,0x80,0x1a,0xc0,0x32,0xc0,0x32,0xc0,0x32,0x00,0x1a,0x00,0x0e,0x00,
  0x07,0x00,0x03,0x80,0x03,0x80,0x02,0xc0,0x32,0xc0,0x32,0xc0,0x32,0xc0,0x12,0x80,0x0f,0x00,0x02,0x00,0x02,0x00,0x00,0x00,
  0x00,0x00,0x00,0x00,0x00,0x00,0x00,0x00,0x00,0x00,0x70,0xc0,0x50,0x80,0x88,0x80,0x89,0x00,0x89,0x00,0x8b,0x00,0x8a,0x00,
  0x5f,0xc0,0x75,0x40,0x06,0x20,0x0a,0x20,0x0a,0x20,0x1a,0x20,0x12,0x20,0x11,0x40,0x21,0xc0,0x00,0x00,0x00,0x00,0x00,0x00,
  0x00,0x00,0x00,0x00,0x00,0x00,0x00,0x00,0x00,0x00,0x1c,0x00,0x26,0x00,0x26,0x00,0x26,0x00,0x26,0x00,0x25,0xc0,0x38,0x80,
  0x30,0x80,0x58,0x80,0x49,0x00,0xcd,0x00,0xc7,0x00,0xc6,0x00,0xc3,0x00,0x65,0x20,0x38,0xc0,0x00,0x00,0x00,0x00,0x00,0x00,
  0x00,0x00,0x00,0x00,0x30,0x00,0x38,0x00,0x08,0x00,0x08,0x00,0x10,0x00,0x60,0x00,0x00,0x00,0x00,0x00,0x00,0x00,0x00,0x00,
  0x00,0x00,0x00,0x00,0x00,0x00,0x00,0x00,0x00,0x00,0x00,0x00,0x00,0x00,0x00,0x00,0x00,0x00,0x00,0x00,0x00,0x00,0x00,0x00,
  0x00,0x00,0x00,0x00,0x00,0x20,0x00,0x40,0x00,0x80,0x01,0x80,0x01,0x00,0x03,0x00,0x03,0x00,0x06,0x00,0x06,0x00,0x06,0x00,
  0x06,0x00,0x06,0x00,0x06,0x00,0x06,0x00,0x03,0x00,0x03,0x00,0x01,0x00,0x01,0x80,0x00,0x80,0x00,0x40,0x00,0x20,0x00,0x00,
  0x00,0x00,0x00,0x00,0x40,0x00,0x20,0x00,0x10,0x00,0x18,0x00,0x08,0x00,0x0c,0x00,0x0c,0x00,0x06,0x00,0x06,0x00,0x06,0x00,
  0x06,0x00,0x06,0x00,0x06,0x00,0x06,0x00,0x0c,0x00,0x0c,0x00,0x08,0x00,0x18,0x00,0x10,0x00,0x20,0x00,0x40,0x00,0x00,0x00,
  0x00,0x00,0x00,0x00,0x00,0x00,0x00,0x00,0x00,0x00,0x00,0x00,0x02,0x00,0x02,0x00,0x02,0x00,0x72,0x70,0x3a,0xe0,0x0f,0x80,
  0x0f,0x80,0x3a,0xe0,0x72,0x70,0x02,0x00,0x02,0x00,0x02,0x00,0x00,0x00,0x00,0x00,0x00,0x00,0x00,0x00,0x00,0x00,0x00,0x00,
  0x00,0x00,0x00,0x00,0x00,0x00,0x00,0x00,0x00,0x00,0x00,0x00,0x00,0x00,0x02,0x00,0x02,0x00,0x02,0x00,0x02,0x00,0x02,0x00,
  0x7f,0xf0,0x02,0x00,0x02,0x00,0x02,0x00,0x02,0x00,0x02,0x00,0x00,0x00,0x00,0x00,0x00,0x00,0x00,0x00,0x00,0x00,0x00,0x00,
  0x00,0x00,0x00,0x00,0x00,0x00,0x00,0x00,0x00,0x00,0x00,0x00,0x00,0x00,0x00,0x00,0x00,0x00,0x00,0x00,0x00,0x00,0x00,0x00,
  0x00,0x00,0x00,0x00,0x00,0x00,0x00,0x00,0x00,0x00,0x00,0x00,0x30,0x00,0x38,0x00,0x08,0x00,0x08,0x00,0x10,0x00,0x60,0x00,
  0x00,0x00,0x00,0x00,0x00,0x00,0x00,0x00,0x00,0x00,0x00,0x00,0x00,0x00,0x00,0x00,0x00,0x00,0x00,0x00,0x00,0x00,0x00,0x00,
  0x7f,0xe0,0x00,0x00,0x00,0x00,0x00,0x00,0x00,0x00,0x00,0x00,0x00,0x00,0x00,0x00,0x00,0x00,0x00,0x00,0x00,0x00,0x00,0x00,
  0x00,0x00,0x00,0x00,0x00,0x00,0x00,0x00,0x00,0x00,0x00,0x00,0x00,0x00,0x00,0x00,0x00,0x00,0x00,0x00,0x00,0x00,0x00,0x00,
  0x00,0x00,0x00,0x00,0x00,0x00,0x00,0x00,0x00,0x00,0x00,0x00,0x38,0x00,0x38,0x00,0x38,0x00,0x00,0x00,0x00,0x00,0x00,0x00,
  0x00,0x00,0x00,0x00,0x00,0x20,0x00,0x60,0x00,0x40,0x00,0xc0,0x00,0x80,0x00,0x80,0x01,0x00,0x01,0x00,0x02,0x00,0x02,0x00,
  0x06,0x00,0x04,0x00,0x04,0x00,0x08,0x00,0x08,0x00,0x10,0x00,0x10,0x00,0x30,0x00,0x20,0x00,0x60,0x00,0x40,0x00,0x00,0x00,
  0x00,0x00,0x00,0x00,0x00,0x00,0x00,0x00,0x00,0x00,0x0f,0x00,0x19,0x80,0x30,0xc0,0x30,0xc0,0x60,0x60,0x60,0x60,0x60,0x60,
  0x60,0x60,0x60,0x60,0x60,0x60,0x60,0x60,0x60,0x60,0x30,0xc0,0x30,0xc0,0x19,0x80,0x0f,0x00,0x00,0x00,0x00,0x00,0x00,0x00,
  0x00,0x00,0x00,0x00,0x00,0x00,0x00,0x00,0x00,0x00,0x02,0x00,0x06,0x00,0x3e,0x00,0x06,0x00,0x06,0x00,0x06,0x00,0x06,0x00,
  0x06,0x00,0x06,0x00,0x06,0x00,0x06,0x00,0x06,0x00,0x06,0x00,0x06,0x00,0x06,0x00,0x3f,0xc0,0x00,0x00,0x00,0x00,0x00,0x00,
  0x00,0x00,0x00,0x00,0x00,0x00,0x00,0x00,0x00,0x00,0x1f,0x00,0x21,0x80,0x40,0xc0,0x60,0xc0,0x60,0xc0,0x00,0xc0,0x01,0x80,
  0x01,0x80,0x03,0x00,0x04,0x00,0x08,0x00,0x10,0x40,0x20,0x40,0x40,0x40,0x7f,0xc0,0x7f,0xc0,0x00,0x00,0x00,0x00,0x00,0x00,
  0x00,0x00,0x00,0x00,0x00,0x00,0x00,0x00,0x00,0x00,0x1e,0x00,0x23,0x00,0x61,0x80,0x61,0x80,0x61,0x80,0x01,0x80,0x03,0x00,
  0x0e,0x00,0x01,0x80,0x00,0x80,0x00,0xc0,0x60,0xc0,0x60,0xc0,0x60,0xc0,0x21,0x80,0x1f,0x00,0x00,0x00,0x00,0x00,0x00,0x00,
  0x00,0x00,0x00,0x00,0x00,0x00,0x00,0x00,0x00,0x80,0x01,0x80,0x03,0x80,0x03,0x80,0x05,0x80,0x09,0x80,0x09,0x80,0x11,0x80,
  0x21,0x80,0x21,0x80,0x41,0x80,0x7f,0xe0,0x01,0x80,0x01,0x80,0x01,0x80,0x01,0x80,0x07,0xe0,0x00,0x00,0x00,0x00,0x00,0x00,
  0x00,0x00,0x00,0x00,0x00,0x00,0x00,0x00,0x00,0x00,0x3f,0xc0,0x3f,0xc0,0x20,0x00,0x20,0x00,0x20,0x00,0x20,0x00,0x2f,0x00,
  0x31,0x80,0x20,0xc0,0x00,0xc0,0x00,0xc0,0x60,0xc0,0x60,0xc0,0x41,0x80,0x21,0x80,0x1f,0x00,0x00,0x00,0x00,0x00,0x00,0x00,
  0x00,0x00,0x00,0x00,0x00,0x00,0x00,0x00,0x00,0x00,0x07,0x80,0x18,0xc0,0x30,0xc0,0x30,0x00,0x20,0x00,0x60,0x00,0x67,0x80,
  0x68,0xc0,0x70,0x60,0x60,0x60,0x60,0x60,0x60,0x60,0x20,0x60,0x30,0x40,0x18,0xc0,0x0f,0x00,0x00,0x00,0x00,0x00,0x00,0x00,
  0x00,0x00,0x00,0x00,0x00,0x00,0x00,0x00,0x00,0x00,0x1f,0xe0,0x3f,0xe0,0x30,0x40,0x20,0x80,0x20,0x80,0x00,0x80,0x01,0x00,
  0x01,0x00,0x02,0x00,0x02,0x00,0x02,0x00,0x06,0x00,0x06,0x00,0x06,0x00,0x06,0x00,0x06,0x00,0x00,0x00,0x00,0x00,0x00,0x00,
  0x00,0x00,0x00,0x00,0x00,0x00,0x00,0x00,0x00,0x00,0x1f,0x80,0x30,0xc0,0x60,0x60,0x60,0x60,0x60,0x60,0x70,0x40,0x3c,0xc0,
  0x0f,0x00,0x33,0x80,0x20,0xc0,0x60,0x60,0x60,0x60,0x60,0x60,0x60,0x60,0x30,0xc0,0x0f,0x80,0x00,0x00,0x00,0x00,0x00,0x00,
  0x00,0x00,0x00,0x00,0x00,0x00,0x00,0x00,0x00,0x00,0x0f,0x00,0x30,0x80,0x30,0xc0,0x60,0x40,0x60,0x60,0x60,0x60,0x60,0x60,
  0x60,0xe0,0x31,0x60,0x1e,0x60,0x00,0x60,0x00,0xc0,0x00,0xc0,0x30,0x80,0x31,0x80,0x1e,0x00,0x00,0x00,0x00,0x00,0x00,0x00,
  0x00,0x00,0x00,0x00,0x00,0x00,0x00,0x00,0x00,0x00,0x00,0x00,0x00,0x00,0x00,0x00,0x00,0x00,0x07,0x00,0x07,0x00,0x07,0x00,
  0x00,0x00,0x00,0x00,0x00,0x00,0x00,0x00,0x00,0x00,0x00,0x00,0x07,0x00,0x07,0x00,0x07,0x00,0x00,0x00,0x00,0x00,0x00,0x00,
  0x00,0x00,0x00,0x00,0x00,0x00,0x00,0x00,0x00,0x00,0x00,0x00,0x00,0x00,0x00,0x00,0x00,0x00,0x00,0x00,0x06,0x00,0x06,0x00,
  0x00,0x00,0x00,0x00,0x00,0x00,0x00,0x00,0x00,0x00,0x00,0x00,0x00,0x00,0x06,0x00,0x06,0x00,0x02,0x00,0x04,0x00,0x00,0x00,
  0x00,0x00,0x00,0x00,0x00,0x00,0x00,0x00,0x00,0x20,0x00,0x40,0x00,0x80,0x01,0x00,0x02,0x00,0x04,0x00,0x08,0x00,0x10,0x00,
  0x20,0x00,0x10,0x00,0x08,0x00,0x04,0x00,0x02,0x00,0x01,0x00,0x00,0x80,0x00,0x40,0x00,0x20,0x00,0x00,0x00,0x00,0x00,0x00,
  0x00,0x00,0x00,0x00,0x00,0x00,0x00,0x00,0x00,0x00,0x00,0x00,0x00,0x00,0x00,0x00,0x00,0x00,0x00,0x00,0x7f,0xe0,0x00,0x00,
  0x00,0x00,0x00,0x00,0x00,0x00,0x7f,0xe0,0x00,0x00,0x00,0x00,0x00,0x00,0x00,0x00,0x00,0x00,0x00,0x00,0x00,0x00,0x00,0x00,
  0x00,0x00,0x00,0x00,0x00,0x00,0x00,0x00,0x20,0x00,0x10,0x00,0x08,0x00,0x04,0x00,0x02,0x00,0x01,0x00,0x00,0x80,0x00,0x40,
  0x00,0x20,0x00,0x40,0x00,0x80,0x01,0x00,0x02,0x00,0x04,0x00,0x08,0x00,0x10,0x00,0x20,0x00,0x00,0x00,0x00,0x00,0x00,0x00,
  0x00,0x00,0x00,0x00,0x00,0x00,0x00,0x00,0x0f,0x80,0x30,0xc0,0x40,0x60,0x40,0x60,0x60,0x60,0x60,0x60,0x00,0xc0,0x01,0x80,
  0x06,0x00,0x04,0x00,0x04,0x00,0x04,0x00,0x00,0x00,0x00,0x00,0x0e,0x00,0x0e,0x00,0x0e,0x00,0x00,0x00,0x00,0x00,0x00,0x00,
  0x00,0x00,0x00,0x00,0x00,0x00,0x00,0x00,0x00,0x00,0x07,0x80,0x1c,0x60,0x10,0x20,0x33,0x50,0x26,0xd0,0x64,0x90,0x64,0x90,
  0x68,0x90,0x68,0x90,0x69,0x90,0x69,0xa0,0x66,0xc0,0x30,0x10,0x30,0x20,0x18,0x40,0x07,0x80,0x00,0x00,0x00,0x00,0x00,0x00,
  0x00,0x00,0x00,0x00,0x00,0x00,0x00,0x00,0x00,0x00,0x06,0x00,0x06,0x00,0x0e,0x00,0x0b,0x00,0x0b,0x00,0x13,0x00,0x11,0x80,
  0x11,0x80,0x11,0x80,0x1f,0x80,0x20,0xc0,0x20,0xc0,0x20,0xc0,0x20,0x60,0x60,0x60,0xf0,0xf0,0x00,0x00,0x00,0x00,0x00,0x00,
  0x00,0x00,0x00,0x00,0x00,0x00,0x00,0x00,0x00,0x00,0xff,0x00,0x61,0x80,0x60,0xc0,0x60,0xc0,0x60,0xc0,0x60,0xc0,0x61,0x80,
  0x7f,0x00,0x60,0xc0,0x60,0x40,0x60,0x60,0x60,0x60,0x60,0x60,0x60,0x60,0x60,0xc0,0xff,0x80,0x00,0x00,0x00,0x00,0x00,0x00,
  0x00,0x00,0x00,0x00,0x00,0x00,0x00,0x00,0x00,0x00,0x07,0xe0,0x18,0x60,0x30,0x20,0x30,0x20,0x20,0x00,0x60,0x00,0x60,0x00,
  0x60,0x00,0x60,0x00,0x60,0x00,0x60,0x00,0x60,0x20,0x30,0x20,0x30,0x40,0x18,0x80,0x0f,0x00,0x00,0x00,0x00,0x00,0x00,0x00,
  0x00,0x00,0x00,0x00,0x00,0x00,0x00,0x00,0x00,0x00,0xfe,0x00,0x61,0x80,0x60,0xc0,0x60,0xc0,0x60,0x60,0x60,0x60,0x60,0x60,
  0x60,0x60,0x60,0x60,0x60,0x60,0x60,0x60,0x60,0x60,0x60,0xc0,0x60,0xc0,0x63,0x80,0xfe,0x00,0x00,0x00,0x00,0x00,0x00,0x00,
  0x00,0x00,0x00,0x00,0x00,0x00,0x00,0x00,0x00,0x00,0xff,0xc0,0x60,0x40,0x60,0x20,0x60,0x00,0x60,0x00,0x61,0x00,0x61,0x00,
  0x7f,0x00,0x61,0x00,0x61,0x00,0x60,0x00,0x60,0x00,0x60,0x20,0x60,0x20,0x60,0x40,0xff,0xc0,0x00,0x00,0x00,0x00,0x00,0x00,
  0x00,0x00,0x00,0x00,0x00,0x00,0x00,0x00,0x00,0x00,0xff,0xc0,0x60,0xc0,0x60,0x20,0x60,0x20,0x60,0x00,0x61,0x00,0x61,0x00,
  0x7f,0x00,0x61,0x00,0x61,0x00,0x60,0x00,0x60,0x00,0x60,0x00,0x60,0x00,0x60,0x00,0xf0,0x00,0x00,0x00,0x00,0x00,0x00,0x00,
  0x00,0x00,0x00,0x00,0x00,0x00,0x00,0x00,0x00,0x00,0x0f,0x40,0x18,0xc0,0x30,0x40,0x30,0x40,0x20,0x00,0x60,0x00,0x60,0x00,
  0x60,0x00,0x60,0x00,0x63,0xf0,0x60,0xc0,0x60,0xc0,0x30,0xc0,0x30,0xc0,0x18,0xc0,0x0f,0x00,0x00,0x00,0x00,0x00,0x00,0x00,
  0x00,0x00,0x00,0x00,0x00,0x00,0x00,0x00,0x00,0x00,0xf0,0xf0,0x60,0x60,0x60,0x60,0x60,0x60,0x60,0x60,0x60,0x60,0x60,0x60,
  0x7f,0xe0,0x60,0x60,0x60,0x60,0x60,0x60,0x60,0x60,0x60,0x60,0x60,0x60,0x60,0x60,0xf0,0xf0,0x00,0x00,0x00,0x00,0x00,0x00,
  0x00,0x00,0x00,0x00,0x00,0x00,0x00,0x00,0x00,0x00,0x3f,0xc0,0x06,0x00,0x06,0x00,0x06,0x00,0x06,0x00,0x06,0x00,0x06,0x00,
  0x06,0x00,0x06,0x00,0x06,0x00,0x06,0x00,0x06,0x00,0x06,0x00,0x06,0x00,0x06,0x00,0x3f,0xc0,0x00,0x00,0x00,0x00,0x00,0x00,
  0x00,0x00,0x00,0x00,0x00,0x00,0x00,0x00,0x00,0x00,0x0f,0xf0,0x01,0x80,0x01,0x80,0x01,0x80,0x01,0x80,0x01,0x80,0x01,0x80,
  0x01,0x80,0x01,0x80,0x01,0x80,0x01,0x80,0x01,0x80,0x01,0x80,0x01,0x80,0x01,0x80,0x01,0x80,0x61,0x80,0x63,0x00,0x3e,0x00,
  0x00,0x00,0x00,0x00,0x00,0x00,0x00,0x00,0x00,0x00,0xf3,0xe0,0x60,0x80,0x61,0x00,0x62,0x00,0x62,0x00,0x64,0x00,0x6c,0x00,
  0x7c,0x00,0x76,0x00,0x67,0x00,0x63,0x00,0x63,0x80,0x61,0x80,0x60,0xc0,0x60,0xe0,0xf1,0xf0,0x00,0x00,0x00,0x00,0x00,0x00,
  0x00,0x00,0x00,0x00,0x00,0x00,0x00,0x00,0x00,0x00,0xf0,0x00,0x60,0x00,0x60,0x00,0x60,0x00,0x60,0x00,0x60,0x00,0x60,0x00,
  0x60,0x00,0x60,0x00,0x60,0x00,0x60,0x00,0x60,0x00,0x60,0x20,0x60,0x20,0x60,0x40,0xff,0xc0,0x00,0x00,0x00,0x00,0x00,0x00,
  0x00,0x00,0x00,0x00,0x00,0x00,0x00,0x00,0x00,0x00,0xf0,0xf0,0x70,0xe0,0x70,0xe0,0x70,0xe0,0x59,0x60,0x59,0x60,0x59,0x60,
  0x59,0x60,0x5a,0x60,0x4e,0x60,0x4e,0x60,0x4e,0x60,0x4e,0x60,0x44,0x60,0x44,0x60,0xe4,0xf0,0x00,0x00,0x00,0x00,0x00,0x00,
  0x00,0x00,0x00,0x00,0x00,0x00,0x00,0x00,0x00,0x00,0xe0,0x70,0x70,0x20,0x70,0x20,0x58,0x20,0x58,0x20,0x4c,0x20,0x46,0x20,
  0x46,0x20,0x43,0x20,0x43,0x20,0x41,0xa0,0x40,0xe0,0x40,0xe0,0x40,0x60,0x40,0x60,0xe0,0x20,0x00,0x00,0x00,0x00,0x00,0x00,
  0x00,0x00,0x00,0x00,0x00,0x00,0x00,0x00,0x00,0x00,0x0f,0x00,0x19,0x80,0x30,0xc0,0x30,0x40,0x60,0x60,0x60,0x60,0x60,0x60,
  0x60,0x60,0x60,0x60,0x60,0x60,0x60,0x60,0x60,0x60,0x30,0x40,0x30,0xc0,0x19,0x80,0x0f,0x00,0x00,0x00,0x00,0x00,0x00,0x00,
  0x00,0x00,0x00,0x00,0x00,0x00,0x00,0x00,0x00,0x00,0xff,0x80,0x60,0xc0,0x60,0x60,0x60,0x60,0x60,0x60,0x60,0x60,0x60,0x60,
  0x60,0xc0,0x7f,0x80,0x60,0x00,0x60,0x00,0x60,0x00,0x60,0x00,0x60,0x00,0x60,0x00,0xf0,0x00,0x00,0x00,0x00,0x00,0x00,0x00,
  0x00,0x00,0x00,0x00,0x00,0x00,0x00,0x00,0x00,0x00,0x0f,0x00,0x19,0x80,0x30,0xc0,0x30,0x40,0x60,0x60,0x60,0x60,0x60,0x60,
  0x60,0x60,0x60,0x60,0x60,0x60,0x60,0x60,0x6e,0x60,0x32,0x40,0x31,0xc0,0x11,0x80,0x0f,0x80,0x01,0xe0,0x00,0xc0,0x00,0x00,
  0x00,0x00,0x00,0x00,0x00,0x00,0x00,0x00,0x00,0x00,0xff,0x80,0x60,0xc0,0x60,0x60,0x60,0x60,0x60,0x60,0x60,0x60,0x60,0xc0,
  0x7f,0x00,0x66,0x00,0x63,0x00,0x63,0x00,0x61,0x80,0x61,0x80,0x60,0xc0,0x60,0xc0,0xf0,0x70,0x00,0x00,0x00,0x00,0x00,0x00,
  0x00,0x00,0x00,0x00,0x00,0x00,0x00,0x00,0x00,0x00,0x1f,0x20,0x30,0xe0,0x60,0x20,0x60,0x20,0x60,0x00,0x70,0x00,0x3c,0x00,
  0x0f,0x00,0x03,0xc0,0x00,0xc0,0x00,0x60,0x40,0x60,0x40,0x60,0x60,0x60,0x70,0xc0,0x4f,0x80,0x00,0x00,0x00,0x00,0x00,0x00,
  0x00,0x00,0x00,0x00,0x00,0x00,0x00,0x00,0x00,0x00,0x7f,0xe0,0x46,0x20,0x86,0x10,0x86,0x10,0x06,0x00,0x06,0x00,0x06,0x00,
  0x06,0x00,0x06,0x00,0x06,0x00,0x06,0x00,0x06,0x00,0x06,0x00,0x06,0x00,0x06,0x00,0x0f,0x00,0x00,0x00,0x00,0x00,0x00,0x00,
  0x00,0x00,0x00,0x00,0x00,0x00,0x00,0x00,0x00,0x00,0xf0,0x70,0x60,0x20,0x60,0x20,0x60,0x20,0x60,0x20,0x60,0x20,0x60,0x20,
  0x60,0x20,0x60,0x20,0x60,0x20,0x60,0x20,0x60,0x20,0x60,0x20,0x60,0x20,0x30,0x40,0x1f,0x80,0x00,0x00,0x00,0x00,0x00,0x00,
  0x00,0x00,0x00,0x00,0x00,0x00,0x00,0x00,0x00,0x00,0xf8,0xf0,0x70,0x60,0x30,0x40,0x30,0x40,0x30,0x40,0x30,0x80,0x18,0x80,
  0x18,0x80,0x18,0x80,0x18,0x80,0x0d,0x00,0x0d,0x00,0x0d,0x00,0x0f,0x00,0x06,0x00,0x06,0x00,0x00,0x00,0x00,0x00,0x00,0x00,
  0x00,0x00,0x00,0x00,0x00,0x00,0x00,0x00,0x00,0x00,0xf7,0x70,0x66,0x20,0x66,0x20,0x66,0x40,0x66,0x40,0x67,0x40,0x37,0x40,
  0x37,0x40,0x3b,0x80,0x3b,0x80,0x3b,0x80,0x3b,0x80,0x39,0x80,0x11,0x00,0x11,0x00,0x11,0x00,0x00,0x00,0x00,0x00,0x00,0x00,
  0x00,0x00,0x00,0x00,0x00,0x00,0x00,0x00,0x00,0x00,0x79,0xe0,0x30,0xc0,0x18,0x80,0x18,0x80,0x19,0x00,0x0d,0x00,0x0e,0x00,
  0x06,0x00,0x06,0x00,0x07,0x00,0x0b,0x00,0x0b,0x80,0x19,0x80,0x11,0x80,0x30,0xc0,0x79,0xe0,0x00,0x00,0x00,0x00,0x00,0x00,
  0x00,0x00,0x00,0x00,0x00,0x00,0x00,0x00,0x00,0x00,0xf8,0xf0,0x70,0x60,0x30,0x40,0x30,0x80,0x18,0x80,0x18,0x80,0x0d,0x00,
  0x0d,0x00,0x0e,0x00,0x06,0x00,0x06,0x00,0x06,0x00,0x06,0x00,0x06,0x00,0x06,0x00,0x1f,0x80,0x00,0x00,0x00,0x00,0x00,0x00,
  0x00,0x00,0x00,0x00,0x00,0x00,0x00,0x00,0x00,0x00,0x3f,0xe0,0x20,0xc0,0x41,0xc0,0x01,0x80,0x03,0x80,0x03,0x00,0x03,0x00,
  0x06,0x00,0x06,0x00,0x0c,0x00,0x0c,0x00,0x18,0x00,0x18,0x20,0x38,0x20,0x30,0x40,0x7f,0xc0,0x00,0x00,0x00,0x00,0x00,0x00,
  0x00,0x00,0x00,0x00,0x07,0xe0,0x04,0x00,0x04,0x00,0x04,0x00,0x04,0x00,0x04,0x00,0x04,0x00,0x04,0x00,0x04,0x00,0x04,0x00,
  0x04,0x00,0x04,0x00,0x04,0x00,0x04,0x00,0x04,0x00,0x04,0x00,0x04,0x00,0x04,0x00,0x04,0x00,0x04,0x00,0x07,0xe0,0x00,0x00,
  0x00,0x00,0x00,0x00,0x00,0x00,0x00,0x00,0x20,0x00,0x10,0x00,0x10,0x00,0x10,0x00,0x08,0x00,0x08,0x00,0x04,0x00,0x04,0x00,
  0x04,0x00,0x02,0x00,0x02,0x00,0x01,0x00,0x01,0x00,0x01,0x00,0x00,0x80,0x00,0x80,0x00,0x40,0x00,0x40,0x00,0x40,0x00,0x20,
  0x00,0x00,0x00,0x00,0x3f,0x00,0x01,0x00,0x01,0x00,0x01,0x00,0x01,0x00,0x01,0x00,0x01,0x00,0x01,0x00,0x01,0x00,0x01,0x00,
  0x01,0x00,0x01,0x00,0x01,0x00,0x01,0x00,0x01,0x00,0x01,0x00,0x01,0x00,0x01,0x00,0x01,0x00,0x01,0x00,0x3f,0x00,0x00,0x00,
  0x00,0x00,0x00,0x00,0x07,0x00,0x0d,0x80,0x10,0x40,0x00,0x00,0x00,0x00,0x00,0x00,0x00,0x00,0x00,0x00,0x00,0x00,0x00,0x00,
  0x00,0x00,0x00,0x00,0x00,0x00,0x00,0x00,0x00,0x00,0x00,0x00,0x00,0x00,0x00,0x00,0x00,0x00,0x00,0x00,0x00,0x00,0x00,0x00,
  0x00,0x00,0x00,0x00,0x00,0x00,0x00,0x00,0x00,0x00,0x00,0x00,0x00,0x00,0x00,0x00,0x00,0x00,0x00,0x00,0x00,0x00,0x00,0x00,
  0x00,0x00,0x00,0x00,0x00,0x00,0x00,0x00,0x00,0x00,0x00,0x00,0x00,0x00,0x00,0x00,0x00,0x00,0x00,0x00,0x00,0x00,0xff,0xf0,
  0x00,0x00,0x00,0x00,0x18,0x00,0x06,0x00,0x00,0x00,0x00,0x00,0x00,0x00,0x00,0x00,0x00,0x00,0x00,0x00,0x00,0x00,0x00,0x00,
  0x00,0x00,0x00,0x00,0x00,0x00,0x00,0x00,0x00,0x00,0x00,0x00,0x00,0x00,0x00,0x00,0x00,0x00,0x00,0x00,0x00,0x00,0x00,0x00,
  0x00,0x00,0x00,0x00,0x00,0x00,0x00,0x00,0x00,0x00,0x00,0x00,0x00,0x00,0x00,0x00,0x00,0x00,0x00,0x00,0x0f,0x80,0x30,0xc0,
  0x30,0xc0,0x07,0xc0,0x1c,0xc0,0x30,0xc0,0x60,0xc0,0x60,0xc0,0x60,0xc0,0x71,0xd0,0x3e,0xf0,0x00,0x00,0x00,0x00,0x00,0x00,
  0x00,0x00,0x00,0x00,0x00,0x00,0x00,0x00,0x10,0x00,0x70,0x00,0x30,0x00,0x30,0x00,0x30,0x00,0x30,0x00,0x33,0x80,0x3c,0xc0,
  0x38,0x60,0x30,0x60,0x30,0x60,0x30,0x60,0x30,0x60,0x30,0x60,0x30,0x40,0x38,0xc0,0x2f,0x80,0x00,0x00,0x00,0x00,0x00,0x00,
  0x00,0x00,0x00,0x00,0x00,0x00,0x00,0x00,0x00,0x00,0x00,0x00,0x00,0x00,0x00,0x00,0x00,0x00,0x00,0x00,0x0f,0x00,0x31,0x80,
  0x31,0x80,0x61,0x80,0x60,0x00,0x60,0x00,0x60,0x00,0x60,0x40,0x30,0x40,0x30,0x80,0x0f,0x00,0x00,0x00,0x00,0x00,0x00,0x00,
  0x00,0x00,0x00,0x00,0x00,0x00,0x00,0x00,0x00,0x40,0x01,0xc0,0x00,0xc0,0x00,0xc0,0x00,0xc0,0x00,0xc0,0x1e,0xc0,0x31,0xc0,
  0x30,0xc0,0x60,0xc0,0x60,0xc0,0x60,0xc0,0x60,0xc0,0x60,0xc0,0x20,0xc0,0x31,0xe0,0x1e,0x80,0x00,0x00,0x00,0x00,0x00,0x00,
  0x00,0x00,0x00,0x00,0x00,0x00,0x00,0x00,0x00,0x00,0x00,0x00,0x00,0x00,0x00,0x00,0x00,0x00,0x00,0x00,0x07,0x80,0x18,0xc0,
  0x10,0x60,0x30,0x60,0x3f,0xe0,0x30,0x00,0x30,0x00,0x30,0x00,0x18,0x20,0x1c,0x40,0x07,0x80,0x00,0x00,0x00,0x00,0x00,0x00,
  0x00,0x00,0x00,0x00,0x00,0x00,0x00,0x00,0x00,0x00,0x03,0xc0,0x06,0x60,0x0c,0x60,0x0c,0x00,0x0c,0x00,0x7f,0xc0,0x0c,0x00,
  0x0c,0x00,0x0c,0x00,0x0c,0x00,0x0c,0x00,0x0c,0x00,0x0c,0x00,0x0c,0x00,0x0c,0x00,0x3f,0x80,0x00,0x00,0x00,0x00,0x00,0x00,
  0x00,0x00,0x00,0x00,0x00,0x00,0x00,0x00,0x00,0x00,0x00,0x00,0x00,0x00,0x00,0x00,0x00,0x00,0x00,0x00,0x0f,0x70,0x19,0x90,
  0x30,0xc0,0x30,0xc0,0x30,0xc0,0x19,0x80,0x1f,0x00,0x30,0x00,0x3e,0x00,0x1f,0xc0,0x60,0x60,0x60,0x60,0x70,0xe0,0x1f,0x80,
  0x00,0x00,0x00,0x00,0x00,0x00,0x00,0x00,0x10,0x00,0x70,0x00,0x30,0x00,0x30,0x00,0x30,0x00,0x30,0x00,0x37,0x80,0x38,0xc0,
  0x30,0xc0,0x30,0xc0,0x30,0xc0,0x30,0xc0,0x30,0xc0,0x30,0xc0,0x30,0xc0,0x30,0xc0,0x79,0xe0,0x00,0x00,0x00,0x00,0x00,0x00,
  0x00,0x00,0x00,0x00,0x00,0x00,0x00,0x00,0x00,0x00,0x06,0x00,0x06,0x00,0x00,0x00,0x00,0x00,0x00,0x00,0x3e,0x00,0x06,0x00,
  0x06,0x00,0x06,0x00,0x06,0x00,0x06,0x00,0x06,0x00,0x06,0x00,0x06,0x00,0x06,0x00,0x3f,0xc0,0x00,0x00,0x00,0x00,0x00,0x00,
  0x00,0x00,0x00,0x00,0x00,0x00,0x00,0x00,0x00,0x00,0x01,0x80,0x01,0x80,0x00,0x00,0x00,0x00,0x00,0x00,0x0f,0x80,0x01,0x80,
  0x01,0x80,0x01,0x80,0x01,0x80,0x01,0x80,0x01,0x80,0x01,0x80,0x01,0x80,0x01,0x80,0x01,0x80,0x01,0x80,0x33,0x00,0x3e,0x00,
  0x00,0x00,0x00,0x00,0x00,0x00,0x00,0x00,0x10,0x00,0x70,0x00,0x30,0x00,0x30,0x00,0x30,0x00,0x30,0x00,0x33,0xc0,0x31,0x00,
  0x33,0x00,0x32,0x00,0x36,0x00,0x3e,0x00,0x3b,0x00,0x33,0x00,0x31,0x80,0x31,0x80,0x79,0xe0,0x00,0x00,0x00,0x00,0x00,0x00,
  0x00,0x00,0x00,0x00,0x00,0x00,0x00,0x00,0x02,0x00,0x3e,0x00,0x06,0x00,0x06,0x00,0x06,0x00,0x06,0x00,0x06,0x00,0x06,0x00,
  0x06,0x00,0x06,0x00,0x06,0x00,0x06,0x00,0x06,0x00,0x06,0x00,0x06,0x00,0x06,0x00,0x3f,0xc0,0x00,0x00,0x00,0x00,0x00,0x00,
  0x00,0x00,0x00,0x00,0x00,0x00,0x00,0x00,0x00,0x00,0x00,0x00,0x00,0x00,0x00,0x00,0x00,0x00,0x00,0x00,0xee,0xe0,0x77,0x60,
  0x66,0x60,0x66,0x60,0x66,0x60,0x66,0x60,0x66,0x60,0x66,0x60,0x66,0x60,0x66,0x60,0xf7,0x70,0x00,0x00,0x00,0x00,0x00,0x00,
  0x00,0x00,0x00,0x00,0x00,0x00,0x00,0x00,0x00,0x00,0x00,0x00,0x00,0x00,0x00,0x00,0x00,0x00,0x00,0x00,0x73,0x80,0x3c,0xc0,
  0x30,0xc0,0x30,0xc0,0x30,0xc0,0x30,0xc0,0x30,0xc0,0x30,0xc0,0x30,0xc0,0x30,0xc0,0x79,0xe0,0x00,0x00,0x00,0x00,0x00,0x00,
  0x00,0x00,0x00,0x00,0x00,0x00,0x00,0x00,0x00,0x00,0x00,0x00,0x00,0x00,0x00,0x00,0x00,0x00,0x00,0x00,0x0f,0x00,0x19,0x80,
  0x30,0xc0,0x60,0x60,0x60,0x60,0x60,0x60,0x60,0x60,0x60,0x60,0x30,0xc0,0x30,0xc0,0x0f,0x00,0x00,0x00,0x00,0x00,0x00,0x00,
  0x00,0x00,0x00,0x00,0x00,0x00,0x00,0x00,0x00,0x00,0x00,0x00,0x00,0x00,0x00,0x00,0x00,0x00,0x00,0x00,0x77,0x80,0x38,0xc0,
  0x30,0x60,0x30,0x60,0x30,0x60,0x30,0x60,0x30,0x60,0x30,0x60,0x30,0xc0,0x38,0xc0,0x37,0x80,0x30,0x00,0x30,0x00,0x7c,0x00,
  0x00,0x00,0x00,0x00,0x00,0x00,0x00,0x00,0x00,0x00,0x00,0x00,0x00,0x00,0x00,0x00,0x00,0x00,0x00,0x00,0x1e,0x40,0x31,0xc0,
  0x30,0xc0,0x60,0xc0,0x60,0xc0,0x60,0xc0,0x60,0xc0,0x60,0xc0,0x20,0xc0,0x31,0xc0,0x1e,0xc0,0x00,0xc0,0x00,0xc0,0x03,0xe0,
  0x00,0x00,0x00,0x00,0x00,0x00,0x00,0x00,0x00,0x00,0x00,0x00,0x00,0x00,0x00,0x00,0x00,0x00,0x00,0x00,0xf9,0xe0,0x1a,0x60,
  0x1c,0x00,0x18,0x00,0x18,0x00,0x18,0x00,0x18,0x00,0x18,0x00,0x18,0x00,0x18,0x00,0xff,0x00,0x00,0x00,0x00,0x00,0x00,0x00,
  0x00,0x00,0x00,0x00,0x00,0x00,0x00,0x00,0x00,0x00,0x00,0x00,0x00,0x00,0x00,0x00,0x00,0x00,0x00,0x00,0x0f,0xe0,0x18,0x60,
  0x30,0x20,0x30,0x00,0x1c,0x00,0x0f,0x80,0x01,0xc0,0x20,0x60,0x20,0x60,0x30,0xc0,0x3f,0x80,0x00,0x00,0x00,0x00,0x00,0x00,
  0x00,0x00,0x00,0x00,0x00,0x00,0x00,0x00,0x00,0x00,0x00,0x00,0x04,0x00,0x04,0x00,0x0c,0x00,0x0c,0x00,0x7f,0x80,0x0c,0x00,
  0x0c,0x00,0x0c,0x00,0x0c,0x00,0x0c,0x00,0x0c,0x00,0x0c,0x00,0x0c,0x40,0x0c,0x40,0x07,0x80,0x00,0x00,0x00,0x00,0x00,0x00,
  0x00,0x00,0x00,0x00,0x00,0x00,0x00,0x00,0x00,0x00,0x00,0x00,0x00,0x00,0x00,0x00,0x00,0x00,0x10,0x40,0x71,0xc0,0x30,0xc0,
  0x30,0xc0,0x30,0xc0,0x30,0xc0,0x30,0xc0,0x30,0xc0,0x30,0xc0,0x30,0xc0,0x39,0xe0,0x1e,0x80,0x00,0x00,0x00,0x00,0x00,0x00,
  0x00,0x00,0x00,0x00,0x00,0x00,0x00,0x00,0x00,0x00,0x00,0x00,0x00,0x00,0x00,0x00,0x00,0x00,0x00,0x00,0x7c,0xf0,0x38,0x60,
  0x18,0x40,0x18,0x40,0x0c,0x80,0x0c,0x80,0x0c,0x80,0x07,0x00,0x07,0x00,0x07,0x00,0x02,0x00,0x00,0x00,0x00,0x00,0x00,0x00,
  0x00,0x00,0x00,0x00,0x00,0x00,0x00,0x00,0x00,0x00,0x00,0x00,0x00,0x00,0x00,0x00,0x00,0x00,0x00,0x00,0xf7,0xb0,0x63,0x20,
  0x63,0x20,0x67,0x20,0x37,0x20,0x35,0xc0,0x39,0xc0,0x39,0xc0,0x39,0xc0,0x10,0x80,0x10,0x80,0x00,0x00,0x00,0x00,0x00,0x00,
  0x00,0x00,0x00,0x00,0x00,0x00,0x00,0x00,0x00,0x00,0x00,0x00,0x00,0x00,0x00,0x00,0x00,0x00,0x00,0x00,0x7d,0xe0,0x18,0x80,
  0x19,0x80,0x0d,0x00,0x0e,0x00,0x06,0x00,0x07,0x00,0x0b,0x00,0x19,0x80,0x11,0xc0,0x7b,0xe0,0x00,0x00,0x00,0x00,0x00,0x00,
  0x00,0x00,0x00,0x00,0x00,0x00,0x00,0x00,0x00,0x00,0x00,0x00,0x00,0x00,0x00,0x00,0x00,0x00,0x00,0x00,0x7d,0xe0,0x38,0x80,
  0x18,0x80,0x18,0x80,0x0d,0x00,0x0d,0x00,0x0d,0x00,0x06,0x00,0x06,0x00,0x02,0x00,0x04,0x00,0x04,0x00,0x28,0x00,0x38,0x00,
  0x00,0x00,0x00,0x00,0x00,0x00,0x00,0x00,0x00,0x00,0x00,0x00,0x00,0x00,0x00,0x00,0x00,0x00,0x00,0x00,0x3f,0xc0,0x21,0x80,
  0x23,0x80,0x03,0x00,0x07,0x00,0x06,0x00,0x0e,0x00,0x0c,0x20,0x1c,0x20,0x18,0x60,0x3f,0xc0,0x00,0x00,0x00,0x00,0x00,0x00,
  0x00,0x00,0x00,0x00,0x00,0xc0,0x01,0x80,0x01,0x00,0x01,0x00,0x01,0x00,0x01,0x00,0x01,0x00,0x01,0x00,0x01,0x00,0x03,0x00,
  0x04,0x00,0x03,0x00,0x01,0x00,0x01,0x00,0x01,0x00,0x01,0x00,0x01,0x00,0x01,0x00,0x01,0x00,0x01,0x80,0x00,0xc0,0x00,0x00,
  0x02,0x00,0x02,0x00,0x02,0x00,0x02,0x00,0x02,0x00,0x02,0x00,0x02,0x00,0x02,0x00,0x02,0x00,0x02,0x00,0x02,0x00,0x02,0x00,
  0x02,0x00,0x02,0x00,0x02,0x00,0x02,0x00,0x02,0x00,0x02,0x00,0x02,0x00,0x02,0x00,0x02,0x00,0x02,0x00,0x02,0x00,0x02,0x00,
  0x00,0x00,0x00,0x00,0x30,0x00,0x18,0x00,0x08,0x00,0x08,0x00,0x08,0x00,0x08,0x00,0x08,0x00,0x08,0x00,0x08,0x00,0x0c,0x00,
  0x02,0x00,0x0c,0x00,0x08,0x00,0x08,0x00,0x08,0x00,0x08,0x00,0x08,0x00,0x08,0x00,0x08,0x00,0x18,0x00,0x30,0x00,0x00,0x00,
  0x00,0x00,0x38,0x00,0x24,0x00,0x42,0x10,0x41,0x20,0x00,0xe0,0x00,0x00,0x00,0x00,0x00,0x00,0x00,0x00,0x00,0x00,0x00,0x00,
  0x00,0x00,0x00,0x00,0x00,0x00,0x00,0x00,0x00,0x00,0x00,0x00,0x00,0x00,0x00,0x00,0x00,0x00,0x00,0x00,0x00,0x00,0x00,0x00,
};
static const NextionGlyph nextion_font3_glyphs[95] PROGMEM = {
  {0,12,12,0,0},  // 32 
  {48,12,12,0,0},  // 33 '!'
  {96,12,12,0,0},  // 34 '"'
  {144,12,12,0,0},  // 35 '#'
  {192,12,12,0,0},  // 36 '$'
  {240,12,12,0,0},  // 37 '%'
  {288,12,12,0,0},  // 38 '&'
  {336,12,12,0,0},  // 39 "'"
  {384,12,12,0,0},  // 40 '('
  {432,12,12,0,0},  // 41 ')'
  {480,12,12,0,0},  // 42 '*'
  {528,12,12,0,0},  // 43 '+'
  {576,12,12,0,0},  // 44 ','
  {624,12,12,0,0},  // 45 '-'
  {672,12,12,0,0},  // 46 '.'
  {720,12,12,0,0},  // 47 '/'
  {768,12,12,0,0},  // 48 '0'
  {816,12,12,0,0},  // 49 '1'
  {864,12,12,0,0},  // 50 '2'
  {912,12,12,0,0},  // 51 '3'
  {960,12,12,0,0},  // 52 '4'
  {1008,12,12,0,0},  // 53 '5'
  {1056,12,12,0,0},  // 54 '6'
  {1104,12,12,0,0},  // 55 '7'
  {1152,12,12,0,0},  // 56 '8'
  {1200,12,12,0,0},  // 57 '9'
  {1248,12,12,0,0},  // 58 ':'
  {1296,12,12,0,0},  // 59 ';'
  {1344,12,12,0,0},  // 60 '<'
  {1392,12,12,0,0},  // 61 '='
  {1440,12,12,0,0},  // 62 '>'
  {1488,12,12,0,0},  // 63 '?'
  {1536,12,12,0,0},  // 64 '@'
  {1584,12,12,0,0},  // 65 'A'
  {1632,12,12,0,0},  // 66 'B'
  {1680,12,12,0,0},  // 67 'C'
  {1728,12,12,0,0},  // 68 'D'
  {1776,12,12,0,0},  // 69 'E'
  {1824,12,12,0,0},  // 70 'F'
  {1872,12,12,0,0},  // 71 'G'
  {1920,12,12,0,0},  // 72 'H'
  {1968,12,12,0,0},  // 73 'I'
  {2016,12,12,0,0},  // 74 'J'
  {2064,12,12,0,0},  // 75 'K'
  {2112,12,12,0,0},  // 76 'L'
  {2160,12,12,0,0},  // 77 'M'
  {2208,12,12,0,0},  // 78 'N'
  {2256,12,12,0,0},  // 79 'O'
  {2304,12,12,0,0},  // 80 'P'
  {2352,12,12,0,0},  // 81 'Q'
  {2400,12,12,0,0},  // 82 'R'
  {2448,12,12,0,0},  // 83 'S'
  {2496,12,12,0,0},  // 84 'T'
  {2544,12,12,0,0},  // 85 'U'
  {2592,12,12,0,0},  // 86 'V'
  {2640,12,12,0,0},  // 87 'W'
  {2688,12,12,0,0},  // 88 'X'
  {2736,12,12,0,0},  // 89 'Y'
  {2784,12,12,0,0},  // 90 'Z'
  {2832,12,12,0,0},  // 91 '['
  {2880,12,12,0,0},  // 92 '\\'
  {2928,12,12,0,0},  // 93 ']'
  {2976,12,12,0,0},  // 94 '^'
  {3024,12,12,0,0},  // 95 '_'
  {3072,12,12,0,0},  // 96 '`'
  {3120,12,12,0,0},  // 97 'a'
  {3168,12,12,0,0},  // 98 'b'
  {3216,12,12,0,0},  // 99 'c'
  {3264,12,12,0,0},  // 100 'd'
  {3312,12,12,0,0},  // 101 'e'
  {3360,12,12,0,0},  // 102 'f'
  {3408,12,12,0,0},  // 103 'g'
  {3456,12,12,0,0},  // 104 'h'
  {3504,12,12,0,0},  // 105 'i'
  {3552,12,12,0,0},  // 106 'j'
  {3600,12,12,0,0},  // 107 'k'
  {3648,12,12,0,0},  // 108 'l'
  {3696,12,12,0,0},  // 109 'm'
  {3744,12,12,0,0},  // 110 'n'
  {3792,12,12,0,0},  // 111 'o'
  {3840,12,12,0,0},  // 112 'p'
  {3888,12,12,0,0},  // 113 'q'
  {3936,12,12,0,0},  // 114 'r'
  {3984,12,12,0,0},  // 115 's'
  {4032,12,12,0,0},  // 116 't'
  {4080,12,12,0,0},  // 117 'u'
  {4128,12,12,0,0},  // 118 'v'
  {4176,12,12,0,0},  // 119 'w'
  {4224,12,12,0,0},  // 120 'x'
  {4272,12,12,0,0},  // 121 'y'
  {4320,12,12,0,0},  // 122 'z'
  {4368,12,12,0,0},  // 123 '{'
  {4416,12,12,0,0},  // 124 '|'
  {4464,12,12,0,0},  // 125 '}'
  {4512,12,12,0,0},  // 126 '~'
};
static const NextionFont nextion_font3 = {24, 32, 126, 95, nextion_font3_glyphs, nextion_font3_bits, 4560};

// font 4: 16asciiascii  h=16  chars 32..126  (1520 bytes)
static const uint8_t nextion_font4_bits[1520] PROGMEM = {
  0x00,0x00,0x00,0x00,0x00,0x00,0x00,0x00,0x00,0x00,0x00,0x00,0x00,0x00,0x00,0x00,0x00,0x00,0x10,0x10,0x10,0x10,0x10,0x10,
  0x10,0x00,0x00,0x18,0x18,0x00,0x00,0x00,0x00,0x14,0x28,0x28,0x50,0x00,0x00,0x00,0x00,0x00,0x00,0x00,0x00,0x00,0x00,0x00,
  0x00,0x00,0x00,0x14,0x14,0x7e,0x14,0x14,0x28,0x7e,0x28,0x28,0x28,0x00,0x00,0x00,0x00,0x00,0x10,0x38,0x54,0x54,0x50,0x30,
  0x18,0x14,0x54,0x54,0x38,0x10,0x10,0x00,0x00,0x00,0x00,0x44,0xa4,0xa8,0xa8,0x50,0x14,0x2a,0x2a,0x4a,0x44,0x00,0x00,0x00,
  0x00,0x00,0x00,0x20,0x50,0x50,0x50,0x7c,0xa8,0xa8,0x98,0x88,0x76,0x00,0x00,0x00,0x00,0x60,0x60,0x20,0xc0,0x00,0x00,0x00,
  0x00,0x00,0x00,0x00,0x00,0x00,0x00,0x00,0x00,0x02,0x04,0x08,0x08,0x10,0x10,0x10,0x10,0x10,0x08,0x08,0x04,0x02,0x00,0x00,
  0x00,0x40,0x20,0x10,0x10,0x08,0x08,0x08,0x08,0x08,0x10,0x10,0x20,0x40,0x00,0x00,0x00,0x00,0x00,0x00,0x10,0x10,0xd6,0x38,
  0x38,0xd6,0x10,0x10,0x00,0x00,0x00,0x00,0x00,0x00,0x00,0x00,0x10,0x10,0x10,0xfe,0x10,0x10,0x10,0x00,0x00,0x00,0x00,0x00,
  0x00,0x00,0x00,0x00,0x00,0x00,0x00,0x00,0x00,0x00,0x00,0x60,0x60,0x20,0xc0,0x00,0x00,0x00,0x00,0x00,0x00,0x00,0x00,0xfe,
  0x00,0x00,0x00,0x00,0x00,0x00,0x00,0x00,0x00,0x00,0x00,0x00,0x00,0x00,0x00,0x00,0x00,0x00,0x00,0x60,0x60,0x00,0x00,0x00,
  0x00,0x02,0x04,0x04,0x04,0x08,0x08,0x10,0x10,0x10,0x20,0x20,0x40,0x40,0x00,0x00,0x00,0x00,0x00,0x18,0x24,0x42,0x42,0x42,
  0x42,0x42,0x42,0x24,0x18,0x00,0x00,0x00,0x00,0x00,0x00,0x10,0x70,0x10,0x10,0x10,0x10,0x10,0x10,0x10,0x7c,0x00,0x00,0x00,
  0x00,0x00,0x00,0x3c,0x42,0x42,0x02,0x04,0x08,0x10,0x20,0x42,0x7e,0x00,0x00,0x00,0x00,0x00,0x00,0x3c,0x42,0x42,0x04,0x18,
  0x04,0x02,0x42,0x42,0x3c,0x00,0x00,0x00,0x00,0x00,0x00,0x08,0x08,0x18,0x28,0x48,0x48,0x7e,0x08,0x08,0x1e,0x00,0x00,0x00,
  0x00,0x00,0x00,0x7e,0x40,0x40,0x5c,0x62,0x02,0x02,0x42,0x42,0x3c,0x00,0x00,0x00,0x00,0x00,0x00,0x1c,0x24,0x40,0x40,0x5c,
  0x62,0x42,0x42,0x42,0x3c,0x00,0x00,0x00,0x00,0x00,0x00,0x7e,0x44,0x44,0x08,0x08,0x10,0x10,0x10,0x10,0x10,0x00,0x00,0x00,
  0x00,0x00,0x00,0x3c,0x42,0x42,0x42,0x3c,0x24,0x42,0x42,0x42,0x3c,0x00,0x00,0x00,0x00,0x00,0x00,0x38,0x44,0x42,0x42,0x46,
  0x3a,0x02,0x02,0x24,0x38,0x00,0x00,0x00,0x00,0x00,0x00,0x00,0x00,0x00,0x18,0x18,0x00,0x00,0x00,0x18,0x18,0x00,0x00,0x00,
  0x00,0x00,0x00,0x00,0x00,0x00,0x10,0x00,0x00,0x00,0x00,0x00,0x10,0x10,0x20,0x00,0x00,0x00,0x02,0x04,0x08,0x10,0x20,0x40,
  0x20,0x10,0x08,0x04,0x02,0x00,0x00,0x00,0x00,0x00,0x00,0x00,0x00,0x00,0xfe,0x00,0x00,0xfe,0x00,0x00,0x00,0x00,0x00,0x00,
  0x00,0x00,0x40,0x20,0x10,0x08,0x04,0x02,0x04,0x08,0x10,0x20,0x40,0x00,0x00,0x00,0x00,0x00,0x3c,0x42,0x42,0x42,0x02,0x04,
  0x08,0x08,0x00,0x18,0x18,0x00,0x00,0x00,0x00,0x00,0x00,0x38,0x44,0x9a,0xaa,0xaa,0xaa,0xaa,0xb4,0x42,0x3c,0x00,0x00,0x00,
  0x00,0x00,0x00,0x10,0x10,0x28,0x28,0x28,0x28,0x7c,0x44,0x44,0xee,0x00,0x00,0x00,0x00,0x00,0x00,0xfc,0x42,0x42,0x44,0x78,
  0x44,0x42,0x42,0x42,0xfc,0x00,0x00,0x00,0x00,0x00,0x00,0x3e,0x42,0x82,0x80,0x80,0x80,0x80,0x82,0x44,0x38,0x00,0x00,0x00,
  0x00,0x00,0x00,0xf8,0x44,0x42,0x42,0x42,0x42,0x42,0x42,0x44,0xf8,0x00,0x00,0x00,0x00,0x00,0x00,0xfc,0x42,0x48,0x48,0x78,
  0x48,0x48,0x40,0x42,0xfc,0x00,0x00,0x00,0x00,0x00,0x00,0xfc,0x42,0x48,0x48,0x78,0x48,0x48,0x40,0x40,0xe0,0x00,0x00,0x00,
  0x00,0x00,0x00,0x3c,0x44,0x84,0x80,0x80,0x80,0x8e,0x84,0x44,0x38,0x00,0x00,0x00,0x00,0x00,0x00,0xee,0x44,0x44,0x44,0x7c,
  0x44,0x44,0x44,0x44,0xee,0x00,0x00,0x00,0x00,0x00,0x00,0x7c,0x10,0x10,0x10,0x10,0x10,0x10,0x10,0x10,0x7c,0x00,0x00,0x00,
  0x00,0x00,0x00,0x3e,0x08,0x08,0x08,0x08,0x08,0x08,0x08,0x08,0x08,0x88,0xf0,0x00,0x00,0x00,0x00,0xee,0x44,0x48,0x50,0x70,
  0x50,0x48,0x48,0x44,0xee,0x00,0x00,0x00,0x00,0x00,0x00,0xe0,0x40,0x40,0x40,0x40,0x40,0x40,0x40,0x42,0xfe,0x00,0x00,0x00,
  0x00,0x00,0x00,0xee,0x6c,0x6c,0x6c,0x54,0x54,0x54,0x54,0x54,0xd6,0x00,0x00,0x00,0x00,0x00,0x00,0xee,0x64,0x64,0x54,0x54,
  0x54,0x4c,0x4c,0x4c,0xe4,0x00,0x00,0x00,0x00,0x00,0x00,0x38,0x44,0x82,0x82,0x82,0x82,0x82,0x82,0x44,0x38,0x00,0x00,0x00,
  0x00,0x00,0x00,0xfc,0x42,0x42,0x42,0x7c,0x40,0x40,0x40,0x40,0xe0,0x00,0x00,0x00,0x00,0x00,0x00,0x38,0x44,0x82,0x82,0x82,
  0x82,0x82,0xb2,0x4c,0x38,0x06,0x00,0x00,0x00,0x00,0x00,0xf8,0x44,0x44,0x44,0x78,0x50,0x48,0x48,0x44,0xe6,0x00,0x00,0x00,
  0x00,0x00,0x00,0x3e,0x42,0x42,0x40,0x30,0x0c,0x02,0x42,0x42,0x7c,0x00,0x00,0x00,0x00,0x00,0x00,0xfe,0x92,0x10,0x10,0x10,
  0x10,0x10,0x10,0x10,0x38,0x00,0x00,0x00,0x00,0x00,0x00,0xee,0x44,0x44,0x44,0x44,0x44,0x44,0x44,0x44,0x38,0x00,0x00,0x00,
  0x00,0x00,0x00,0xee,0x44,0x44,0x44,0x28,0x28,0x28,0x28,0x10,0x10,0x00,0x00,0x00,0x00,0x00,0x00,0xd6,0x54,0x54,0x54,0x54,
  0x6c,0x28,0x28,0x28,0x28,0x00,0x00,0x00,0x00,0x00,0x00,0xee,0x44,0x28,0x28,0x10,0x10,0x28,0x28,0x44,0xee,0x00,0x00,0x00,
  0x00,0x00,0x00,0xee,0x44,0x44,0x28,0x28,0x10,0x10,0x10,0x10,0x38,0x00,0x00,0x00,0x00,0x00,0x00,0x3e,0x44,0x04,0x08,0x08,
  0x10,0x10,0x20,0x22,0x7e,0x00,0x00,0x00,0x00,0x1e,0x10,0x10,0x10,0x10,0x10,0x10,0x10,0x10,0x10,0x10,0x10,0x1e,0x00,0x00,
  0x00,0x00,0x40,0x40,0x20,0x20,0x10,0x10,0x10,0x08,0x08,0x04,0x04,0x04,0x02,0x00,0x00,0x78,0x08,0x08,0x08,0x08,0x08,0x08,
  0x08,0x08,0x08,0x08,0x08,0x78,0x00,0x00,0x00,0x18,0x24,0x00,0x00,0x00,0x00,0x00,0x00,0x00,0x00,0x00,0x00,0x00,0x00,0x00,
  0x00,0x00,0x00,0x00,0x00,0x00,0x00,0x00,0x00,0x00,0x00,0x00,0x00,0x00,0xfe,0x00,0x00,0x60,0x10,0x00,0x00,0x00,0x00,0x00,
  0x00,0x00,0x00,0x00,0x00,0x00,0x00,0x00,0x00,0x00,0x00,0x00,0x00,0x00,0x38,0x44,0x1c,0x24,0x44,0x44,0x3e,0x00,0x00,0x00,
  0x00,0x00,0x00,0xc0,0x40,0x40,0x5c,0x62,0x42,0x42,0x42,0x42,0x7c,0x00,0x00,0x00,0x00,0x00,0x00,0x00,0x00,0x00,0x1c,0x22,
  0x40,0x40,0x40,0x22,0x1c,0x00,0x00,0x00,0x00,0x00,0x00,0x06,0x02,0x02,0x3e,0x42,0x42,0x42,0x42,0x46,0x3b,0x00,0x00,0x00,
  0x00,0x00,0x00,0x00,0x00,0x00,0x3c,0x42,0x7e,0x40,0x40,0x42,0x3c,0x00,0x00,0x00,0x00,0x00,0x00,0x0e,0x12,0x10,0x7c,0x10,
  0x10,0x10,0x10,0x10,0x7c,0x00,0x00,0x00,0x00,0x00,0x00,0x00,0x00,0x00,0x3e,0x44,0x44,0x38,0x40,0x3c,0x42,0x42,0x3c,0x00,
  0x00,0x00,0x00,0xc0,0x40,0x40,0x5c,0x62,0x42,0x42,0x42,0x42,0xe7,0x00,0x00,0x00,0x00,0x00,0x00,0x30,0x30,0x00,0x70,0x10,
  0x10,0x10,0x10,0x10,0x7c,0x00,0x00,0x00,0x00,0x00,0x00,0x0c,0x0c,0x00,0x1c,0x04,0x04,0x04,0x04,0x04,0x04,0x44,0x78,0x00,
  0x00,0x00,0x00,0xc0,0x40,0x40,0x4e,0x48,0x50,0x68,0x48,0x44,0xee,0x00,0x00,0x00,0x00,0x00,0x00,0x70,0x10,0x10,0x10,0x10,
  0x10,0x10,0x10,0x10,0x7c,0x00,0x00,0x00,0x00,0x00,0x00,0x00,0x00,0x00,0xf8,0x54,0x54,0x54,0x54,0x54,0xd6,0x00,0x00,0x00,
  0x00,0x00,0x00,0x00,0x00,0x00,0xdc,0x62,0x42,0x42,0x42,0x42,0xe7,0x00,0x00,0x00,0x00,0x00,0x00,0x00,0x00,0x00,0x18,0x24,
  0x42,0x42,0x42,0x24,0x18,0x00,0x00,0x00,0x00,0x00,0x00,0x00,0x00,0x00,0xdc,0x62,0x42,0x42,0x42,0x42,0x7c,0x40,0xe0,0x00,
  0x00,0x00,0x00,0x00,0x00,0x00,0x3e,0x42,0x42,0x42,0x42,0x46,0x3a,0x02,0x07,0x00,0x00,0x00,0x00,0x00,0x00,0x00,0xee,0x32,
  0x20,0x20,0x20,0x20,0xf8,0x00,0x00,0x00,0x00,0x00,0x00,0x00,0x00,0x00,0x3c,0x44,0x40,0x38,0x04,0x44,0x78,0x00,0x00,0x00,
  0x00,0x00,0x00,0x00,0x10,0x10,0x7c,0x10,0x10,0x10,0x10,0x10,0x0c,0x00,0x00,0x00,0x00,0x00,0x00,0x00,0x00,0x00,0xc6,0x42,
  0x42,0x42,0x42,0x46,0x3b,0x00,0x00,0x00,0x00,0x00,0x00,0x00,0x00,0x00,0xe7,0x42,0x24,0x24,0x28,0x10,0x10,0x00,0x00,0x00,
  0x00,0x00,0x00,0x00,0x00,0x00,0xd6,0x54,0x54,0x54,0x28,0x28,0x28,0x00,0x00,0x00,0x00,0x00,0x00,0x00,0x00,0x00,0x6e,0x24,
  0x18,0x18,0x18,0x24,0x76,0x00,0x00,0x00,0x00,0x00,0x00,0x00,0x00,0x00,0xe7,0x42,0x24,0x24,0x28,0x18,0x10,0x10,0xe0,0x00,
  0x00,0x00,0x00,0x00,0x00,0x00,0x7e,0x44,0x08,0x10,0x10,0x22,0x7e,0x00,0x00,0x00,0x00,0x0c,0x08,0x08,0x08,0x08,0x08,0x10,
  0x08,0x08,0x08,0x08,0x08,0x0c,0x00,0x00,0x10,0x10,0x10,0x10,0x10,0x10,0x10,0x10,0x10,0x10,0x10,0x10,0x10,0x10,0x10,0x00,
  0x00,0x30,0x10,0x10,0x10,0x10,0x10,0x08,0x10,0x10,0x10,0x10,0x10,0x30,0x00,0x00,0x31,0x49,0x46,0x00,0x00,0x00,0x00,0x00,
  0x00,0x00,0x00,0x00,0x00,0x00,0x00,0x00,
};
static const NextionGlyph nextion_font4_glyphs[95] PROGMEM = {
  {0,8,8,0,0},  // 32 
  {16,8,8,0,0},  // 33 '!'
  {32,8,8,0,0},  // 34 '"'
  {48,8,8,0,0},  // 35 '#'
  {64,8,8,0,0},  // 36 '$'
  {80,8,8,0,0},  // 37 '%'
  {96,8,8,0,0},  // 38 '&'
  {112,8,8,0,0},  // 39 "'"
  {128,8,8,0,0},  // 40 '('
  {144,8,8,0,0},  // 41 ')'
  {160,8,8,0,0},  // 42 '*'
  {176,8,8,0,0},  // 43 '+'
  {192,8,8,0,0},  // 44 ','
  {208,8,8,0,0},  // 45 '-'
  {224,8,8,0,0},  // 46 '.'
  {240,8,8,0,0},  // 47 '/'
  {256,8,8,0,0},  // 48 '0'
  {272,8,8,0,0},  // 49 '1'
  {288,8,8,0,0},  // 50 '2'
  {304,8,8,0,0},  // 51 '3'
  {320,8,8,0,0},  // 52 '4'
  {336,8,8,0,0},  // 53 '5'
  {352,8,8,0,0},  // 54 '6'
  {368,8,8,0,0},  // 55 '7'
  {384,8,8,0,0},  // 56 '8'
  {400,8,8,0,0},  // 57 '9'
  {416,8,8,0,0},  // 58 ':'
  {432,8,8,0,0},  // 59 ';'
  {448,8,8,0,0},  // 60 '<'
  {464,8,8,0,0},  // 61 '='
  {480,8,8,0,0},  // 62 '>'
  {496,8,8,0,0},  // 63 '?'
  {512,8,8,0,0},  // 64 '@'
  {528,8,8,0,0},  // 65 'A'
  {544,8,8,0,0},  // 66 'B'
  {560,8,8,0,0},  // 67 'C'
  {576,8,8,0,0},  // 68 'D'
  {592,8,8,0,0},  // 69 'E'
  {608,8,8,0,0},  // 70 'F'
  {624,8,8,0,0},  // 71 'G'
  {640,8,8,0,0},  // 72 'H'
  {656,8,8,0,0},  // 73 'I'
  {672,8,8,0,0},  // 74 'J'
  {688,8,8,0,0},  // 75 'K'
  {704,8,8,0,0},  // 76 'L'
  {720,8,8,0,0},  // 77 'M'
  {736,8,8,0,0},  // 78 'N'
  {752,8,8,0,0},  // 79 'O'
  {768,8,8,0,0},  // 80 'P'
  {784,8,8,0,0},  // 81 'Q'
  {800,8,8,0,0},  // 82 'R'
  {816,8,8,0,0},  // 83 'S'
  {832,8,8,0,0},  // 84 'T'
  {848,8,8,0,0},  // 85 'U'
  {864,8,8,0,0},  // 86 'V'
  {880,8,8,0,0},  // 87 'W'
  {896,8,8,0,0},  // 88 'X'
  {912,8,8,0,0},  // 89 'Y'
  {928,8,8,0,0},  // 90 'Z'
  {944,8,8,0,0},  // 91 '['
  {960,8,8,0,0},  // 92 '\\'
  {976,8,8,0,0},  // 93 ']'
  {992,8,8,0,0},  // 94 '^'
  {1008,8,8,0,0},  // 95 '_'
  {1024,8,8,0,0},  // 96 '`'
  {1040,8,8,0,0},  // 97 'a'
  {1056,8,8,0,0},  // 98 'b'
  {1072,8,8,0,0},  // 99 'c'
  {1088,8,8,0,0},  // 100 'd'
  {1104,8,8,0,0},  // 101 'e'
  {1120,8,8,0,0},  // 102 'f'
  {1136,8,8,0,0},  // 103 'g'
  {1152,8,8,0,0},  // 104 'h'
  {1168,8,8,0,0},  // 105 'i'
  {1184,8,8,0,0},  // 106 'j'
  {1200,8,8,0,0},  // 107 'k'
  {1216,8,8,0,0},  // 108 'l'
  {1232,8,8,0,0},  // 109 'm'
  {1248,8,8,0,0},  // 110 'n'
  {1264,8,8,0,0},  // 111 'o'
  {1280,8,8,0,0},  // 112 'p'
  {1296,8,8,0,0},  // 113 'q'
  {1312,8,8,0,0},  // 114 'r'
  {1328,8,8,0,0},  // 115 's'
  {1344,8,8,0,0},  // 116 't'
  {1360,8,8,0,0},  // 117 'u'
  {1376,8,8,0,0},  // 118 'v'
  {1392,8,8,0,0},  // 119 'w'
  {1408,8,8,0,0},  // 120 'x'
  {1424,8,8,0,0},  // 121 'y'
  {1440,8,8,0,0},  // 122 'z'
  {1456,8,8,0,0},  // 123 '{'
  {1472,8,8,0,0},  // 124 '|'
  {1488,8,8,0,0},  // 125 '}'
  {1504,8,8,0,0},  // 126 '~'
};
static const NextionFont nextion_font4 = {16, 32, 126, 95, nextion_font4_glyphs, nextion_font4_bits, 1520};

// font 5: Courier32Biso-8859-1  h=32  chars 32..255  (21344 bytes)
static const uint8_t nextion_font5_bits[21344] PROGMEM = {
  0x00,0x00,0x00,0x00,0x00,0x00,0x00,0x00,0x00,0x00,0x00,0x00,0x00,0x00,0x00,0x00,0x00,0x00,0x00,0x00,0x00,0x00,0x00,0x00,
  0x00,0x00,0x00,0x00,0x00,0x00,0x00,0x00,0x00,0x00,0x00,0x00,0x00,0x00,0x00,0x00,0x00,0x00,0x00,0x00,0x00,0x00,0x00,0x00,
  0x00,0x00,0x00,0x00,0x00,0x00,0x00,0x00,0x00,0x00,0x00,0x00,0x00,0x00,0x00,0x00,0x00,0x00,0x00,0x00,0x00,0x00,0x00,0x00,
  0x00,0x00,0x00,0x00,0x00,0x00,0x00,0x00,0x00,0x00,0x00,0x00,0x00,0x00,0x00,0x00,0x00,0x00,0x00,0x00,0x00,0x00,0x00,0x00,
  0x00,0x00,0x00,0x00,0x00,0x00,0x00,0x00,0x00,0x00,0x00,0x00,0x00,0x00,0x00,0x00,0x00,0x00,0x03,0xc0,0x00,0x03,0xc0,0x00,
  0x03,0xc0,0x00,0x03,0xc0,0x00,0x03,0xc0,0x00,0x03,0xc0,0x00,0x03,0xc0,0x00,0x01,0xc0,0x00,0x01,0x80,0x00,0x01,0x80,0x00,
  0x01,0x80,0x00,0x01,0x80,0x00,0x00,0x00,0x00,0x00,0x00,0x00,0x01,0x80,0x00,0x01,0xc0,0x00,0x01,0x80,0x00,0x00,0x00,0x00,
  0x00,0x00,0x00,0x00,0x00,0x00,0x00,0x00,0x00,0x00,0x00,0x00,0x00,0x00,0x00,0x00,0x00,0x00,0x00,0x00,0x00,0x00,0x00,0x00,
  0x00,0x00,0x00,0x00,0x00,0x00,0x00,0x00,0x00,0x00,0x00,0x00,0x00,0x00,0x00,0x00,0x00,0x00,0x00,0x00,0x00,0x0e,0x70,0x00,
  0x0e,0x30,0x00,0x0e,0x30,0x00,0x0c,0x30,0x00,0x0c,0x30,0x00,0x0c,0x30,0x00,0x04,0x30,0x00,0x04,0x00,0x00,0x00,0x00,0x00,
  0x00,0x00,0x00,0x00,0x00,0x00,0x00,0x00,0x00,0x00,0x00,0x00,0x00,0x00,0x00,0x00,0x00,0x00,0x00,0x00,0x00,0x00,0x00,0x00,
  0x00,0x00,0x00,0x00,0x00,0x00,0x00,0x00,0x00,0x00,0x00,0x00,0x00,0x00,0x00,0x00,0x00,0x00,0x00,0x00,0x00,0x00,0x00,0x00,
  0x00,0x00,0x00,0x00,0x00,0x00,0x00,0x00,0x00,0x00,0x00,0x00,0x06,0x30,0x00,0x06,0x30,0x00,0x06,0x30,0x00,0x06,0x70,0x00,
  0x06,0x70,0x00,0x0e,0x70,0x00,0x3f,0xfc,0x00,0x3f,0xfc,0x00,0x1f,0xfc,0x00,0x0e,0x70,0x00,0x0e,0x70,0x00,0x0e,0x70,0x00,
  0x7f,0xfc,0x00,0x7f,0xfc,0x00,0x3f,0xf8,0x00,0x0c,0x60,0x00,0x0c,0x60,0x00,0x0c,0x60,0x00,0x0c,0xe0,0x00,0x0c,0xe0,0x00,
  0x08,0x40,0x00,0x00,0x00,0x00,0x00,0x00,0x00,0x00,0x00,0x00,0x00,0x00,0x00,0x00,0x00,0x00,0x00,0x00,0x00,0x00,0x00,0x00,
  0x00,0x00,0x00,0x00,0x00,0x00,0x00,0x00,0x00,0x00,0x00,0x00,0x00,0x00,0x00,0x01,0x80,0x00,0x03,0x80,0x00,0x07,0xe0,0x00,
  0x0f,0xf8,0x00,0x1c,0x38,0x00,0x18,0x10,0x00,0x1c,0x00,0x00,0x1f,0x00,0x00,0x0f,0xe0,0x00,0x07,0xf8,0x00,0x00,0x78,0x00,
  0x00,0x18,0x00,0x38,0x18,0x00,0x38,0x18,0x00,0x3c,0x38,0x00,0x3f,0xf0,0x00,0x13,0xc0,0x00,0x01,0x80,0x00,0x01,0x80,0x00,
  0x01,0x80,0x00,0x01,0x00,0x00,0x00,0x00,0x00,0x00,0x00,0x00,0x00,0x00,0x00,0x00,0x00,0x00,0x00,0x00,0x00,0x00,0x00,0x00,
  0x00,0x00,0x00,0x00,0x00,0x00,0x00,0x00,0x00,0x00,0x00,0x00,0x00,0x00,0x00,0x00,0x00,0x00,0x0f,0x00,0x00,0x1f,0x80,0x00,
  0x18,0xc0,0x00,0x10,0x40,0x00,0x10,0xc0,0x00,0x18,0xc0,0x00,0x0f,0x9c,0x00,0x07,0xf8,0x00,0x07,0xc0,0x00,0x3f,0xf0,0x00,
  0x11,0xf8,0x00,0x03,0x18,0x00,0x03,0x08,0x00,0x03,0x08,0x00,0x03,0x98,0x00,0x01,0xf8,0x00,0x00,0x60,0x00,0x00,0x00,0x00,
  0x00,0x00,0x00,0x00,0x00,0x00,0x00,0x00,0x00,0x00,0x00,0x00,0x00,0x00,0x00,0x00,0x00,0x00,0x00,0x00,0x00,0x00,0x00,0x00,
  0x00,0x00,0x00,0x00,0x00,0x00,0x00,0x00,0x00,0x00,0x00,0x00,0x00,0x00,0x00,0x00,0x00,0x00,0x00,0x00,0x00,0x00,0x00,0x00,
  0x01,0xe0,0x00,0x03,0xf8,0x00,0x06,0x00,0x00,0x06,0x00,0x00,0x06,0x00,0x00,0x07,0x00,0x00,0x07,0x80,0x00,0x07,0x80,0x00,
  0x0f,0xce,0x00,0x1d,0xec,0x00,0x1c,0xf8,0x00,0x18,0x78,0x00,0x1c,0x70,0x00,0x0f,0xfe,0x00,0x03,0x9c,0x00,0x00,0x00,0x00,
  0x00,0x00,0x00,0x00,0x00,0x00,0x00,0x00,0x00,0x00,0x00,0x00,0x00,0x00,0x00,0x00,0x00,0x00,0x00,0x00,0x00,0x00,0x00,0x00,
  0x00,0x00,0x00,0x00,0x00,0x00,0x00,0x00,0x00,0x00,0x00,0x00,0x00,0x00,0x00,0x00,0x00,0x00,0x00,0x00,0x00,0x01,0xc0,0x00,
  0x01,0x80,0x00,0x01,0x80,0x00,0x01,0x80,0x00,0x01,0x80,0x00,0x01,0x80,0x00,0x01,0x80,0x00,0x00,0x00,0x00,0x00,0x00,0x00,
  0x00,0x00,0x00,0x00,0x00,0x00,0x00,0x00,0x00,0x00,0x00,0x00,0x00,0x00,0x00,0x00,0x00,0x00,0x00,0x00,0x00,0x00,0x00,0x00,
  0x00,0x00,0x00,0x00,0x00,0x00,0x00,0x00,0x00,0x00,0x00,0x00,0x00,0x00,0x00,0x00,0x00,0x00,0x00,0x00,0x00,0x00,0x00,0x00,
  0x00,0x00,0x00,0x00,0x00,0x00,0x00,0x00,0x00,0x00,0x00,0x00,0x00,0x00,0x00,0x00,0x00,0x00,0x00,0x18,0x00,0x00,0x38,0x00,
  0x00,0x70,0x00,0x00,0x70,0x00,0x00,0xe0,0x00,0x00,0xe0,0x00,0x00,0xe0,0x00,0x01,0xc0,0x00,0x01,0xc0,0x00,0x01,0xc0,0x00,
  0x01,0xc0,0x00,0x01,0xc0,0x00,0x00,0xe0,0x00,0x00,0xe0,0x00,0x00,0xe0,0x00,0x00,0x70,0x00,0x00,0x70,0x00,0x00,0x38,0x00,
  0x00,0x38,0x00,0x00,0x10,0x00,0x00,0x00,0x00,0x00,0x00,0x00,0x00,0x00,0x00,0x00,0x00,0x00,0x00,0x00,0x00,0x00,0x00,0x00,
  0x00,0x00,0x00,0x00,0x00,0x00,0x00,0x00,0x00,0x00,0x00,0x00,0x00,0x00,0x00,0x00,0x00,0x00,0x1c,0x00,0x00,0x1c,0x00,0x00,
  0x0e,0x00,0x00,0x0e,0x00,0x00,0x07,0x00,0x00,0x07,0x00,0x00,0x03,0x80,0x00,0x03,0x80,0x00,0x03,0x80,0x00,0x03,0x80,0x00,
  0x03,0x80,0x00,0x03,0x80,0x00,0x03,0x80,0x00,0x07,0x00,0x00,0x07,0x00,0x00,0x07,0x00,0x00,0x0e,0x00,0x00,0x1e,0x00,0x00,
  0x1c,0x00,0x00,0x08,0x00,0x00,0x00,0x00,0x00,0x00,0x00,0x00,0x00,0x00,0x00,0x00,0x00,0x00,0x00,0x00,0x00,0x00,0x00,0x00,
  0x00,0x00,0x00,0x00,0x00,0x00,0x00,0x00,0x00,0x00,0x00,0x00,0x00,0x00,0x00,0x00,0x00,0x00,0x01,0x80,0x00,0x01,0x80,0x00,
  0x01,0x80,0x00,0x01,0x80,0x00,0x1d,0xfc,0x00,0x1f,0xfc,0x00,0x0f,0xf0,0x00,0x03,0xe0,0x00,0x07,0xe0,0x00,0x07,0x70,0x00,
  0x0e,0x70,0x00,0x04,0x30,0x00,0x00,0x00,0x00,0x00,0x00,0x00,0x00,0x00,0x00,0x00,0x00,0x00,0x00,0x00,0x00,0x00,0x00,0x00,
  0x00,0x00,0x00,0x00,0x00,0x00,0x00,0x00,0x00,0x00,0x00,0x00,0x00,0x00,0x00,0x00,0x00,0x00,0x00,0x00,0x00,0x00,0x00,0x00,
  0x00,0x00,0x00,0x00,0x00,0x00,0x00,0x00,0x00,0x00,0x00,0x00,0x00,0x00,0x00,0x00,0x00,0x00,0x00,0x00,0x00,0x00,0x00,0x00,
  0x01,0x80,0x00,0x01,0x80,0x00,0x01,0x80,0x00,0x01,0x80,0x00,0x01,0x80,0x00,0x01,0xc0,0x00,0x7f,0xfe,0x00,0x7f,0xfe,0x00,
  0x3f,0xfc,0x00,0x01,0x80,0x00,0x01,0x80,0x00,0x01,0x80,0x00,0x01,0x80,0x00,0x01,0x80,0x00,0x00,0x80,0x00,0x00,0x00,0x00,
  0x00,0x00,0x00,0x00,0x00,0x00,0x00,0x00,0x00,0x00,0x00,0x00,0x00,0x00,0x00,0x00,0x00,0x00,0x00,0x00,0x00,0x00,0x00,0x00,
  0x00,0x00,0x00,0x00,0x00,0x00,0x00,0x00,0x00,0x00,0x00,0x00,0x00,0x00,0x00,0x00,0x00,0x00,0x00,0x00,0x00,0x00,0x00,0x00,
  0x00,0x00,0x00,0x00,0x00,0x00,0x00,0x00,0x00,0x00,0x00,0x00,0x00,0x00,0x00,0x00,0x00,0x00,0x00,0x00,0x00,0x00,0x00,0x00,
  0x00,0x00,0x00,0x00,0x00,0x00,0x00,0x00,0x00,0x01,0xe0,0x00,0x01,0xc0,0x00,0x01,0xc0,0x00,0x01,0x80,0x00,0x03,0x80,0x00,
  0x03,0x00,0x00,0x03,0x00,0x00,0x02,0x00,0x00,0x00,0x00,0x00,0x00,0x00,0x00,0x00,0x00,0x00,0x00,0x00,0x00,0x00,0x00,0x00,
  0x00,0x00,0x00,0x00,0x00,0x00,0x00,0x00,0x00,0x00,0x00,0x00,0x00,0x00,0x00,0x00,0x00,0x00,0x00,0x00,0x00,0x00,0x00,0x00,
  0x00,0x00,0x00,0x00,0x00,0x00,0x00,0x00,0x00,0x00,0x00,0x00,0x00,0x00,0x00,0x00,0x00,0x00,0x1f,0xfc,0x00,0x1f,0xfc,0x00,
  0x1f,0xfc,0x00,0x00,0x00,0x00,0x00,0x00,0x00,0x00,0x00,0x00,0x00,0x00,0x00,0x00,0x00,0x00,0x00,0x00,0x00,0x00,0x00,0x00,
  0x00,0x00,0x00,0x00,0x00,0x00,0x00,0x00,0x00,0x00,0x00,0x00,0x00,0x00,0x00,0x00,0x00,0x00,0x00,0x00,0x00,0x00,0x00,0x00,
  0x00,0x00,0x00,0x00,0x00,0x00,0x00,0x00,0x00,0x00,0x00,0x00,0x00,0x00,0x00,0x00,0x00,0x00,0x00,0x00,0x00,0x00,0x00,0x00,
  0x00,0x00,0x00,0x00,0x00,0x00,0x00,0x00,0x00,0x00,0x00,0x00,0x00,0x00,0x00,0x00,0x00,0x00,0x00,0x00,0x00,0x00,0x00,0x00,
  0x00,0x00,0x00,0x00,0x00,0x00,0x00,0x00,0x00,0x01,0xc0,0x00,0x03,0xc0,0x00,0x03,0xc0,0x00,0x01,0x80,0x00,0x00,0x00,0x00,
  0x00,0x00,0x00,0x00,0x00,0x00,0x00,0x00,0x00,0x00,0x00,0x00,0x00,0x00,0x00,0x00,0x00,0x00,0x00,0x00,0x00,0x00,0x00,0x00,
  0x00,0x00,0x00,0x00,0x00,0x00,0x00,0x00,0x00,0x00,0x00,0x00,0x00,0x1c,0x00,0x00,0x1c,0x00,0x00,0x38,0x00,0x00,0x38,0x00,
  0x00,0x30,0x00,0x00,0x70,0x00,0x00,0x60,0x00,0x00,0xe0,0x00,0x00,0xe0,0x00,0x01,0xc0,0x00,0x01,0xc0,0x00,0x03,0x80,0x00,
  0x03,0x80,0x00,0x07,0x00,0x00,0x07,0x00,0x00,0x0e,0x00,0x00,0x0e,0x00,0x00,0x1c,0x00,0x00,0x1c,0x00,0x00,0x18,0x00,0x00,
  0x38,0x00,0x00,0x10,0x00,0x00,0x00,0x00,0x00,0x00,0x00,0x00,0x00,0x00,0x00,0x00,0x00,0x00,0x00,0x00,0x00,0x00,0x00,0x00,
  0x00,0x00,0x00,0x00,0x00,0x00,0x00,0x00,0x00,0x00,0x00,0x00,0x00,0x00,0x00,0x00,0x00,0x00,0x07,0xe0,0x00,0x0f,0xf0,0x00,
  0x0c,0x38,0x00,0x1c,0x18,0x00,0x18,0x1c,0x00,0x38,0x1c,0x00,0x38,0x1c,0x00,0x38,0x1c,0x00,0x38,0x1c,0x00,0x38,0x1c,0x00,
  0x38,0x1c,0x00,0x38,0x1c,0x00,0x18,0x18,0x00,0x1c,0x38,0x00,0x0e,0x70,0x00,0x07,0xe0,0x00,0x01,0x80,0x00,0x00,0x00,0x00,
  0x00,0x00,0x00,0x00,0x00,0x00,0x00,0x00,0x00,0x00,0x00,0x00,0x00,0x00,0x00,0x00,0x00,0x00,0x00,0x00,0x00,0x00,0x00,0x00,
  0x00,0x00,0x00,0x00,0x00,0x00,0x00,0x00,0x00,0x00,0x00,0x00,0x00,0x00,0x00,0x00,0x00,0x00,0x01,0x80,0x00,0x1f,0x80,0x00,
  0x3f,0x80,0x00,0x11,0x80,0x00,0x01,0x80,0x00,0x01,0x80,0x00,0x01,0x80,0x00,0x01,0x80,0x00,0x01,0x80,0x00,0x01,0x80,0x00,
  0x01,0x80,0x00,0x01,0x80,0x00,0x01,0x80,0x00,0x01,0x80,0x00,0x01,0xc0,0x00,0x3f,0xfc,0x00,0x1f,0xfc,0x00,0x00,0x00,0x00,
  0x00,0x00,0x00,0x00,0x00,0x00,0x00,0x00,0x00,0x00,0x00,0x00,0x00,0x00,0x00,0x00,0x00,0x00,0x00,0x00,0x00,0x00,0x00,0x00,
  0x00,0x00,0x00,0x00,0x00,0x00,0x00,0x00,0x00,0x00,0x00,0x00,0x00,0x00,0x00,0x00,0x00,0x00,0x07,0xe0,0x00,0x1f,0xf0,0x00,
  0x1c,0x38,0x00,0x38,0x18,0x00,0x38,0x18,0x00,0x10,0x18,0x00,0x00,0x38,0x00,0x00,0x78,0x00,0x00,0xf0,0x00,0x01,0xe0,0x00,
  0x03,0xc0,0x00,0x07,0x80,0x00,0x0f,0x00,0x00,0x1e,0x00,0x00,0x3c,0x00,0x00,0x3f,0xfc,0x00,0x3f,0xf8,0x00,0x00,0x00,0x00,
  0x00,0x00,0x00,0x00,0x00,0x00,0x00,0x00,0x00,0x00,0x00,0x00,0x00,0x00,0x00,0x00,0x00,0x00,0x00,0x00,0x00,0x00,0x00,0x00,
  0x00,0x00,0x00,0x00,0x00,0x00,0x00,0x00,0x00,0x00,0x00,0x00,0x00,0x00,0x00,0x00,0x00,0x00,0x07,0xe0,0x00,0x1f,0xf8,0x00,
  0x1c,0x38,0x00,0x10,0x1c,0x00,0x00,0x1c,0x00,0x00,0x1c,0x00,0x00,0x38,0x00,0x03,0xf0,0x00,0x01,0xf8,0x00,0x00,0x3c,0x00,
  0x00,0x1c,0x00,0x00,0x0c,0x00,0x00,0x0c,0x00,0x00,0x1c,0x00,0x38,0x38,0x00,0x3f,0xf0,0x00,0x07,0xc0,0x00,0x00,0x00,0x00,
  0x00,0x00,0x00,0x00,0x00,0x00,0x00,0x00,0x00,0x00,0x00,0x00,0x00,0x00,0x00,0x00,0x00,0x00,0x00,0x00,0x00,0x00,0x00,0x00,
  0x00,0x00,0x00,0x00,0x00,0x00,0x00,0x00,0x00,0x00,0x00,0x00,0x00,0x00,0x00,0x00,0x00,0x00,0x00,0xf0,0x00,0x00,0xf0,0x00,
  0x01,0xf0,0x00,0x03,0xf0,0x00,0x03,0xf0,0x00,0x07,0x70,0x00,0x0e,0x70,0x00,0x0e,0x70,0x00,0x1c,0x70,0x00,0x3c,0x70,0x00,
  0x3f,0xfc,0x00,0x3f,0xf8,0x00,0x00,0x70,0x00,0x00,0x70,0x00,0x00,0x70,0x00,0x01,0xfc,0x00,0x01,0xf8,0x00,0x00,0x00,0x00,
  0x00,0x00,0x00,0x00,0x00,0x00,0x00,0x00,0x00,0x00,0x00,0x00,0x00,0x00,0x00,0x00,0x00,0x00,0x00,0x00,0x00,0x00,0x00,0x00,
  0x00,0x00,0x00,0x00,0x00,0x00,0x00,0x00,0x00,0x00,0x00,0x00,0x00,0x00,0x00,0x00,0x00,0x00,0x1f,0xf8,0x00,0x1f,0xf8,0x00,
  0x1c,0x00,0x00,0x1c,0x00,0x00,0x1c,0x00,0x00,0x1f,0xe0,0x00,0x1f,0xf8,0x00,0x1c,0x38,0x00,0x08,0x1c,0x00,0x00,0x0c,0x00,
  0x00,0x0c,0x00,0x00,0x0c,0x00,0x00,0x0c,0x00,0x00,0x1c,0x00,0x38,0x38,0x00,0x3f,0xf0,0x00,0x07,0x80,0x00,0x00,0x00,0x00,
  0x00,0x00,0x00,0x00,0x00,0x00,0x00,0x00,0x00,0x00,0x00,0x00,0x00,0x00,0x00,0x00,0x00,0x00,0x00,0x00,0x00,0x00,0x00,0x00,
  0x00,0x00,0x00,0x00,0x00,0x00,0x00,0x00,0x00,0x00,0x00,0x00,0x00,0x00,0x00,0x00,0x00,0x00,0x00,0xfc,0x00,0x01,0xfc,0x00,
  0x07,0x84,0x00,0x0e,0x00,0x00,0x0c,0x00,0x00,0x1c,0x00,0x00,0x1f,0xf0,0x00,0x1f,0xf8,0x00,0x1f,0x1c,0x00,0x1e,0x1c,0x00,
  0x1c,0x0c,0x00,0x1c,0x0c,0x00,0x1c,0x0c,0x00,0x0c,0x1c,0x00,0x0e,0x3c,0x00,0x07,0xf8,0x00,0x01,0xe0,0x00,0x00,0x00,0x00,
  0x00,0x00,0x00,0x00,0x00,0x00,0x00,0x00,0x00,0x00,0x00,0x00,0x00,0x00,0x00,0x00,0x00,0x00,0x00,0x00,0x00,0x00,0x00,0x00,
  0x00,0x00,0x00,0x00,0x00,0x00,0x00,0x00,0x00,0x00,0x00,0x00,0x00,0x00,0x00,0x00,0x00,0x00,0x3f,0xfc,0x00,0x3f,0xfc,0x00,
  0x38,0x18,0x00,0x10,0x38,0x00,0x00,0x38,0x00,0x00,0x30,0x00,0x00,0x70,0x00,0x00,0x70,0x00,0x00,0x70,0x00,0x00,0x60,0x00,
  0x00,0xe0,0x00,0x00,0xe0,0x00,0x00,0xc0,0x00,0x01,0xc0,0x00,0x01,0xc0,0x00,0x01,0x80,0x00,0x01,0x80,0x00,0x00,0x00,0x00,
  0x00,0x00,0x00,0x00,0x00,0x00,0x00,0x00,0x00,0x00,0x00,0x00,0x00,0x00,0x00,0x00,0x00,0x00,0x00,0x00,0x00,0x00,0x00,0x00,
  0x00,0x00,0x00,0x00,0x00,0x00,0x00,0x00,0x00,0x00,0x00,0x00,0x00,0x00,0x00,0x00,0x00,0x00,0x07,0xe0,0x00,0x1f,0xf8,0x00,
  0x1c,0x38,0x00,0x38,0x1c,0x00,0x38,0x1c,0x00,0x18,0x1c,0x00,0x1c,0x78,0x00,0x0f,0xf0,0x00,0x1f,0xf8,0x00,0x1c,0x38,0x00,
  0x38,0x1c,0x00,0x38,0x1c,0x00,0x38,0x1c,0x00,0x18,0x1c,0x00,0x1c,0x38,0x00,0x0f,0xf0,0x00,0x03,0xc0,0x00,0x00,0x00,0x00,
  0x00,0x00,0x00,0x00,0x00,0x00,0x00,0x00,0x00,0x00,0x00,0x00,0x00,0x00,0x00,0x00,0x00,0x00,0x00,0x00,0x00,0x00,0x00,0x00,
  0x00,0x00,0x00,0x00,0x00,0x00,0x00,0x00,0x00,0x00,0x00,0x00,0x00,0x00,0x00,0x00,0x00,0x00,0x03,0xe0,0x00,0x0f,0xf0,0x00,
  0x0c,0x38,0x00,0x1c,0x1c,0x00,0x18,0x1c,0x00,0x18,0x0c,0x00,0x1c,0x1c,0x00,0x1c,0x3c,0x00,0x0e,0x7c,0x00,0x07,0xfc,0x00,
  0x01,0xcc,0x00,0x00,0x1c,0x00,0x00,0x18,0x00,0x00,0x38,0x00,0x18,0xf0,0x00,0x1f,0xc0,0x00,0x07,0x00,0x00,0x00,0x00,0x00,
  0x00,0x00,0x00,0x00,0x00,0x00,0x00,0x00,0x00,0x00,0x00,0x00,0x00,0x00,0x00,0x00,0x00,0x00,0x00,0x00,0x00,0x00,0x00,0x00,
  0x00,0x00,0x00,0x00,0x00,0x00,0x00,0x00,0x00,0x00,0x00,0x00,0x00,0x00,0x00,0x00,0x00,0x00,0x00,0x00,0x00,0x00,0x00,0x00,
  0x00,0x00,0x00,0x00,0x00,0x00,0x00,0x00,0x00,0x01,0xc0,0x00,0x03,0xc0,0x00,0x03,0xc0,0x00,0x01,0x80,0x00,0x00,0x00,0x00,
  0x00,0x00,0x00,0x00,0x00,0x00,0x00,0x00,0x00,0x01,0xc0,0x00,0x03,0xc0,0x00,0x03,0xc0,0x00,0x01,0x80,0x00,0x00,0x00,0x00,
  0x00,0x00,0x00,0x00,0x00,0x00,0x00,0x00,0x00,0x00,0x00,0x00,0x00,0x00,0x00,0x00,0x00,0x00,0x00,0x00,0x00,0x00,0x00,0x00,
  0x00,0x00,0x00,0x00,0x00,0x00,0x00,0x00,0x00,0x00,0x00,0x00,0x00,0x00,0x00,0x00,0x00,0x00,0x00,0x00,0x00,0x00,0x00,0x00,
  0x00,0x00,0x00,0x00,0x00,0x00,0x00,0x00,0x00,0x00,0xe0,0x00,0x00,0xe0,0x00,0x00,0xe0,0x00,0x00,0x40,0x00,0x00,0x00,0x00,
  0x00,0x00,0x00,0x00,0x00,0x00,0x00,0x00,0x00,0x01,0xc0,0x00,0x01,0xc0,0x00,0x01,0x80,0x00,0x03,0x00,0x00,0x03,0x00,0x00,
  0x02,0x00,0x00,0x00,0x00,0x00,0x00,0x00,0x00,0x00,0x00,0x00,0x00,0x00,0x00,0x00,0x00,0x00,0x00,0x00,0x00,0x00,0x00,0x00,
  0x00,0x00,0x00,0x00,0x00,0x00,0x00,0x00,0x00,0x00,0x00,0x00,0x00,0x00,0x00,0x00,0x00,0x00,0x00,0x00,0x00,0x00,0x00,0x00,
  0x00,0x07,0x00,0x00,0x1f,0x00,0x00,0x7e,0x00,0x00,0xf8,0x00,0x03,0xe0,0x00,0x0f,0x80,0x00,0x3e,0x00,0x00,0x7e,0x00,0x00,
  0x1f,0x00,0x00,0x07,0xc0,0x00,0x01,0xf0,0x00,0x00,0x7c,0x00,0x00,0x3f,0x00,0x00,0x0f,0x00,0x00,0x02,0x00,0x00,0x00,0x00,
  0x00,0x00,0x00,0x00,0x00,0x00,0x00,0x00,0x00,0x00,0x00,0x00,0x00,0x00,0x00,0x00,0x00,0x00,0x00,0x00,0x00,0x00,0x00,0x00,
  0x00,0x00,0x00,0x00,0x00,0x00,0x00,0x00,0x00,0x00,0x00,0x00,0x00,0x00,0x00,0x00,0x00,0x00,0x00,0x00,0x00,0x00,0x00,0x00,
  0x00,0x00,0x00,0x00,0x00,0x00,0x00,0x00,0x00,0x7f,0xfe,0x00,0x7f,0xff,0x00,0x7f,0xfe,0x00,0x00,0x00,0x00,0x00,0x00,0x00,
  0x7f,0xfe,0x00,0x7f,0xff,0x00,0x7f,0xfe,0x00,0x00,0x00,0x00,0x00,0x00,0x00,0x00,0x00,0x00,0x00,0x00,0x00,0x00,0x00,0x00,
  0x00,0x00,0x00,0x00,0x00,0x00,0x00,0x00,0x00,0x00,0x00,0x00,0x00,0x00,0x00,0x00,0x00,0x00,0x00,0x00,0x00,0x00,0x00,0x00,
  0x00,0x00,0x00,0x00,0x00,0x00,0x00,0x00,0x00,0x00,0x00,0x00,0x00,0x00,0x00,0x00,0x00,0x00,0x00,0x00,0x00,0x00,0x00,0x00,
  0x70,0x00,0x00,0x7c,0x00,0x00,0x3f,0x00,0x00,0x0f,0xc0,0x00,0x03,0xe0,0x00,0x00,0xf8,0x00,0x00,0x3e,0x00,0x00,0x1f,0x00,
  0x00,0x7c,0x00,0x01,0xf0,0x00,0x07,0xc0,0x00,0x1f,0x80,0x00,0x3e,0x00,0x00,0x78,0x00,0x00,0x20,0x00,0x00,0x00,0x00,0x00,
  0x00,0x00,0x00,0x00,0x00,0x00,0x00,0x00,0x00,0x00,0x00,0x00,0x00,0x00,0x00,0x00,0x00,0x00,0x00,0x00,0x00,0x00,0x00,0x00,
  0x00,0x00,0x00,0x00,0x00,0x00,0x00,0x00,0x00,0x00,0x00,0x00,0x00,0x00,0x00,0x00,0x00,0x00,0x00,0x00,0x00,0x07,0xe0,0x00,
  0x1f,0xf8,0x00,0x1c,0x18,0x00,0x18,0x1c,0x00,0x18,0x1c,0x00,0x00,0x1c,0x00,0x00,0x78,0x00,0x01,0xf8,0x00,0x01,0xe0,0x00,
  0x01,0x80,0x00,0x00,0x80,0x00,0x00,0x00,0x00,0x00,0x00,0x00,0x03,0xc0,0x00,0x03,0xc0,0x00,0x01,0x80,0x00,0x00,0x00,0x00,
  0x00,0x00,0x00,0x00,0x00,0x00,0x00,0x00,0x00,0x00,0x00,0x00,0x00,0x00,0x00,0x00,0x00,0x00,0x00,0x00,0x00,0x00,0x00,0x00,
  0x00,0x00,0x00,0x00,0x00,0x00,0x00,0x00,0x00,0x00,0x00,0x00,0x00,0x00,0x00,0x00,0x00,0x00,0x07,0xc0,0x00,0x0f,0xe0,0x00,
  0x1c,0x30,0x00,0x18,0x10,0x00,0x10,0x30,0x00,0x30,0xf0,0x00,0x31,0xf0,0x00,0x33,0x10,0x00,0x33,0x10,0x00,0x33,0x10,0x00,
  0x33,0xb0,0x00,0x31,0xf8,0x00,0x30,0x70,0x00,0x10,0x00,0x00,0x18,0x00,0x00,0x18,0x00,0x00,0x0c,0x30,0x00,0x0f,0xf0,0x00,
  0x03,0x80,0x00,0x00,0x00,0x00,0x00,0x00,0x00,0x00,0x00,0x00,0x00,0x00,0x00,0x00,0x00,0x00,0x00,0x00,0x00,0x00,0x00,0x00,
  0x00,0x00,0x00,0x00,0x00,0x00,0x00,0x00,0x00,0x00,0x00,0x00,0x00,0x00,0x00,0x00,0x00,0x00,0x00,0x00,0x00,0x1f,0xe0,0x00,
  0x0f,0xe0,0x00,0x03,0xf0,0x00,0x03,0xf0,0x00,0x03,0x30,0x00,0x07,0x38,0x00,0x07,0x18,0x00,0x0e,0x1c,0x00,0x0e,0x1c,0x00,
  0x0f,0xfc,0x00,0x1f,0xfe,0x00,0x1c,0x0e,0x00,0x38,0x07,0x00,0x38,0x07,0x00,0xfc,0x0f,0xc0,0x7c,0x0f,0xc0,0x00,0x00,0x00,
  0x00,0x00,0x00,0x00,0x00,0x00,0x00,0x00,0x00,0x00,0x00,0x00,0x00,0x00,0x00,0x00,0x00,0x00,0x00,0x00,0x00,0x00,0x00,0x00,
  0x00,0x00,0x00,0x00,0x00,0x00,0x00,0x00,0x00,0x00,0x00,0x00,0x00,0x00,0x00,0x00,0x00,0x00,0x00,0x00,0x00,0xff,0xf0,0x00,
  0x7f,0xf8,0x00,0x18,0x1c,0x00,0x18,0x0c,0x00,0x18,0x0c,0x00,0x18,0x1c,0x00,0x18,0x3c,0x00,0x1f,0xf8,0x00,0x1f,0xfc,0x00,
  0x18,0x0e,0x00,0x18,0x0e,0x00,0x18,0x06,0x00,0x18,0x06,0x00,0x38,0x0e,0x00,0xff,0xfc,0x00,0x7f,0xf0,0x00,0x00,0x00,0x00,
  0x00,0x00,0x00,0x00,0x00,0x00,0x00,0x00,0x00,0x00,0x00,0x00,0x00,0x00,0x00,0x00,0x00,0x00,0x00,0x00,0x00,0x00,0x00,0x00,
  0x00,0x00,0x00,0x00,0x00,0x00,0x00,0x00,0x00,0x00,0x00,0x00,0x00,0x00,0x00,0x00,0x00,0x00,0x00,0x00,0x00,0x07,0xfe,0x00,
  0x0f,0xfe,0x00,0x1c,0x1e,0x00,0x38,0x0e,0x00,0x30,0x0e,0x00,0x70,0x04,0x00,0x70,0x00,0x00,0x70,0x00,0x00,0x70,0x00,0x00,
  0x70,0x00,0x00,0x70,0x00,0x00,0x30,0x06,0x00,0x38,0x0e,0x00,0x1e,0x1c,0x00,0x0f,0xf8,0x00,0x01,0xe0,0x00,0x00,0x00,0x00,
  0x00,0x00,0x00,0x00,0x00,0x00,0x00,0x00,0x00,0x00,0x00,0x00,0x00,0x00,0x00,0x00,0x00,0x00,0x00,0x00,0x00,0x00,0x00,0x00,
  0x00,0x00,0x00,0x00,0x00,0x00,0x00,0x00,0x00,0x00,0x00,0x00,0x00,0x00,0x00,0x00,0x00,0x00,0x00,0x00,0x00,0xff,0xe0,0x00,
  0x7f,0xf0,0x00,0x38,0x38,0x00,0x38,0x1c,0x00,0x38,0x0c,0x00,0x38,0x0e,0x00,0x38,0x0e,0x00,0x38,0x0e,0x00,0x38,0x0e,0x00,
  0x38,0x0e,0x00,0x38,0x0e,0x00,0x38,0x0c,0x00,0x38,0x1c,0x00,0x38,0x38,0x00,0xff,0xf0,0x00,0x7f,0x80,0x00,0x00,0x00,0x00,
  0x00,0x00,0x00,0x00,0x00,0x00,0x00,0x00,0x00,0x00,0x00,0x00,0x00,0x00,0x00,0x00,0x00,0x00,0x00,0x00,0x00,0x00,0x00,0x00,
  0x00,0x00,0x00,0x00,0x00,0x00,0x00,0x00,0x00,0x00,0x00,0x00,0x00,0x00,0x00,0x00,0x00,0x00,0x00,0x00,0x00,0xff,0xfc,0x00,
  0x7f,0xfc,0x00,0x18,0x0c,0x00,0x18,0x0c,0x00,0x18,0x08,0x00,0x18,0xc0,0x00,0x19,0xc0,0x00,0x1f,0xc0,0x00,0x1f,0xc0,0x00,
  0x18,0xc0,0x00,0x18,0xc0,0x00,0x18,0x0c,0x00,0x18,0x0e,0x00,0x38,0x0e,0x00,0xff,0xfe,0x00,0x7f,0xfc,0x00,0x00,0x00,0x00,
  0x00,0x00,0x00,0x00,0x00,0x00,0x00,0x00,0x00,0x00,0x00,0x00,0x00,0x00,0x00,0x00,0x00,0x00,0x00,0x00,0x00,0x00,0x00,0x00,
  0x00,0x00,0x00,0x00,0x00,0x00,0x00,0x00,0x00,0x00,0x00,0x00,0x00,0x00,0x00,0x00,0x00,0x00,0x00,0x00,0x00,0x7f,0xff,0x00,
  0x3f,0xff,0x00,0x0c,0x07,0x00,0x0c,0x07,0x00,0x0c,0x02,0x00,0x0c,0x60,0x00,0x0c,0xe0,0x00,0x0f,0xe0,0x00,0x0f,0xe0,0x00,
  0x0c,0x60,0x00,0x0c,0x60,0x00,0x0c,0x00,0x00,0x0c,0x00,0x00,0x1c,0x00,0x00,0x7f,0xe0,0x00,0x3f,0xc0,0x00,0x00,0x00,0x00,
  0x00,0x00,0x00,0x00,0x00,0x00,0x00,0x00,0x00,0x00,0x00,0x00,0x00,0x00,0x00,0x00,0x00,0x00,0x00,0x00,0x00,0x00,0x00,0x00,
  0x00,0x00,0x00,0x00,0x00,0x00,0x00,0x00,0x00,0x00,0x00,0x00,0x00,0x00,0x00,0x00,0x00,0x00,0x00,0x00,0x00,0x07,0xf6,0x00,
  0x0f,0xfe,0x00,0x1c,0x0e,0x00,0x38,0x0e,0x00,0x30,0x04,0x00,0x70,0x00,0x00,0x70,0x00,0x00,0x70,0x00,0x00,0x70,0xff,0x00,
  0x70,0xff,0x00,0x70,0x0e,0x00,0x30,0x0e,0x00,0x38,0x0e,0x00,0x1c,0x3e,0x00,0x0f,0xfc,0x00,0x01,0xe0,0x00,0x00,0x00,0x00,
  0x00,0x00,0x00,0x00,0x00,0x00,0x00,0x00,0x00,0x00,0x00,0x00,0x00,0x00,0x00,0x00,0x00,0x00,0x00,0x00,0x00,0x00,0x00,0x00,
  0x00,0x00,0x00,0x00,0x00,0x00,0x00,0x00,0x00,0x00,0x00,0x00,0x00,0x00,0x00,0x00,0x00,0x00,0x00,0x00,0x00,0x7e,0x7e,0x00,
  0x3e,0x7e,0x00,0x18,0x1c,0x00,0x18,0x1c,0x00,0x18,0x1c,0x00,0x18,0x1c,0x00,0x18,0x1c,0x00,0x1f,0xfc,0x00,0x1f,0xfc,0x00,
  0x18,0x1c,0x00,0x18,0x1c,0x00,0x18,0x1c,0x00,0x18,0x1c,0x00,0x38,0x1c,0x00,0x7e,0x7f,0x00,0x7e,0x7e,0x00,0x00,0x00,0x00,
  0x00,0x00,0x00,0x00,0x00,0x00,0x00,0x00,0x00,0x00,0x00,0x00,0x00,0x00,0x00,0x00,0x00,0x00,0x00,0x00,0x00,0x00,0x00,0x00,
  0x00,0x00,0x00,0x00,0x00,0x00,0x00,0x00,0x00,0x00,0x00,0x00,0x00,0x00,0x00,0x00,0x00,0x00,0x00,0x00,0x00,0x3f,0xfc,0x00,
  0x1f,0xfc,0x00,0x01,0x80,0x00,0x01,0x80,0x00,0x01,0x80,0x00,0x01,0x80,0x00,0x01,0x80,0x00,0x01,0x80,0x00,0x01,0x80,0x00,
  0x01,0x80,0x00,0x01,0x80,0x00,0x01,0x80,0x00,0x01,0x80,0x00,0x01,0xc0,0x00,0x3f,0xfc,0x00,0x1f,0xfc,0x00,0x00,0x00,0x00,
  0x00,0x00,0x00,0x00,0x00,0x00,0x00,0x00,0x00,0x00,0x00,0x00,0x00,0x00,0x00,0x00,0x00,0x00,0x00,0x00,0x00,0x00,0x00,0x00,
  0x00,0x00,0x00,0x00,0x00,0x00,0x00,0x00,0x00,0x00,0x00,0x00,0x00,0x00,0x00,0x00,0x00,0x00,0x00,0x00,0x00,0x07,0xff,0x80,
  0x03,0xff,0x00,0x00,0x18,0x00,0x00,0x18,0x00,0x00,0x18,0x00,0x00,0x18,0x00,0x00,0x18,0x00,0x00,0x18,0x00,0x30,0x18,0x00,
  0x30,0x18,0x00,0x30,0x18,0x00,0x30,0x18,0x00,0x30,0x38,0x00,0x38,0x70,0x00,0x3f,0xe0,0x00,0x03,0x80,0x00,0x00,0x00,0x00,
  0x00,0x00,0x00,0x00,0x00,0x00,0x00,0x00,0x00,0x00,0x00,0x00,0x00,0x00,0x00,0x00,0x00,0x00,0x00,0x00,0x00,0x00,0x00,0x00,
  0x00,0x00,0x00,0x00,0x00,0x00,0x00,0x00,0x00,0x00,0x00,0x00,0x00,0x00,0x00,0x00,0x00,0x00,0x00,0x00,0x00,0x7e,0x3f,0x80,
  0x7e,0x3f,0x00,0x18,0x3c,0x00,0x18,0x78,0x00,0x18,0xf0,0x00,0x19,0xe0,0x00,0x1f,0xc0,0x00,0x1f,0xc0,0x00,0x1f,0xe0,0x00,
  0x1c,0xf0,0x00,0x18,0x70,0x00,0x18,0x38,0x00,0x18,0x18,0x00,0x38,0x1c,0x00,0x7e,0x0f,0x80,0x7e,0x0f,0x00,0x00,0x00,0x00,
  0x00,0x00,0x00,0x00,0x00,0x00,0x00,0x00,0x00,0x00,0x00,0x00,0x00,0x00,0x00,0x00,0x00,0x00,0x00,0x00,0x00,0x00,0x00,0x00,
  0x00,0x00,0x00,0x00,0x00,0x00,0x00,0x00,0x00,0x00,0x00,0x00,0x00,0x00,0x00,0x00,0x00,0x00,0x00,0x00,0x00,0x7f,0xc0,0x00,
  0x7f,0xc0,0x00,0x0e,0x00,0x00,0x0e,0x00,0x00,0x0e,0x00,0x00,0x0e,0x00,0x00,0x0e,0x00,0x00,0x0e,0x00,0x00,0x0e,0x00,0x00,
  0x0e,0x06,0x00,0x0e,0x06,0x00,0x0e,0x06,0x00,0x0e,0x06,0x00,0x0e,0x06,0x00,0x7f,0xfe,0x00,0x7f,0xfe,0x00,0x00,0x00,0x00,
  0x00,0x00,0x00,0x00,0x00,0x00,0x00,0x00,0x00,0x00,0x00,0x00,0x00,0x00,0x00,0x00,0x00,0x00,0x00,0x00,0x00,0x00,0x00,0x00,
  0x00,0x00,0x00,0x00,0x00,0x00,0x00,0x00,0x00,0x00,0x00,0x00,0x00,0x00,0x00,0x00,0x00,0x00,0x00,0x00,0x00,0x7c,0x07,0x80,
  0x7c,0x0f,0x80,0x3e,0x0f,0x00,0x3e,0x1f,0x00,0x3f,0x1f,0x00,0x3f,0x3f,0x00,0x3b,0x3b,0x00,0x3b,0xf3,0x00,0x39,0xf3,0x00,
  0x39,0xe3,0x00,0x39,0xe3,0x00,0x38,0xc3,0x00,0x38,0x03,0x00,0x38,0x07,0x00,0xff,0x1f,0xc0,0x7e,0x1f,0xc0,0x00,0x00,0x00,
  0x00,0x00,0x00,0x00,0x00,0x00,0x00,0x00,0x00,0x00,0x00,0x00,0x00,0x00,0x00,0x00,0x00,0x00,0x00,0x00,0x00,0x00,0x00,0x00,
  0x00,0x00,0x00,0x00,0x00,0x00,0x00,0x00,0x00,0x00,0x00,0x00,0x00,0x00,0x00,0x00,0x00,0x00,0x00,0x00,0x00,0x7c,0x3f,0x80,
  0x7e,0x3f,0x80,0x1e,0x06,0x00,0x1f,0x06,0x00,0x1f,0x86,0x00,0x1f,0x86,0x00,0x1d,0xc6,0x00,0x1d,0xc6,0x00,0x1c,0xe6,0x00,
  0x1c,0x76,0x00,0x1c,0x7e,0x00,0x1c,0x3e,0x00,0x1c,0x1e,0x00,0x1c,0x1e,0x00,0x7f,0x0e,0x00,0x3f,0x06,0x00,0x00,0x00,0x00,
  0x00,0x00,0x00,0x00,0x00,0x00,0x00,0x00,0x00,0x00,0x00,0x00,0x00,0x00,0x00,0x00,0x00,0x00,0x00,0x00,0x00,0x00,0x00,0x00,
  0x00,0x00,0x00,0x00,0x00,0x00,0x00,0x00,0x00,0x00,0x00,0x00,0x00,0x00,0x00,0x00,0x00,0x00,0x00,0x00,0x00,0x07,0xe0,0x00,
  0x0f,0xf8,0x00,0x3c,0x1c,0x00,0x38,0x0c,0x00,0x70,0x0e,0x00,0x70,0x06,0x00,0x60,0x06,0x00,0x60,0x07,0x00,0x60,0x07,0x00,
  0x60,0x06,0x00,0x70,0x06,0x00,0x70,0x0e,0x00,0x38,0x1c,0x00,0x1e,0x38,0x00,0x0f,0xf0,0x00,0x01,0xc0,0x00,0x00,0x00,0x00,
  0x00,0x00,0x00,0x00,0x00,0x00,0x00,0x00,0x00,0x00,0x00,0x00,0x00,0x00,0x00,0x00,0x00,0x00,0x00,0x00,0x00,0x00,0x00,0x00,
  0x00,0x00,0x00,0x00,0x00,0x00,0x00,0x00,0x00,0x00,0x00,0x00,0x00,0x00,0x00,0x00,0x00,0x00,0x00,0x00,0x00,0x3f,0xf8,0x00,
  0x3f,0xfc,0x00,0x0c,0x0e,0x00,0x0c,0x06,0x00,0x0c,0x06,0x00,0x0c,0x06,0x00,0x0c,0x06,0x00,0x0c,0x0e,0x00,0x0e,0x1c,0x00,
  0x0f,0xf8,0x00,0x0f,0xe0,0x00,0x0c,0x00,0x00,0x0c,0x00,0x00,0x0e,0x00,0x00,0x3f,0xe0,0x00,0x3f,0xe0,0x00,0x00,0x00,0x00,
  0x00,0x00,0x00,0x00,0x00,0x00,0x00,0x00,0x00,0x00,0x00,0x00,0x00,0x00,0x00,0x00,0x00,0x00,0x00,0x00,0x00,0x00,0x00,0x00,
  0x00,0x00,0x00,0x00,0x00,0x00,0x00,0x00,0x00,0x00,0x00,0x00,0x00,0x00,0x00,0x00,0x00,0x00,0x00,0x00,0x00,0x07,0xe0,0x00,
  0x0f,0xf8,0x00,0x1c,0x1c,0x00,0x38,0x0c,0x00,0x70,0x0e,0x00,0x70,0x06,0x00,0x60,0x06,0x00,0x60,0x06,0x00,0x60,0x06,0x00,
  0x60,0x06,0x00,0x70,0x0e,0x00,0x70,0x0e,0x00,0x38,0x1c,0x00,0x1e,0x38,0x00,0x1f,0xf0,0x00,0x07,0xc0,0x00,0x0f,0xe6,0x00,
  0x1f,0xfe,0x00,0x08,0x18,0x00,0x00,0x00,0x00,0x00,0x00,0x00,0x00,0x00,0x00,0x00,0x00,0x00,0x00,0x00,0x00,0x00,0x00,0x00,
  0x00,0x00,0x00,0x00,0x00,0x00,0x00,0x00,0x00,0x00,0x00,0x00,0x00,0x00,0x00,0x00,0x00,0x00,0x00,0x00,0x00,0xff,0xf0,0x00,
  0x7f,0xf8,0x00,0x18,0x1c,0x00,0x18,0x0c,0x00,0x18,0x0c,0x00,0x18,0x1c,0x00,0x18,0x78,0x00,0x1f,0xf0,0x00,0x1f,0xf0,0x00,
  0x18,0x70,0x00,0x18,0x38,0x00,0x18,0x1c,0x00,0x18,0x0e,0x00,0x38,0x0e,0x00,0xff,0x07,0x80,0x7f,0x07,0x80,0x00,0x00,0x00,
  0x00,0x00,0x00,0x00,0x00,0x00,0x00,0x00,0x00,0x00,0x00,0x00,0x00,0x00,0x00,0x00,0x00,0x00,0x00,0x00,0x00,0x00,0x00,0x00,
  0x00,0x00,0x00,0x00,0x00,0x00,0x00,0x00,0x00,0x00,0x00,0x00,0x00,0x00,0x00,0x00,0x00,0x00,0x00,0x00,0x00,0x07,0xec,0x00,
  0x0f,0xfc,0x00,0x1c,0x1c,0x00,0x18,0x1c,0x00,0x18,0x08,0x00,0x1c,0x00,0x00,0x1f,0x80,0x00,0x0f,0xf0,0x00,0x03,0xfc,0x00,
  0x00,0x3c,0x00,0x00,0x0c,0x00,0x30,0x0c,0x00,0x38,0x0c,0x00,0x3c,0x3c,0x00,0x3f,0xf8,0x00,0x11,0xc0,0x00,0x00,0x00,0x00,
  0x00,0x00,0x00,0x00,0x00,0x00,0x00,0x00,0x00,0x00,0x00,0x00,0x00,0x00,0x00,0x00,0x00,0x00,0x00,0x00,0x00,0x00,0x00,0x00,
  0x00,0x00,0x00,0x00,0x00,0x00,0x00,0x00,0x00,0x00,0x00,0x00,0x00,0x00,0x00,0x00,0x00,0x00,0x00,0x00,0x00,0x7f,0xfe,0x00,
  0x7f,0xfe,0x00,0x71,0x86,0x00,0x71,0x86,0x00,0x71,0x86,0x00,0x71,0x86,0x00,0x21,0x84,0x00,0x01,0x80,0x00,0x01,0x80,0x00,
  0x01,0x80,0x00,0x01,0x80,0x00,0x01,0x80,0x00,0x01,0x80,0x00,0x01,0xc0,0x00,0x1f,0xf8,0x00,0x0f,0xf8,0x00,0x00,0x00,0x00,
  0x00,0x00,0x00,0x00,0x00,0x00,0x00,0x00,0x00,0x00,0x00,0x00,0x00,0x00,0x00,0x00,0x00,0x00,0x00,0x00,0x00,0x00,0x00,0x00,
  0x00,0x00,0x00,0x00,0x00,0x00,0x00,0x00,0x00,0x00,0x00,0x00,0x00,0x00,0x00,0x00,0x00,0x00,0x00,0x00,0x00,0xfc,0x3f,0x00,
  0x7c,0x3f,0x00,0x30,0x0c,0x00,0x30,0x0c,0x00,0x30,0x0c,0x00,0x30,0x0c,0x00,0x30,0x0c,0x00,0x30,0x0c,0x00,0x30,0x0c,0x00,
  0x30,0x0c,0x00,0x30,0x0c,0x00,0x38,0x0c,0x00,0x18,0x1c,0x00,0x1e,0x38,0x00,0x07,0xf0,0x00,0x01,0xc0,0x00,0x00,0x00,0x00,
  0x00,0x00,0x00,0x00,0x00,0x00,0x00,0x00,0x00,0x00,0x00,0x00,0x00,0x00,0x00,0x00,0x00,0x00,0x00,0x00,0x00,0x00,0x00,0x00,
  0x00,0x00,0x00,0x00,0x00,0x00,0x00,0x00,0x00,0x00,0x00,0x00,0x00,0x00,0x00,0x00,0x00,0x00,0x00,0x00,0x00,0x7f,0x0f,0xe0,
  0x7f,0x0f,0xe0,0x1c,0x03,0x80,0x0c,0x03,0x80,0x0e,0x07,0x00,0x0e,0x07,0x00,0x07,0x0e,0x00,0x07,0x0e,0x00,0x03,0x8c,0x00,
  0x03,0x9c,0x00,0x01,0x9c,0x00,0x01,0xf8,0x00,0x01,0xf8,0x00,0x00,0xf0,0x00,0x00,0xf0,0x00,0x00,0x60,0x00,0x00,0x00,0x00,
  0x00,0x00,0x00,0x00,0x00,0x00,0x00,0x00,0x00,0x00,0x00,0x00,0x00,0x00,0x00,0x00,0x00,0x00,0x00,0x00,0x00,0x00,0x00,0x00,
  0x00,0x00,0x00,0x00,0x00,0x00,0x00,0x00,0x00,0x00,0x00,0x00,0x00,0x00,0x00,0x00,0x00,0x00,0x00,0x00,0x00,0x7f,0x3f,0xc0,
  0x7e,0x1f,0x80,0x38,0x03,0x00,0x38,0x03,0x00,0x39,0xe7,0x00,0x39,0xe7,0x00,0x19,0xe7,0x00,0x19,0xf7,0x00,0x1b,0xf6,0x00,
  0x1f,0xbe,0x00,0x1f,0x3e,0x00,0x1f,0x3e,0x00,0x1f,0x3e,0x00,0x1e,0x1e,0x00,0x0e,0x1e,0x00,0x0e,0x0c,0x00,0x00,0x00,0x00,
  0x00,0x00,0x00,0x00,0x00,0x00,0x00,0x00,0x00,0x00,0x00,0x00,0x00,0x00,0x00,0x00,0x00,0x00,0x00,0x00,0x00,0x00,0x00,0x00,
  0x00,0x00,0x00,0x00,0x00,0x00,0x00,0x00,0x00,0x00,0x00,0x00,0x00,0x00,0x00,0x00,0x00,0x00,0x00,0x00,0x00,0x7e,0x3f,0x00,
  0x7c,0x3e,0x00,0x1c,0x3c,0x00,0x0e,0x38,0x00,0x0f,0x70,0x00,0x07,0xe0,0x00,0x03,0xe0,0x00,0x03,0xc0,0x00,0x03,0xc0,0x00,
  0x07,0xe0,0x00,0x0f,0x70,0x00,0x0e,0x38,0x00,0x1c,0x38,0x00,0x3c,0x1c,0x00,0xfe,0x3f,0x00,0x7c,0x3f,0x00,0x00,0x00,0x00,
  0x00,0x00,0x00,0x00,0x00,0x00,0x00,0x00,0x00,0x00,0x00,0x00,0x00,0x00,0x00,0x00,0x00,0x00,0x00,0x00,0x00,0x00,0x00,0x00,
  0x00,0x00,0x00,0x00,0x00,0x00,0x00,0x00,0x00,0x00,0x00,0x00,0x00,0x00,0x00,0x00,0x00,0x00,0x00,0x00,0x00,0xfc,0x3f,0x00,
  0xf8,0x1f,0x00,0x38,0x1c,0x00,0x1c,0x38,0x00,0x0e,0x70,0x00,0x0e,0x70,0x00,0x07,0xe0,0x00,0x03,0xc0,0x00,0x03,0xc0,0x00,
  0x01,0x80,0x00,0x01,0x80,0x00,0x01,0x80,0x00,0x01,0x80,0x00,0x01,0xc0,0x00,0x1f,0xf8,0x00,0x0f,0xf8,0x00,0x00,0x00,0x00,
  0x00,0x00,0x00,0x00,0x00,0x00,0x00,0x00,0x00,0x00,0x00,0x00,0x00,0x00,0x00,0x00,0x00,0x00,0x00,0x00,0x00,0x00,0x00,0x00,
  0x00,0x00,0x00,0x00,0x00,0x00,0x00,0x00,0x00,0x00,0x00,0x00,0x00,0x00,0x00,0x00,0x00,0x00,0x00,0x00,0x00,0x1f,0xfc,0x00,
  0x1f,0xfc,0x00,0x18,0x38,0x00,0x18,0x38,0x00,0x18,0x70,0x00,0x18,0xe0,0x00,0x01,0xc0,0x00,0x01,0xc0,0x00,0x03,0x80,0x00,
  0x07,0x00,0x00,0x06,0x0c,0x00,0x0e,0x0c,0x00,0x1c,0x0c,0x00,0x38,0x0c,0x00,0x3f,0xfc,0x00,0x3f,0xfc,0x00,0x00,0x00,0x00,
  0x00,0x00,0x00,0x00,0x00,0x00,0x00,0x00,0x00,0x00,0x00,0x00,0x00,0x00,0x00,0x00,0x00,0x00,0x00,0x00,0x00,0x00,0x00,0x00,
  0x00,0x00,0x00,0x00,0x00,0x00,0x00,0x00,0x00,0x00,0x00,0x00,0x00,0x00,0x00,0x00,0x00,0x00,0x01,0xf8,0x00,0x01,0xf0,0x00,
  0x01,0x80,0x00,0x01,0x80,0x00,0x01,0x80,0x00,0x01,0x80,0x00,0x01,0x80,0x00,0x01,0x80,0x00,0x01,0x80,0x00,0x01,0x80,0x00,
  0x01,0x80,0x00,0x01,0x80,0x00,0x01,0x80,0x00,0x01,0x80,0x00,0x01,0x80,0x00,0x01,0x80,0x00,0x01,0x80,0x00,0x01,0xc0,0x00,
  0x01,0xf8,0x00,0x01,0xf0,0x00,0x00,0x00,0x00,0x00,0x00,0x00,0x00,0x00,0x00,0x00,0x00,0x00,0x00,0x00,0x00,0x00,0x00,0x00,
  0x00,0x00,0x00,0x00,0x00,0x00,0x00,0x00,0x00,0x00,0x00,0x00,0x30,0x00,0x00,0x38,0x00,0x00,0x1c,0x00,0x00,0x1c,0x00,0x00,
  0x0c,0x00,0x00,0x0e,0x00,0x00,0x06,0x00,0x00,0x07,0x00,0x00,0x07,0x00,0x00,0x03,0x80,0x00,0x03,0x80,0x00,0x01,0xc0,0x00,
  0x01,0xc0,0x00,0x00,0xe0,0x00,0x00,0xe0,0x00,0x00,0x70,0x00,0x00,0x70,0x00,0x00,0x38,0x00,0x00,0x38,0x00,0x00,0x1c,0x00,
  0x00,0x1c,0x00,0x00,0x08,0x00,0x00,0x00,0x00,0x00,0x00,0x00,0x00,0x00,0x00,0x00,0x00,0x00,0x00,0x00,0x00,0x00,0x00,0x00,
  0x00,0x00,0x00,0x00,0x00,0x00,0x00,0x00,0x00,0x00,0x00,0x00,0x00,0x00,0x00,0x00,0x00,0x00,0x1f,0x80,0x00,0x0f,0x80,0x00,
  0x01,0x80,0x00,0x01,0x80,0x00,0x01,0x80,0x00,0x01,0x80,0x00,0x01,0x80,0x00,0x01,0x80,0x00,0x01,0x80,0x00,0x01,0x80,0x00,
  0x01,0x80,0x00,0x01,0x80,0x00,0x01,0x80,0x00,0x01,0x80,0x00,0x01,0x80,0x00,0x01,0x80,0x00,0x01,0x80,0x00,0x01,0x80,0x00,
  0x1f,0x80,0x00,0x0f,0x80,0x00,0x00,0x00,0x00,0x00,0x00,0x00,0x00,0x00,0x00,0x00,0x00,0x00,0x00,0x00,0x00,0x00,0x00,0x00,
  0x00,0x00,0x00,0x00,0x00,0x00,0x00,0x00,0x00,0x00,0x00,0x00,0x00,0x00,0x00,0x01,0x80,0x00,0x01,0x80,0x00,0x03,0xc0,0x00,
  0x07,0xe0,0x00,0x0f,0xf0,0x00,0x1e,0x78,0x00,0x1c,0x38,0x00,0x38,0x1c,0x00,0x10,0x08,0x00,0x00,0x00,0x00,0x00,0x00,0x00,
  0x00,0x00,0x00,0x00,0x00,0x00,0x00,0x00,0x00,0x00,0x00,0x00,0x00,0x00,0x00,0x00,0x00,0x00,0x00,0x00,0x00,0x00,0x00,0x00,
  0x00,0x00,0x00,0x00,0x00,0x00,0x00,0x00,0x00,0x00,0x00,0x00,0x00,0x00,0x00,0x00,0x00,0x00,0x00,0x00,0x00,0x00,0x00,0x00,
  0x00,0x00,0x00,0x00,0x00,0x00,0x00,0x00,0x00,0x00,0x00,0x00,0x00,0x00,0x00,0x00,0x00,0x00,0x00,0x00,0x00,0x00,0x00,0x00,
  0x00,0x00,0x00,0x00,0x00,0x00,0x00,0x00,0x00,0x00,0x00,0x00,0x00,0x00,0x00,0x00,0x00,0x00,0x00,0x00,0x00,0x00,0x00,0x00,
  0x00,0x00,0x00,0x00,0x00,0x00,0x00,0x00,0x00,0x00,0x00,0x00,0x00,0x00,0x00,0x00,0x00,0x00,0x00,0x00,0x00,0x00,0x00,0x00,
  0x00,0x00,0x00,0x00,0x00,0x00,0x00,0x00,0x00,0x00,0x00,0x00,0x7f,0xff,0xe0,0x7f,0xff,0xe0,0x3f,0xff,0xc0,0x00,0x00,0x00,
  0x00,0x00,0x00,0x00,0x00,0x00,0x00,0x00,0x00,0x00,0x00,0x00,0x00,0x00,0x00,0x03,0x00,0x00,0x03,0x80,0x00,0x00,0xc0,0x00,
  0x00,0x40,0x00,0x00,0x00,0x00,0x00,0x00,0x00,0x00,0x00,0x00,0x00,0x00,0x00,0x00,0x00,0x00,0x00,0x00,0x00,0x00,0x00,0x00,
  0x00,0x00,0x00,0x00,0x00,0x00,0x00,0x00,0x00,0x00,0x00,0x00,0x00,0x00,0x00,0x00,0x00,0x00,0x00,0x00,0x00,0x00,0x00,0x00,
  0x00,0x00,0x00,0x00,0x00,0x00,0x00,0x00,0x00,0x00,0x00,0x00,0x00,0x00,0x00,0x00,0x00,0x00,0x00,0x00,0x00,0x00,0x00,0x00,
  0x00,0x00,0x00,0x00,0x00,0x00,0x00,0x00,0x00,0x00,0x00,0x00,0x00,0x00,0x00,0x00,0x00,0x00,0x00,0x00,0x00,0x00,0x00,0x00,
  0x00,0x00,0x00,0x00,0x00,0x00,0x00,0x00,0x00,0x0f,0xe0,0x00,0x1f,0xf0,0x00,0x18,0x38,0x00,0x00,0x18,0x00,0x00,0x18,0x00,
  0x0f,0xf8,0x00,0x3f,0xf8,0x00,0x78,0x18,0x00,0x70,0x38,0x00,0x78,0xf8,0x00,0x3f,0xfe,0x00,0x0f,0x1e,0x00,0x00,0x00,0x00,
  0x00,0x00,0x00,0x00,0x00,0x00,0x00,0x00,0x00,0x00,0x00,0x00,0x00,0x00,0x00,0x00,0x00,0x00,0x00,0x00,0x00,0x00,0x00,0x00,
  0x00,0x00,0x00,0x00,0x00,0x00,0x00,0x00,0x00,0x00,0x00,0x00,0x00,0x00,0x00,0x00,0x00,0x00,0x7c,0x00,0x00,0x7c,0x00,0x00,
  0x1c,0x00,0x00,0x1c,0x00,0x00,0x1c,0x00,0x00,0x1f,0xf8,0x00,0x1f,0xfc,0x00,0x1e,0x0e,0x00,0x1c,0x07,0x00,0x1c,0x03,0x00,
  0x1c,0x03,0x00,0x1c,0x03,0x00,0x1c,0x03,0x00,0x1e,0x07,0x00,0x1f,0x0e,0x00,0x7f,0xfc,0x00,0x78,0xe0,0x00,0x00,0x00,0x00,
  0x00,0x00,0x00,0x00,0x00,0x00,0x00,0x00,0x00,0x00,0x00,0x00,0x00,0x00,0x00,0x00,0x00,0x00,0x00,0x00,0x00,0x00,0x00,0x00,
  0x00,0x00,0x00,0x00,0x00,0x00,0x00,0x00,0x00,0x00,0x00,0x00,0x00,0x00,0x00,0x00,0x00,0x00,0x00,0x00,0x00,0x00,0x00,0x00,
  0x00,0x00,0x00,0x00,0x00,0x00,0x00,0x00,0x00,0x07,0xf6,0x00,0x0f,0xfe,0x00,0x1c,0x1e,0x00,0x38,0x0e,0x00,0x30,0x04,0x00,
  0x30,0x00,0x00,0x30,0x00,0x00,0x30,0x00,0x00,0x38,0x06,0x00,0x1e,0x0e,0x00,0x0f,0xfc,0x00,0x01,0xe0,0x00,0x00,0x00,0x00,
  0x00,0x00,0x00,0x00,0x00,0x00,0x00,0x00,0x00,0x00,0x00,0x00,0x00,0x00,0x00,0x00,0x00,0x00,0x00,0x00,0x00,0x00,0x00,0x00,
  0x00,0x00,0x00,0x00,0x00,0x00,0x00,0x00,0x00,0x00,0x00,0x00,0x00,0x00,0x00,0x00,0x00,0x00,0x00,0x7c,0x00,0x00,0x3c,0x00,
  0x00,0x0c,0x00,0x00,0x0c,0x00,0x00,0x0c,0x00,0x0f,0xfc,0x00,0x1f,0xfc,0x00,0x38,0x3c,0x00,0x70,0x1c,0x00,0x70,0x1c,0x00,
  0x60,0x0c,0x00,0x60,0x0c,0x00,0x70,0x1c,0x00,0x30,0x1c,0x00,0x3c,0x7c,0x00,0x1f,0xff,0x80,0x03,0x8f,0x00,0x00,0x00,0x00,
  0x00,0x00,0x00,0x00,0x00,0x00,0x00,0x00,0x00,0x00,0x00,0x00,0x00,0x00,0x00,0x00,0x00,0x00,0x00,0x00,0x00,0x00,0x00,0x00,
  0x00,0x00,0x00,0x00,0x00,0x00,0x00,0x00,0x00,0x00,0x00,0x00,0x00,0x00,0x00,0x00,0x00,0x00,0x00,0x00,0x00,0x00,0x00,0x00,
  0x00,0x00,0x00,0x00,0x00,0x00,0x00,0x00,0x00,0x07,0xe0,0x00,0x1f,0xf8,0x00,0x38,0x3c,0x00,0x78,0x1c,0x00,0x70,0x0e,0x00,
  0x7f,0xfe,0x00,0x7f,0xfe,0x00,0x70,0x00,0x00,0x38,0x00,0x00,0x3c,0x1e,0x00,0x0f,0xfc,0x00,0x03,0xc0,0x00,0x00,0x00,0x00,
  0x00,0x00,0x00,0x00,0x00,0x00,0x00,0x00,0x00,0x00,0x00,0x00,0x00,0x00,0x00,0x00,0x00,0x00,0x00,0x00,0x00,0x00,0x00,0x00,
  0x00,0x00,0x00,0x00,0x00,0x00,0x00,0x00,0x00,0x00,0x00,0x00,0x00,0x00,0x00,0x00,0x00,0x00,0x01,0xfe,0x00,0x03,0xfe,0x00,
  0x03,0x02,0x00,0x03,0x00,0x00,0x07,0x00,0x00,0x3f,0xfc,0x00,0x1f,0xfc,0x00,0x07,0x00,0x00,0x07,0x00,0x00,0x07,0x00,0x00,
  0x07,0x00,0x00,0x07,0x00,0x00,0x07,0x00,0x00,0x07,0x00,0x00,0x07,0x00,0x00,0x3f,0xfc,0x00,0x3f,0xf8,0x00,0x00,0x00,0x00,
  0x00,0x00,0x00,0x00,0x00,0x00,0x00,0x00,0x00,0x00,0x00,0x00,0x00,0x00,0x00,0x00,0x00,0x00,0x00,0x00,0x00,0x00,0x00,0x00,
  0x00,0x00,0x00,0x00,0x00,0x00,0x00,0x00,0x00,0x00,0x00,0x00,0x00,0x00,0x00,0x00,0x00,0x00,0x00,0x00,0x00,0x00,0x00,0x00,
  0x00,0x00,0x00,0x00,0x00,0x00,0x00,0x00,0x00,0x0f,0xdf,0x00,0x1f,0xff,0x00,0x38,0x7c,0x00,0x70,0x3c,0x00,0x70,0x1c,0x00,
  0x60,0x1c,0x00,0x70,0x1c,0x00,0x70,0x1c,0x00,0x38,0x3c,0x00,0x3c,0x7c,0x00,0x0f,0xfc,0x00,0x03,0x9c,0x00,0x00,0x1c,0x00,
  0x00,0x18,0x00,0x00,0x38,0x00,0x0f,0xf0,0x00,0x0f,0xc0,0x00,0x00,0x00,0x00,0x00,0x00,0x00,0x00,0x00,0x00,0x00,0x00,0x00,
  0x00,0x00,0x00,0x00,0x00,0x00,0x00,0x00,0x00,0x00,0x00,0x00,0x00,0x00,0x00,0x00,0x00,0x00,0xf8,0x00,0x00,0x78,0x00,0x00,
  0x18,0x00,0x00,0x18,0x00,0x00,0x18,0x00,0x00,0x1b,0xf0,0x00,0x1f,0xf8,0x00,0x1e,0x18,0x00,0x1c,0x1c,0x00,0x18,0x1c,0x00,
  0x18,0x1c,0x00,0x18,0x1c,0x00,0x18,0x1c,0x00,0x18,0x1c,0x00,0x38,0x1c,0x00,0x7e,0x7f,0x00,0x7e,0x7e,0x00,0x00,0x00,0x00,
  0x00,0x00,0x00,0x00,0x00,0x00,0x00,0x00,0x00,0x00,0x00,0x00,0x00,0x00,0x00,0x00,0x00,0x00,0x00,0x00,0x00,0x00,0x00,0x00,
  0x00,0x00,0x00,0x00,0x00,0x00,0x00,0x00,0x00,0x00,0x00,0x00,0x00,0x00,0x00,0x00,0x00,0x00,0x03,0x80,0x00,0x03,0x80,0x00,
  0x03,0x80,0x00,0x00,0x00,0x00,0x00,0x00,0x00,0x1f,0x80,0x00,0x1f,0x80,0x00,0x01,0x80,0x00,0x01,0x80,0x00,0x01,0x80,0x00,
  0x01,0x80,0x00,0x01,0x80,0x00,0x01,0x80,0x00,0x01,0x80,0x00,0x01,0xc0,0x00,0x3f,0xfc,0x00,0x3f,0xfc,0x00,0x00,0x00,0x00,
  0x00,0x00,0x00,0x00,0x00,0x00,0x00,0x00,0x00,0x00,0x00,0x00,0x00,0x00,0x00,0x00,0x00,0x00,0x00,0x00,0x00,0x00,0x00,0x00,
  0x00,0x00,0x00,0x00,0x00,0x00,0x00,0x00,0x00,0x00,0x00,0x00,0x00,0x00,0x00,0x00,0x00,0x00,0x00,0xe0,0x00,0x00,0xe0,0x00,
  0x00,0xc0,0x00,0x00,0x00,0x00,0x00,0x00,0x00,0x0f,0xf0,0x00,0x0f,0xf0,0x00,0x00,0x30,0x00,0x00,0x30,0x00,0x00,0x30,0x00,
  0x00,0x30,0x00,0x00,0x30,0x00,0x00,0x30,0x00,0x00,0x30,0x00,0x00,0x30,0x00,0x00,0x30,0x00,0x00,0x30,0x00,0x00,0x30,0x00,
  0x00,0x30,0x00,0x00,0x70,0x00,0x3f,0xe0,0x00,0x1f,0x80,0x00,0x00,0x00,0x00,0x00,0x00,0x00,0x00,0x00,0x00,0x00,0x00,0x00,
  0x00,0x00,0x00,0x00,0x00,0x00,0x00,0x00,0x00,0x00,0x00,0x00,0x00,0x00,0x00,0x00,0x00,0x00,0x7c,0x00,0x00,0x7c,0x00,0x00,
  0x1c,0x00,0x00,0x1c,0x00,0x00,0x1c,0x00,0x00,0x1c,0x7e,0x00,0x1c,0xfe,0x00,0x1d,0xf0,0x00,0x1f,0xc0,0x00,0x1f,0x80,0x00,
  0x1f,0x80,0x00,0x1f,0xc0,0x00,0x1d,0xe0,0x00,0x1c,0xf0,0x00,0x1c,0x78,0x00,0x7c,0x3f,0x00,0x7c,0x3f,0x00,0x00,0x00,0x00,
  0x00,0x00,0x00,0x00,0x00,0x00,0x00,0x00,0x00,0x00,0x00,0x00,0x00,0x00,0x00,0x00,0x00,0x00,0x00,0x00,0x00,0x00,0x00,0x00,
  0x00,0x00,0x00,0x00,0x00,0x00,0x00,0x00,0x00,0x00,0x00,0x00,0x00,0x00,0x00,0x00,0x00,0x00,0x1f,0x80,0x00,0x1f,0x80,0x00,
  0x01,0x80,0x00,0x01,0x80,0x00,0x01,0x80,0x00,0x01,0x80,0x00,0x01,0x80,0x00,0x01,0x80,0x00,0x01,0x80,0x00,0x01,0x80,0x00,
  0x01,0x80,0x00,0x01,0x80,0x00,0x01,0x80,0x00,0x01,0x80,0x00,0x01,0xc0,0x00,0x3f,0xfc,0x00,0x3f,0xfc,0x00,0x00,0x00,0x00,
  0x00,0x00,0x00,0x00,0x00,0x00,0x00,0x00,0x00,0x00,0x00,0x00,0x00,0x00,0x00,0x00,0x00,0x00,0x00,0x00,0x00,0x00,0x00,0x00,
  0x00,0x00,0x00,0x00,0x00,0x00,0x00,0x00,0x00,0x00,0x00,0x00,0x00,0x00,0x00,0x00,0x00,0x00,0x00,0x00,0x00,0x00,0x00,0x00,
  0x00,0x00,0x00,0x00,0x00,0x00,0x00,0x00,0x00,0xff,0xfc,0x00,0x7f,0xfe,0x00,0x38,0xe6,0x00,0x38,0xc6,0x00,0x38,0xc6,0x00,
  0x38,0xc6,0x00,0x38,0xc6,0x00,0x38,0xc6,0x00,0x38,0xc6,0x00,0x38,0xc7,0x00,0xfc,0xf7,0x80,0x7c,0xf7,0x80,0x00,0x00,0x00,
  0x00,0x00,0x00,0x00,0x00,0x00,0x00,0x00,0x00,0x00,0x00,0x00,0x00,0x00,0x00,0x00,0x00,0x00,0x00,0x00,0x00,0x00,0x00,0x00,
  0x00,0x00,0x00,0x00,0x00,0x00,0x00,0x00,0x00,0x00,0x00,0x00,0x00,0x00,0x00,0x00,0x00,0x00,0x00,0x00,0x00,0x00,0x00,0x00,
  0x00,0x00,0x00,0x00,0x00,0x00,0x00,0x00,0x00,0x7f,0xf0,0x00,0x7f,0xf8,0x00,0x1e,0x18,0x00,0x1c,0x1c,0x00,0x18,0x1c,0x00,
  0x18,0x1c,0x00,0x18,0x1c,0x00,0x18,0x1c,0x00,0x18,0x1c,0x00,0x1c,0x1c,0x00,0x7e,0x3f,0x00,0x7e,0x3e,0x00,0x00,0x00,0x00,
  0x00,0x00,0x00,0x00,0x00,0x00,0x00,0x00,0x00,0x00,0x00,0x00,0x00,0x00,0x00,0x00,0x00,0x00,0x00,0x00,0x00,0x00,0x00,0x00,
  0x00,0x00,0x00,0x00,0x00,0x00,0x00,0x00,0x00,0x00,0x00,0x00,0x00,0x00,0x00,0x00,0x00,0x00,0x00,0x00,0x00,0x00,0x00,0x00,
  0x00,0x00,0x00,0x00,0x00,0x00,0x00,0x00,0x00,0x07,0xe0,0x00,0x1f,0xf8,0x00,0x3c,0x1c,0x00,0x38,0x0c,0x00,0x70,0x0e,0x00,
  0x70,0x0e,0x00,0x70,0x0e,0x00,0x30,0x0e,0x00,0x38,0x1c,0x00,0x1c,0x3c,0x00,0x0f,0xf0,0x00,0x01,0xc0,0x00,0x00,0x00,0x00,
  0x00,0x00,0x00,0x00,0x00,0x00,0x00,0x00,0x00,0x00,0x00,0x00,0x00,0x00,0x00,0x00,0x00,0x00,0x00,0x00,0x00,0x00,0x00,0x00,
  0x00,0x00,0x00,0x00,0x00,0x00,0x00,0x00,0x00,0x00,0x00,0x00,0x00,0x00,0x00,0x00,0x00,0x00,0x00,0x00,0x00,0x00,0x00,0x00,
  0x00,0x00,0x00,0x00,0x00,0x00,0x00,0x00,0x00,0x7f,0xf8,0x00,0x7f,0xfc,0x00,0x1e,0x0e,0x00,0x1c,0x07,0x00,0x1c,0x07,0x00,
  0x1c,0x03,0x00,0x1c,0x03,0x00,0x1c,0x07,0x00,0x1e,0x07,0x00,0x1f,0x1e,0x00,0x1f,0xfc,0x00,0x1c,0xe0,0x00,0x1c,0x00,0x00,
  0x1c,0x00,0x00,0x1c,0x00,0x00,0x7f,0x80,0x00,0x7f,0x80,0x00,0x00,0x00,0x00,0x00,0x00,0x00,0x00,0x00,0x00,0x00,0x00,0x00,
  0x00,0x00,0x00,0x00,0x00,0x00,0x00,0x00,0x00,0x00,0x00,0x00,0x00,0x00,0x00,0x00,0x00,0x00,0x00,0x00,0x00,0x00,0x00,0x00,
  0x00,0x00,0x00,0x00,0x00,0x00,0x00,0x00,0x00,0x07,0xff,0x80,0x1f,0xff,0x00,0x38,0x3c,0x00,0x70,0x1c,0x00,0x70,0x1c,0x00,
  0x60,0x0c,0x00,0x70,0x0c,0x00,0x70,0x1c,0x00,0x38,0x3c,0x00,0x3c,0x7c,0x00,0x0f,0xfc,0x00,0x03,0x8c,0x00,0x00,0x0c,0x00,
  0x00,0x0c,0x00,0x00,0x1c,0x00,0x00,0xff,0x80,0x00,0x7f,0x00,0x00,0x00,0x00,0x00,0x00,0x00,0x00,0x00,0x00,0x00,0x00,0x00,
  0x00,0x00,0x00,0x00,0x00,0x00,0x00,0x00,0x00,0x00,0x00,0x00,0x00,0x00,0x00,0x00,0x00,0x00,0x00,0x00,0x00,0x00,0x00,0x00,
  0x00,0x00,0x00,0x00,0x00,0x00,0x00,0x00,0x00,0x3e,0x7c,0x00,0x1f,0xfe,0x00,0x07,0xc6,0x00,0x07,0x82,0x00,0x07,0x00,0x00,
  0x06,0x00,0x00,0x06,0x00,0x00,0x06,0x00,0x00,0x06,0x00,0x00,0x07,0x00,0x00,0x3f,0xf8,0x00,0x3f,0xf8,0x00,0x00,0x00,0x00,
  0x00,0x00,0x00,0x00,0x00,0x00,0x00,0x00,0x00,0x00,0x00,0x00,0x00,0x00,0x00,0x00,0x00,0x00,0x00,0x00,0x00,0x00,0x00,0x00,
  0x00,0x00,0x00,0x00,0x00,0x00,0x00,0x00,0x00,0x00,0x00,0x00,0x00,0x00,0x00,0x00,0x00,0x00,0x00,0x00,0x00,0x00,0x00,0x00,
  0x00,0x00,0x00,0x00,0x00,0x00,0x00,0x00,0x00,0x07,0xf8,0x00,0x1f,0xfc,0x00,0x18,0x1c,0x00,0x1c,0x08,0x00,0x1f,0xc0,0x00,
  0x0f,0xf8,0x00,0x03,0xfc,0x00,0x00,0x1c,0x00,0x30,0x0c,0x00,0x3c,0x3c,0x00,0x3f,0xf8,0x00,0x11,0xc0,0x00,0x00,0x00,0x00,
  0x00,0x00,0x00,0x00,0x00,0x00,0x00,0x00,0x00,0x00,0x00,0x00,0x00,0x00,0x00,0x00,0x00,0x00,0x00,0x00,0x00,0x00,0x00,0x00,
  0x00,0x00,0x00,0x00,0x00,0x00,0x00,0x00,0x00,0x00,0x00,0x00,0x00,0x00,0x00,0x00,0x00,0x00,0x00,0x00,0x00,0x06,0x00,0x00,
  0x06,0x00,0x00,0x06,0x00,0x00,0x07,0x00,0x00,0x3f,0xfc,0x00,0x1f,0xf8,0x00,0x06,0x00,0x00,0x06,0x00,0x00,0x06,0x00,0x00,
  0x06,0x00,0x00,0x06,0x00,0x00,0x06,0x00,0x00,0x06,0x00,0x00,0x07,0x0f,0x00,0x03,0xfe,0x00,0x00,0xe0,0x00,0x00,0x00,0x00,
  0x00,0x00,0x00,0x00,0x00,0x00,0x00,0x00,0x00,0x00,0x00,0x00,0x00,0x00,0x00,0x00,0x00,0x00,0x00,0x00,0x00,0x00,0x00,0x00,
  0x00,0x00,0x00,0x00,0x00,0x00,0x00,0x00,0x00,0x00,0x00,0x00,0x00,0x00,0x00,0x00,0x00,0x00,0x00,0x00,0x00,0x00,0x00,0x00,
  0x00,0x00,0x00,0x00,0x00,0x00,0x00,0x00,0x00,0xf8,0xfc,0x00,0x78,0x7c,0x00,0x18,0x1c,0x00,0x18,0x1c,0x00,0x18,0x1c,0x00,
  0x18,0x1c,0x00,0x18,0x1c,0x00,0x18,0x1c,0x00,0x18,0x1c,0x00,0x1c,0x7c,0x00,0x0f,0xff,0x00,0x03,0x1e,0x00,0x00,0x00,0x00,
  0x00,0x00,0x00,0x00,0x00,0x00,0x00,0x00,0x00,0x00,0x00,0x00,0x00,0x00,0x00,0x00,0x00,0x00,0x00,0x00,0x00,0x00,0x00,0x00,
  0x00,0x00,0x00,0x00,0x00,0x00,0x00,0x00,0x00,0x00,0x00,0x00,0x00,0x00,0x00,0x00,0x00,0x00,0x00,0x00,0x00,0x00,0x00,0x00,
  0x00,0x00,0x00,0x00,0x00,0x00,0x00,0x00,0x00,0x7f,0x3f,0x80,0x7f,0x1f,0x80,0x1c,0x0e,0x00,0x0e,0x1c,0x00,0x0e,0x1c,0x00,
  0x07,0x18,0x00,0x07,0x38,0x00,0x03,0xb8,0x00,0x03,0xf0,0x00,0x01,0xf0,0x00,0x01,0xe0,0x00,0x00,0xe0,0x00,0x00,0x00,0x00,
  0x00,0x00,0x00,0x00,0x00,0x00,0x00,0x00,0x00,0x00,0x00,0x00,0x00,0x00,0x00,0x00,0x00,0x00,0x00,0x00,0x00,0x00,0x00,0x00,
  0x00,0x00,0x00,0x00,0x00,0x00,0x00,0x00,0x00,0x00,0x00,0x00,0x00,0x00,0x00,0x00,0x00,0x00,0x00,0x00,0x00,0x00,0x00,0x00,
  0x00,0x00,0x00,0x00,0x00,0x00,0x00,0x00,0x00,0xfc,0x3f,0x00,0xf8,0x1f,0x00,0x30,0x0e,0x00,0x31,0x8e,0x00,0x3b,0xcc,0x00,
  0x3b,0xdc,0x00,0x3f,0xfc,0x00,0x1f,0xfc,0x00,0x1e,0x7c,0x00,0x1e,0x78,0x00,0x1e,0x38,0x00,0x0c,0x38,0x00,0x00,0x00,0x00,
  0x00,0x00,0x00,0x00,0x00,0x00,0x00,0x00,0x00,0x00,0x00,0x00,0x00,0x00,0x00,0x00,0x00,0x00,0x00,0x00,0x00,0x00,0x00,0x00,
  0x00,0x00,0x00,0x00,0x00,0x00,0x00,0x00,0x00,0x00,0x00,0x00,0x00,0x00,0x00,0x00,0x00,0x00,0x00,0x00,0x00,0x00,0x00,0x00,
  0x00,0x00,0x00,0x00,0x00,0x00,0x00,0x00,0x00,0x7e,0x7e,0x00,0x3e,0x7c,0x00,0x1e,0x78,0x00,0x0f,0xf0,0x00,0x07,0xe0,0x00,
  0x03,0xc0,0x00,0x07,0xe0,0x00,0x07,0xf0,0x00,0x0e,0x78,0x00,0x1c,0x3c,0x00,0x7e,0x7e,0x00,0x7e,0x3e,0x00,0x00,0x00,0x00,
  0x00,0x00,0x00,0x00,0x00,0x00,0x00,0x00,0x00,0x00,0x00,0x00,0x00,0x00,0x00,0x00,0x00,0x00,0x00,0x00,0x00,0x00,0x00,0x00,
  0x00,0x00,0x00,0x00,0x00,0x00,0x00,0x00,0x00,0x00,0x00,0x00,0x00,0x00,0x00,0x00,0x00,0x00,0x00,0x00,0x00,0x00,0x00,0x00,
  0x00,0x00,0x00,0x00,0x00,0x00,0x00,0x00,0x00,0xfc,0x3f,0x00,0x7c,0x3e,0x00,0x38,0x1c,0x00,0x38,0x18,0x00,0x1c,0x38,0x00,
  0x0c,0x30,0x00,0x0e,0x70,0x00,0x07,0xe0,0x00,0x07,0xe0,0x00,0x03,0xc0,0x00,0x03,0xc0,0x00,0x03,0x80,0x00,0x03,0x80,0x00,
  0x07,0x00,0x00,0x07,0x00,0x00,0xff,0x80,0x00,0xff,0x80,0x00,0x00,0x00,0x00,0x00,0x00,0x00,0x00,0x00,0x00,0x00,0x00,0x00,
  0x00,0x00,0x00,0x00,0x00,0x00,0x00,0x00,0x00,0x00,0x00,0x00,0x00,0x00,0x00,0x00,0x00,0x00,0x00,0x00,0x00,0x00,0x00,0x00,
  0x00,0x00,0x00,0x00,0x00,0x00,0x00,0x00,0x00,0x1f,0xfc,0x00,0x1f,0xfc,0x00,0x18,0x78,0x00,0x18,0xf0,0x00,0x01,0xe0,0x00,
  0x03,0xc0,0x00,0x07,0x80,0x00,0x0f,0x00,0x00,0x1e,0x0c,0x00,0x1c,0x1c,0x00,0x3f,0xfc,0x00,0x1f,0xfc,0x00,0x00,0x00,0x00,
  0x00,0x00,0x00,0x00,0x00,0x00,0x00,0x00,0x00,0x00,0x00,0x00,0x00,0x00,0x00,0x00,0x00,0x00,0x00,0x00,0x00,0x00,0x00,0x00,
  0x00,0x00,0x00,0x00,0x00,0x00,0x00,0x00,0x00,0x00,0x00,0x00,0x00,0x00,0x00,0x00,0x00,0x00,0x00,0xe0,0x00,0x01,0xe0,0x00,
  0x01,0xe0,0x00,0x01,0x80,0x00,0x01,0x80,0x00,0x01,0x80,0x00,0x01,0x80,0x00,0x01,0x80,0x00,0x01,0x80,0x00,0x07,0x80,0x00,
  0x07,0x80,0x00,0x03,0x80,0x00,0x01,0x80,0x00,0x01,0x80,0x00,0x01,0x80,0x00,0x01,0x80,0x00,0x01,0xc0,0x00,0x01,0xe0,0x00,
  0x00,0xe0,0x00,0x00,0x60,0x00,0x00,0x00,0x00,0x00,0x00,0x00,0x00,0x00,0x00,0x00,0x00,0x00,0x00,0x00,0x00,0x00,0x00,0x00,
  0x00,0x00,0x00,0x00,0x00,0x00,0x00,0x00,0x00,0x00,0x00,0x00,0x00,0x00,0x00,0x00,0x00,0x00,0x01,0x80,0x00,0x01,0x80,0x00,
  0x01,0x80,0x00,0x01,0x80,0x00,0x01,0x80,0x00,0x01,0x80,0x00,0x01,0x80,0x00,0x01,0x80,0x00,0x01,0x80,0x00,0x01,0x80,0x00,
  0x01,0x80,0x00,0x01,0x80,0x00,0x01,0x80,0x00,0x01,0x80,0x00,0x01,0x80,0x00,0x01,0x80,0x00,0x01,0x80,0x00,0x01,0x80,0x00,
  0x01,0x80,0x00,0x00,0x80,0x00,0x00,0x00,0x00,0x00,0x00,0x00,0x00,0x00,0x00,0x00,0x00,0x00,0x00,0x00,0x00,0x00,0x00,0x00,
  0x00,0x00,0x00,0x00,0x00,0x00,0x00,0x00,0x00,0x00,0x00,0x00,0x00,0x00,0x00,0x00,0x00,0x00,0x07,0x00,0x00,0x07,0x80,0x00,
  0x07,0x80,0x00,0x01,0x80,0x00,0x01,0x80,0x00,0x01,0x80,0x00,0x01,0x80,0x00,0x01,0x80,0x00,0x01,0x80,0x00,0x01,0xe0,0x00,
  0x01,0xe0,0x00,0x01,0xc0,0x00,0x01,0x80,0x00,0x01,0x80,0x00,0x01,0x80,0x00,0x01,0x80,0x00,0x03,0x80,0x00,0x07,0x80,0x00,
  0x07,0x00,0x00,0x06,0x00,0x00,0x00,0x00,0x00,0x00,0x00,0x00,0x00,0x00,0x00,0x00,0x00,0x00,0x00,0x00,0x00,0x00,0x00,0x00,
  0x00,0x00,0x00,0x00,0x00,0x00,0x00,0x00,0x00,0x00,0x00,0x00,0x00,0x00,0x00,0x00,0x00,0x00,0x00,0x00,0x00,0x00,0x00,0x00,
  0x00,0x00,0x00,0x00,0x00,0x00,0x00,0x00,0x00,0x00,0x00,0x00,0x00,0x00,0x00,0x0f,0x00,0x00,0x1f,0x8c,0x00,0x3f,0xdc,0x00,
  0x39,0xfc,0x00,0x20,0xf8,0x00,0x00,0x30,0x00,0x00,0x00,0x00,0x00,0x00,0x00,0x00,0x00,0x00,0x00,0x00,0x00,0x00,0x00,0x00,
  0x00,0x00,0x00,0x00,0x00,0x00,0x00,0x00,0x00,0x00,0x00,0x00,0x00,0x00,0x00,0x00,0x00,0x00,0x00,0x00,0x00,0x00,0x00,0x00,
  0x00,0x00,0x00,0x00,0x00,0x00,0x00,0x00,0x00,0x00,0x00,0x00,0x00,0x00,0x00,0x00,0x00,0x00,0x00,0x00,0x00,0x00,0x00,0x00,
  0x00,0x00,0x00,0x00,0x00,0x00,0x00,0x00,0x00,0x00,0x00,0x00,0x00,0x00,0x00,0x00,0x00,0x00,0x00,0x00,0x00,0x00,0x00,0x00,
  0x00,0x00,0x00,0x00,0x00,0x00,0x00,0x00,0x00,0x00,0x00,0x00,0x00,0x00,0x00,0x00,0x00,0x00,0x00,0x00,0x00,0x00,0x00,0x00,
  0x00,0x00,0x00,0x00,0x00,0x00,0x00,0x00,0x00,0x00,0x7f,0xfe,0x00,0x60,0x06,0x00,0x60,0x06,0x00,0x60,0x06,0x00,0x60,0x06,
  0x00,0x60,0x06,0x00,0x60,0x06,0x00,0x60,0x06,0x00,0x60,0x06,0x00,0x60,0x06,0x00,0x60,0x06,0x00,0x60,0x06,0x00,0x60,0x06,
  0x00,0x60,0x06,0x00,0x60,0x06,0x00,0x60,0x06,0x00,0x7f,0xfe,0x00,0x00,0x00,0x00,0x00,0x00,0x00,0x00,0x00,0x00,0x00,0x00,
  0x00,0x00,0x00,0x00,0x00,0x00,0x00,0x00,0x00,0x00,0x00,0x00,0x00,0x00,0x00,0x00,0x00,0x00,0x00,0x00,0x00,0x00,0x00,0x00,
  0x00,0x00,0x00,0x00,0x00,0x00,0x00,0x00,0x00,0x00,0x7f,0xfe,0x00,0x60,0x06,0x00,0x60,0x06,0x00,0x60,0x06,0x00,0x60,0x06,
  0x00,0x60,0x06,0x00,0x60,0x06,0x00,0x60,0x06,0x00,0x60,0x06,0x00,0x60,0x06,0x00,0x60,0x06,0x00,0x60,0x06,0x00,0x60,0x06,
  0x00,0x60,0x06,0x00,0x60,0x06,0x00,0x60,0x06,0x00,0x7f,0xfe,0x00,0x00,0x00,0x00,0x00,0x00,0x00,0x00,0x00,0x00,0x00,0x00,
  0x00,0x00,0x00,0x00,0x00,0x00,0x00,0x00,0x00,0x00,0x00,0x00,0x00,0x00,0x00,0x00,0x00,0x00,0x00,0x00,0x00,0x00,0x00,0x00,
  0x00,0x00,0x00,0x00,0x00,0x00,0x00,0x00,0x00,0x00,0x7f,0xfe,0x00,0x60,0x06,0x00,0x60,0x06,0x00,0x60,0x06,0x00,0x60,0x06,
  0x00,0x60,0x06,0x00,0x60,0x06,0x00,0x60,0x06,0x00,0x60,0x06,0x00,0x60,0x06,0x00,0x60,0x06,0x00,0x60,0x06,0x00,0x60,0x06,
  0x00,0x60,0x06,0x00,0x60,0x06,0x00,0x60,0x06,0x00,0x7f,0xfe,0x00,0x00,0x00,0x00,0x00,0x00,0x00,0x00,0x00,0x00,0x00,0x00,
  0x00,0x00,0x00,0x00,0x00,0x00,0x00,0x00,0x00,0x00,0x00,0x00,0x00,0x00,0x00,0x00,0x00,0x00,0x00,0x00,0x00,0x00,0x00,0x00,
  0x00,0x00,0x00,0x00,0x00,0x00,0x00,0x00,0x00,0x00,0x7f,0xfe,0x00,0x60,0x06,0x00,0x60,0x06,0x00,0x60,0x06,0x00,0x60,0x06,
  0x00,0x60,0x06,0x00,0x60,0x06,0x00,0x60,0x06,0x00,0x60,0x06,0x00,0x60,0x06,0x00,0x60,0x06,0x00,0x60,0x06,0x00,0x60,0x06,
  0x00,0x60,0x06,0x00,0x60,0x06,0x00,0x60,0x06,0x00,0x7f,0xfe,0x00,0x00,0x00,0x00,0x00,0x00,0x00,0x00,0x00,0x00,0x00,0x00,
  0x00,0x00,0x00,0x00,0x00,0x00,0x00,0x00,0x00,0x00,0x00,0x00,0x00,0x00,0x00,0x00,0x00,0x00,0x00,0x00,0x00,0x00,0x00,0x00,
  0x00,0x00,0x00,0x00,0x00,0x00,0x00,0x00,0x00,0x00,0x7f,0xfe,0x00,0x60,0x06,0x00,0x60,0x06,0x00,0x60,0x06,0x00,0x60,0x06,
  0x00,0x60,0x06,0x00,0x60,0x06,0x00,0x60,0x06,0x00,0x60,0x06,0x00,0x60,0x06,0x00,0x60,0x06,0x00,0x60,0x06,0x00,0x60,0x06,
  0x00,0x60,0x06,0x00,0x60,0x06,0x00,0x60,0x06,0x00,0x7f,0xfe,0x00,0x00,0x00,0x00,0x00,0x00,0x00,0x00,0x00,0x00,0x00,0x00,
  0x00,0x00,0x00,0x00,0x00,0x00,0x00,0x00,0x00,0x00,0x00,0x00,0x00,0x00,0x00,0x00,0x00,0x00,0x00,0x00,0x00,0x00,0x00,0x00,
  0x00,0x00,0x00,0x00,0x00,0x00,0x00,0x00,0x00,0x00,0x00,0x00,0x00,0x00,0x00,0x00,0x00,0x00,0x00,0x00,0x00,0x00,0x00,0x00,
  0x00,0x00,0x00,0x00,0x00,0x00,0x00,0x00,0x00,0x00,0x00,0x00,0x00,0x00,0x00,0x00,0x00,0x00,0x7f,0xfe,0x00,0x60,0x06,0x00,
  0x60,0x06,0x00,0x60,0x06,0x00,0x60,0x06,0x00,0x60,0x06,0x00,0x60,0x06,0x00,0x60,0x06,0x00,0x60,0x06,0x00,0x60,0x06,0x00,
  0x60,0x06,0x00,0x60,0x06,0x00,0x60,0x06,0x00,0x60,0x06,0x00,0x60,0x06,0x00,0x60,0x06,0x00,0x7f,0xfe,0x00,0x00,0x00,0x00,
  0x00,0x00,0x00,0x00,0x00,0x00,0x00,0x00,0x00,0x00,0x00,0x00,0x00,0x00,0x00,0x00,0x00,0x00,0x00,0x00,0x00,0x00,0x00,0x00,
  0x00,0x00,0x00,0x00,0x00,0x00,0x00,0x00,0x00,0x00,0x00,0x00,0x00,0x00,0x00,0x00,0x00,0x00,0x7f,0xfe,0x00,0x60,0x06,0x00,
  0x60,0x06,0x00,0x60,0x06,0x00,0x60,0x06,0x00,0x60,0x06,0x00,0x60,0x06,0x00,0x60,0x06,0x00,0x60,0x06,0x00,0x60,0x06,0x00,
  0x60,0x06,0x00,0x60,0x06,0x00,0x60,0x06,0x00,0x60,0x06,0x00,0x60,0x06,0x00,0x60,0x06,0x00,0x7f,0xfe,0x00,0x00,0x00,0x00,
  0x00,0x00,0x00,0x00,0x00,0x00,0x00,0x00,0x00,0x00,0x00,0x00,0x00,0x00,0x00,0x00,0x00,0x00,0x00,0x00,0x00,0x00,0x00,0x00,
  0x00,0x00,0x00,0x00,0x00,0x00,0x00,0x00,0x00,0x00,0x00,0x00,0x00,0x00,0x00,0x00,0x00,0x00,0x7f,0xfe,0x00,0x60,0x06,0x00,
  0x60,0x06,0x00,0x60,0x06,0x00,0x60,0x06,0x00,0x60,0x06,0x00,0x60,0x06,0x00,0x60,0x06,0x00,0x60,0x06,0x00,0x60,0x06,0x00,
  0x60,0x06,0x00,0x60,0x06,0x00,0x60,0x06,0x00,0x60,0x06,0x00,0x60,0x06,0x00,0x60,0x06,0x00,0x7f,0xfe,0x00,0x00,0x00,0x00,
  0x00,0x00,0x00,0x00,0x00,0x00,0x00,0x00,0x00,0x00,0x00,0x00,0x00,0x00,0x00,0x00,0x00,0x00,0x00,0x00,0x00,0x00,0x00,0x00,
  0x00,0x00,0x00,0x00,0x00,0x00,0x00,0x00,0x00,0x00,0x00,0x00,0x00,0x00,0x00,0x00,0x00,0x00,0x7f,0xfe,0x00,0x60,0x06,0x00,
  0x60,0x06,0x00,0x60,0x06,0x00,0x60,0x06,0x00,0x60,0x06,0x00,0x60,0x06,0x00,0x60,0x06,0x00,0x60,0x06,0x00,0x60,0x06,0x00,
  0x60,0x06,0x00,0x60,0x06,0x00,0x60,0x06,0x00,0x60,0x06,0x00,0x60,0x06,0x00,0x60,0x06,0x00,0x7f,0xfe,0x00,0x00,0x00,0x00,
  0x00,0x00,0x00,0x00,0x00,0x00,0x00,0x00,0x00,0x00,0x00,0x00,0x00,0x00,0x00,0x00,0x00,0x00,0x00,0x00,0x00,0x00,0x00,0x00,
  0x00,0x00,0x00,0x00,0x00,0x00,0x00,0x00,0x00,0x00,0x00,0x00,0x00,0x00,0x00,0x00,0x00,0x00,0x7f,0xfe,0x00,0x60,0x06,0x00,
  0x60,0x06,0x00,0x60,0x06,0x00,0x60,0x06,0x00,0x60,0x06,0x00,0x60,0x06,0x00,0x60,0x06,0x00,0x60,0x06,0x00,0x60,0x06,0x00,
  0x60,0x06,0x00,0x60,0x06,0x00,0x60,0x06,0x00,0x60,0x06,0x00,0x60,0x06,0x00,0x60,0x06,0x00,0x7f,0xfe,0x00,0x00,0x00,0x00,
  0x00,0x00,0x00,0x00,0x00,0x00,0x00,0x00,0x00,0x00,0x00,0x00,0x00,0x00,0x00,0x00,0x00,0x00,0x00,0x00,0x00,0x00,0x00,0x00,
  0x00,0x00,0x00,0x00,0x00,0x00,0x00,0x00,0x00,0x00,0x00,0x00,0x00,0x00,0x00,0x00,0x00,0x00,0x7f,0xfe,0x00,0x60,0x06,0x00,
  0x60,0x06,0x00,0x60,0x06,0x00,0x60,0x06,0x00,0x60,0x06,0x00,0x60,0x06,0x00,0x60,0x06,0x00,0x60,0x06,0x00,0x60,0x06,0x00,
  0x60,0x06,0x00,0x60,0x06,0x00,0x60,0x06,0x00,0x60,0x06,0x00,0x60,0x06,0x00,0x60,0x06,0x00,0x7f,0xfe,0x00,0x00,0x00,0x00,
  0x00,0x00,0x00,0x00,0x00,0x00,0x00,0x00,0x00,0x00,0x00,0x00,0x00,0x00,0x00,0x00,0x00,0x00,0x00,0x00,0x00,0x00,0x00,0x00,
  0x00,0x00,0x00,0x00,0x00,0x00,0x00,0x00,0x00,0x00,0x00,0x00,0x00,0x00,0x00,0x00,0x00,0x00,0x7f,0xfe,0x00,0x60,0x06,0x00,
  0x60,0x06,0x00,0x60,0x06,0x00,0x60,0x06,0x00,0x60,0x06,0x00,0x60,0x06,0x00,0x60,0x06,0x00,0x60,0x06,0x00,0x60,0x06,0x00,
  0x60,0x06,0x00,0x60,0x06,0x00,0x60,0x06,0x00,0x60,0x06,0x00,0x60,0x06,0x00,0x60,0x06,0x00,0x7f,0xfe,0x00,0x00,0x00,0x00,
  0x00,0x00,0x00,0x00,0x00,0x00,0x00,0x00,0x00,0x00,0x00,0x00,0x00,0x00,0x00,0x00,0x00,0x00,0x00,0x00,0x00,0x00,0x00,0x00,
  0x00,0x00,0x00,0x00,0x00,0x00,0x00,0x00,0x00,0x00,0x00,0x00,0x00,0x00,0x00,0x00,0x00,0x00,0x7f,0xfe,0x00,0x60,0x06,0x00,
  0x60,0x06,0x00,0x60,0x06,0x00,0x60,0x06,0x00,0x60,0x06,0x00,0x60,0x06,0x00,0x60,0x06,0x00,0x60,0x06,0x00,0x60,0x06,0x00,
  0x60,0x06,0x00,0x60,0x06,0x00,0x60,0x06,0x00,0x60,0x06,0x00,0x60,0x06,0x00,0x60,0x06,0x00,0x7f,0xfe,0x00,0x00,0x00,0x00,
  0x00,0x00,0x00,0x00,0x00,0x00,0x00,0x00,0x00,0x00,0x00,0x00,0x00,0x00,0x00,0x00,0x00,0x00,0x00,0x00,0x00,0x00,0x00,0x00,
  0x00,0x00,0x00,0x00,0x00,0x00,0x00,0x00,0x00,0x00,0x00,0x00,0x00,0x00,0x00,0x00,0x00,0x00,0x7f,0xfe,0x00,0x60,0x06,0x00,
  0x60,0x06,0x00,0x60,0x06,0x00,0x60,0x06,0x00,0x60,0x06,0x00,0x60,0x06,0x00,0x60,0x06,0x00,0x60,0x06,0x00,0x60,0x06,0x00,
  0x60,0x06,0x00,0x60,0x06,0x00,0x60,0x06,0x00,0x60,0x06,0x00,0x60,0x06,0x00,0x60,0x06,0x00,0x7f,0xfe,0x00,0x00,0x00,0x00,
  0x00,0x00,0x00,0x00,0x00,0x00,0x00,0x00,0x00,0x00,0x00,0x00,0x00,0x00,0x00,0x00,0x00,0x00,0x00,0x00,0x00,0x00,0x00,0x00,
  0x00,0x00,0x00,0x00,0x00,0x00,0x00,0x00,0x00,0x00,0x00,0x00,0x00,0x00,0x00,0x00,0x00,0x00,0x7f,0xfe,0x00,0x60,0x06,0x00,
  0x60,0x06,0x00,0x60,0x06,0x00,0x60,0x06,0x00,0x60,0x06,0x00,0x60,0x06,0x00,0x60,0x06,0x00,0x60,0x06,0x00,0x60,0x06,0x00,
  0x60,0x06,0x00,0x60,0x06,0x00,0x60,0x06,0x00,0x60,0x06,0x00,0x60,0x06,0x00,0x60,0x06,0x00,0x7f,0xfe,0x00,0x00,0x00,0x00,
  0x00,0x00,0x00,0x00,0x00,0x00,0x00,0x00,0x00,0x00,0x00,0x00,0x00,0x00,0x00,0x00,0x00,0x00,0x00,0x00,0x00,0x00,0x00,0x00,
  0x00,0x00,0x00,0x00,0x00,0x00,0x00,0x00,0x00,0x00,0x00,0x00,0x00,0x00,0x00,0x00,0x00,0x00,0x7f,0xfe,0x00,0x60,0x06,0x00,
  0x60,0x06,0x00,0x60,0x06,0x00,0x60,0x06,0x00,0x60,0x06,0x00,0x60,0x06,0x00,0x60,0x06,0x00,0x60,0x06,0x00,0x60,0x06,0x00,
  0x60,0x06,0x00,0x60,0x06,0x00,0x60,0x06,0x00,0x60,0x06,0x00,0x60,0x06,0x00,0x60,0x06,0x00,0x7f,0xfe,0x00,0x00,0x00,0x00,
  0x00,0x00,0x00,0x00,0x00,0x00,0x00,0x00,0x00,0x00,0x00,0x00,0x00,0x00,0x00,0x00,0x00,0x00,0x00,0x00,0x00,0x00,0x00,0x00,
  0x00,0x00,0x00,0x00,0x00,0x00,0x00,0x00,0x00,0x00,0x00,0x00,0x00,0x00,0x00,0x00,0x00,0x00,0x7f,0xfe,0x00,0x60,0x06,0x00,
  0x60,0x06,0x00,0x60,0x06,0x00,0x60,0x06,0x00,0x60,0x06,0x00,0x60,0x06,0x00,0x60,0x06,0x00,0x60,0x06,0x00,0x60,0x06,0x00,
  0x60,0x06,0x00,0x60,0x06,0x00,0x60,0x06,0x00,0x60,0x06,0x00,0x60,0x06,0x00,0x60,0x06,0x00,0x7f,0xfe,0x00,0x00,0x00,0x00,
  0x00,0x00,0x00,0x00,0x00,0x00,0x00,0x00,0x00,0x00,0x00,0x00,0x00,0x00,0x00,0x00,0x00,0x00,0x00,0x00,0x00,0x00,0x00,0x00,
  0x00,0x00,0x00,0x00,0x00,0x00,0x00,0x00,0x00,0x00,0x00,0x00,0x00,0x00,0x00,0x00,0x00,0x00,0x7f,0xfe,0x00,0x60,0x06,0x00,
  0x60,0x06,0x00,0x60,0x06,0x00,0x60,0x06,0x00,0x60,0x06,0x00,0x60,0x06,0x00,0x60,0x06,0x00,0x60,0x06,0x00,0x60,0x06,0x00,
  0x60,0x06,0x00,0x60,0x06,0x00,0x60,0x06,0x00,0x60,0x06,0x00,0x60,0x06,0x00,0x60,0x06,0x00,0x7f,0xfe,0x00,0x00,0x00,0x00,
  0x00,0x00,0x00,0x00,0x00,0x00,0x00,0x00,0x00,0x00,0x00,0x00,0x00,0x00,0x00,0x00,0x00,0x00,0x00,0x00,0x00,0x00,0x00,0x00,
  0x00,0x00,0x00,0x00,0x00,0x00,0x00,0x00,0x00,0x00,0x00,0x00,0x00,0x00,0x00,0x00,0x00,0x00,0x7f,0xfe,0x00,0x60,0x06,0x00,
  0x60,0x06,0x00,0x60,0x06,0x00,0x60,0x06,0x00,0x60,0x06,0x00,0x60,0x06,0x00,0x60,0x06,0x00,0x60,0x06,0x00,0x60,0x06,0x00,
  0x60,0x06,0x00,0x60,0x06,0x00,0x60,0x06,0x00,0x60,0x06,0x00,0x60,0x06,0x00,0x60,0x06,0x00,0x7f,0xfe,0x00,0x00,0x00,0x00,
  0x00,0x00,0x00,0x00,0x00,0x00,0x00,0x00,0x00,0x00,0x00,0x00,0x00,0x00,0x00,0x00,0x00,0x00,0x00,0x00,0x00,0x00,0x00,0x00,
  0x00,0x00,0x00,0x00,0x00,0x00,0x00,0x00,0x00,0x00,0x00,0x00,0x00,0x00,0x00,0x00,0x00,0x00,0x7f,0xfe,0x00,0x60,0x06,0x00,
  0x60,0x06,0x00,0x60,0x06,0x00,0x60,0x06,0x00,0x60,0x06,0x00,0x60,0x06,0x00,0x60,0x06,0x00,0x60,0x06,0x00,0x60,0x06,0x00,
  0x60,0x06,0x00,0x60,0x06,0x00,0x60,0x06,0x00,0x60,0x06,0x00,0x60,0x06,0x00,0x60,0x06,0x00,0x7f,0xfe,0x00,0x00,0x00,0x00,
  0x00,0x00,0x00,0x00,0x00,0x00,0x00,0x00,0x00,0x00,0x00,0x00,0x00,0x00,0x00,0x00,0x00,0x00,0x00,0x00,0x00,0x00,0x00,0x00,
  0x00,0x00,0x00,0x00,0x00,0x00,0x00,0x00,0x00,0x00,0x00,0x00,0x00,0x00,0x00,0x00,0x00,0x00,0x7f,0xfe,0x00,0x60,0x06,0x00,
  0x60,0x06,0x00,0x60,0x06,0x00,0x60,0x06,0x00,0x60,0x06,0x00,0x60,0x06,0x00,0x60,0x06,0x00,0x60,0x06,0x00,0x60,0x06,0x00,
  0x60,0x06,0x00,0x60,0x06,0x00,0x60,0x06,0x00,0x60,0x06,0x00,0x60,0x06,0x00,0x60,0x06,0x00,0x7f,0xfe,0x00,0x00,0x00,0x00,
  0x00,0x00,0x00,0x00,0x00,0x00,0x00,0x00,0x00,0x00,0x00,0x00,0x00,0x00,0x00,0x00,0x00,0x00,0x00,0x00,0x00,0x00,0x00,0x00,
  0x00,0x00,0x00,0x00,0x00,0x00,0x00,0x00,0x00,0x00,0x00,0x00,0x00,0x00,0x00,0x00,0x00,0x00,0x7f,0xfe,0x00,0x60,0x06,0x00,
  0x60,0x06,0x00,0x60,0x06,0x00,0x60,0x06,0x00,0x60,0x06,0x00,0x60,0x06,0x00,0x60,0x06,0x00,0x60,0x06,0x00,0x60,0x06,0x00,
  0x60,0x06,0x00,0x60,0x06,0x00,0x60,0x06,0x00,0x60,0x06,0x00,0x60,0x06,0x00,0x60,0x06,0x00,0x7f,0xfe,0x00,0x00,0x00,0x00,
  0x00,0x00,0x00,0x00,0x00,0x00,0x00,0x00,0x00,0x00,0x00,0x00,0x00,0x00,0x00,0x00,0x00,0x00,0x00,0x00,0x00,0x00,0x00,0x00,
  0x00,0x00,0x00,0x00,0x00,0x00,0x00,0x00,0x00,0x00,0x00,0x00,0x00,0x00,0x00,0x00,0x00,0x00,0x7f,0xfe,0x00,0x60,0x06,0x00,
  0x60,0x06,0x00,0x60,0x06,0x00,0x60,0x06,0x00,0x60,0x06,0x00,0x60,0x06,0x00,0x60,0x06,0x00,0x60,0x06,0x00,0x60,0x06,0x00,
  0x60,0x06,0x00,0x60,0x06,0x00,0x60,0x06,0x00,0x60,0x06,0x00,0x60,0x06,0x00,0x60,0x06,0x00,0x7f,0xfe,0x00,0x00,0x00,0x00,
  0x00,0x00,0x00,0x00,0x00,0x00,0x00,0x00,0x00,0x00,0x00,0x00,0x00,0x00,0x00,0x00,0x00,0x00,0x00,0x00,0x00,0x00,0x00,0x00,
  0x00,0x00,0x00,0x00,0x00,0x00,0x00,0x00,0x00,0x00,0x00,0x00,0x00,0x00,0x00,0x00,0x00,0x00,0x7f,0xfe,0x00,0x60,0x06,0x00,
  0x60,0x06,0x00,0x60,0x06,0x00,0x60,0x06,0x00,0x60,0x06,0x00,0x60,0x06,0x00,0x60,0x06,0x00,0x60,0x06,0x00,0x60,0x06,0x00,
  0x60,0x06,0x00,0x60,0x06,0x00,0x60,0x06,0x00,0x60,0x06,0x00,0x60,0x06,0x00,0x60,0x06,0x00,0x7f,0xfe,0x00,0x00,0x00,0x00,
  0x00,0x00,0x00,0x00,0x00,0x00,0x00,0x00,0x00,0x00,0x00,0x00,0x00,0x00,0x00,0x00,0x00,0x00,0x00,0x00,0x00,0x00,0x00,0x00,
  0x00,0x00,0x00,0x00,0x00,0x00,0x00,0x00,0x00,0x00,0x00,0x00,0x00,0x00,0x00,0x00,0x00,0x00,0x7f,0xfe,0x00,0x60,0x06,0x00,
  0x60,0x06,0x00,0x60,0x06,0x00,0x60,0x06,0x00,0x60,0x06,0x00,0x60,0x06,0x00,0x60,0x06,0x00,0x60,0x06,0x00,0x60,0x06,0x00,
  0x60,0x06,0x00,0x60,0x06,0x00,0x60,0x06,0x00,0x60,0x06,0x00,0x60,0x06,0x00,0x60,0x06,0x00,0x7f,0xfe,0x00,0x00,0x00,0x00,
  0x00,0x00,0x00,0x00,0x00,0x00,0x00,0x00,0x00,0x00,0x00,0x00,0x00,0x00,0x00,0x00,0x00,0x00,0x00,0x00,0x00,0x00,0x00,0x00,
  0x00,0x00,0x00,0x00,0x00,0x00,0x00,0x00,0x00,0x00,0x00,0x00,0x00,0x00,0x00,0x00,0x00,0x00,0x7f,0xfe,0x00,0x60,0x06,0x00,
  0x60,0x06,0x00,0x60,0x06,0x00,0x60,0x06,0x00,0x60,0x06,0x00,0x60,0x06,0x00,0x60,0x06,0x00,0x60,0x06,0x00,0x60,0x06,0x00,
  0x60,0x06,0x00,0x60,0x06,0x00,0x60,0x06,0x00,0x60,0x06,0x00,0x60,0x06,0x00,0x60,0x06,0x00,0x7f,0xfe,0x00,0x00,0x00,0x00,
  0x00,0x00,0x00,0x00,0x00,0x00,0x00,0x00,0x00,0x00,0x00,0x00,0x00,0x00,0x00,0x00,0x00,0x00,0x00,0x00,0x00,0x00,0x00,0x00,
  0x00,0x00,0x00,0x00,0x00,0x00,0x00,0x00,0x00,0x00,0x00,0x00,0x00,0x00,0x00,0x00,0x00,0x00,0x7f,0xfe,0x00,0x60,0x06,0x00,
  0x60,0x06,0x00,0x60,0x06,0x00,0x60,0x06,0x00,0x60,0x06,0x00,0x60,0x06,0x00,0x60,0x06,0x00,0x60,0x06,0x00,0x60,0x06,0x00,
  0x60,0x06,0x00,0x60,0x06,0x00,0x60,0x06,0x00,0x60,0x06,0x00,0x60,0x06,0x00,0x60,0x06,0x00,0x7f,0xfe,0x00,0x00,0x00,0x00,
  0x00,0x00,0x00,0x00,0x00,0x00,0x00,0x00,0x00,0x00,0x00,0x00,0x00,0x00,0x00,0x00,0x00,0x00,0x00,0x00,0x00,0x00,0x00,0x00,
  0x00,0x00,0x00,0x00,0x00,0x00,0x00,0x00,0x00,0x00,0x00,0x00,0x00,0x00,0x00,0x00,0x00,0x00,0x7f,0xfe,0x00,0x60,0x06,0x00,
  0x60,0x06,0x00,0x60,0x06,0x00,0x60,0x06,0x00,0x60,0x06,0x00,0x60,0x06,0x00,0x60,0x06,0x00,0x60,0x06,0x00,0x60,0x06,0x00,
  0x60,0x06,0x00,0x60,0x06,0x00,0x60,0x06,0x00,0x60,0x06,0x00,0x60,0x06,0x00,0x60,0x06,0x00,0x7f,0xfe,0x00,0x00,0x00,0x00,
  0x00,0x00,0x00,0x00,0x00,0x00,0x00,0x00,0x00,0x00,0x00,0x00,0x00,0x00,0x00,0x00,0x00,0x00,0x00,0x00,0x00,0x00,0x00,0x00,
  0x00,0x00,0x00,0x00,0x00,0x00,0x00,0x00,0x00,0x00,0x00,0x00,0x00,0x00,0x00,0x00,0x00,0x00,0x7f,0xfe,0x00,0x60,0x06,0x00,
  0x60,0x06,0x00,0x60,0x06,0x00,0x60,0x06,0x00,0x60,0x06,0x00,0x60,0x06,0x00,0x60,0x06,0x00,0x60,0x06,0x00,0x60,0x06,0x00,
  0x60,0x06,0x00,0x60,0x06,0x00,0x60,0x06,0x00,0x60,0x06,0x00,0x60,0x06,0x00,0x60,0x06,0x00,0x7f,0xfe,0x00,0x00,0x00,0x00,
  0x00,0x00,0x00,0x00,0x00,0x00,0x00,0x00,0x00,0x00,0x00,0x00,0x00,0x00,0x00,0x00,0x00,0x00,0x00,0x00,0x00,0x00,0x00,0x00,
  0x00,0x00,0x00,0x00,0x00,0x00,0x00,0x00,0x00,0x00,0x00,0x00,0x00,0x00,0x00,0x00,0x00,0x00,0x7f,0xfe,0x00,0x60,0x06,0x00,
  0x60,0x06,0x00,0x60,0x06,0x00,0x60,0x06,0x00,0x60,0x06,0x00,0x60,0x06,0x00,0x60,0x06,0x00,0x60,0x06,0x00,0x60,0x06,0x00,
  0x60,0x06,0x00,0x60,0x06,0x00,0x60,0x06,0x00,0x60,0x06,0x00,0x60,0x06,0x00,0x60,0x06,0x00,0x7f,0xfe,0x00,0x00,0x00,0x00,
  0x00,0x00,0x00,0x00,0x00,0x00,0x00,0x00,0x00,0x00,0x00,0x00,0x00,0x00,0x00,0x00,0x00,0x00,0x00,0x00,0x00,0x00,0x00,0x00,
  0x00,0x00,0x00,0x00,0x00,0x00,0x00,0x00,0x00,0x00,0x00,0x00,0x00,0x00,0x00,0x00,0x00,0x00,0x7f,0xfe,0x00,0x60,0x06,0x00,
  0x60,0x06,0x00,0x60,0x06,0x00,0x60,0x06,0x00,0x60,0x06,0x00,0x60,0x06,0x00,0x60,0x06,0x00,0x60,0x06,0x00,0x60,0x06,0x00,
  0x60,0x06,0x00,0x60,0x06,0x00,0x60,0x06,0x00,0x60,0x06,0x00,0x60,0x06,0x00,0x60,0x06,0x00,0x7f,0xfe,0x00,0x00,0x00,0x00,
  0x00,0x00,0x00,0x00,0x00,0x00,0x00,0x00,0x00,0x00,0x00,0x00,0x00,0x00,0x00,0x00,0x00,0x00,0x00,0x00,0x00,0x00,0x00,0x00,
  0x00,0x00,0x00,0x00,0x00,0x00,0x00,0x00,0x00,0x00,0x00,0x00,0x00,0x00,0x00,0x00,0x00,0x00,0x00,0x00,0x00,0x00,0x00,0x00,
  0x00,0x00,0x00,0x00,0x00,0x00,0x00,0x00,0x00,0x00,0x00,0x00,0x00,0x00,0x00,0x00,0x00,0x00,0x00,0x00,0x00,0x00,0x00,0x00,
  0x00,0x00,0x00,0x00,0x00,0x00,0x00,0x00,0x00,0x00,0x00,0x00,0x00,0x00,0x00,0x00,0x00,0x00,0x00,0x00,0x00,0x00,0x00,0x00,
  0x00,0x00,0x00,0x00,0x00,0x00,0x00,0x00,0x00,0x00,0x00,0x00,0x00,0x00,0x00,0x00,0x00,0x00,0x00,0x00,0x00,0x00,0x00,0x00,
  0x00,0x00,0x00,0x00,0x00,0x00,0x00,0x00,0x00,0x00,0x00,0x00,0x00,0x00,0x00,0x00,0x00,0x00,0x00,0x00,0x00,0x00,0x00,0x00,
  0x00,0x00,0x00,0x00,0x00,0x00,0x00,0x00,0x00,0x01,0x80,0x00,0x01,0xc0,0x00,0x01,0x80,0x00,0x00,0x00,0x00,0x00,0x00,0x00,
  0x01,0x80,0x00,0x01,0x80,0x00,0x01,0x80,0x00,0x01,0xc0,0x00,0x03,0xc0,0x00,0x03,0xc0,0x00,0x03,0xc0,0x00,0x03,0xc0,0x00,
  0x03,0xc0,0x00,0x03,0xc0,0x00,0x03,0xc0,0x00,0x01,0x80,0x00,0x00,0x00,0x00,0x00,0x00,0x00,0x00,0x00,0x00,0x00,0x00,0x00,
  0x00,0x00,0x00,0x00,0x00,0x00,0x00,0x00,0x00,0x00,0x00,0x00,0x00,0x00,0x00,0x01,0x80,0x00,0x01,0x80,0x00,0x01,0x80,0x00,
  0x01,0xc0,0x00,0x07,0xe0,0x00,0x0f,0xf8,0x00,0x1c,0x38,0x00,0x18,0x18,0x00,0x38,0x18,0x00,0x38,0x08,0x00,0x18,0x00,0x00,
  0x1c,0x18,0x00,0x1e,0x38,0x00,0x0f,0xf8,0x00,0x03,0xc0,0x00,0x01,0x80,0x00,0x01,0x80,0x00,0x01,0x80,0x00,0x00,0x00,0x00,
  0x00,0x00,0x00,0x00,0x00,0x00,0x00,0x00,0x00,0x00,0x00,0x00,0x00,0x00,0x00,0x00,0x00,0x00,0x00,0x00,0x00,0x00,0x00,0x00,
  0x00,0x00,0x00,0x00,0x00,0x00,0x00,0x00,0x00,0x00,0x00,0x00,0x00,0x00,0x00,0x00,0x00,0x00,0x00,0x00,0x00,0x03,0xe0,0x00,
  0x07,0xf0,0x00,0x0e,0x38,0x00,0x0c,0x10,0x00,0x0c,0x00,0x00,0x0c,0x00,0x00,0x0e,0x00,0x00,0x7f,0xc0,0x00,0x3f,0xc0,0x00,
  0x06,0x00,0x00,0x06,0x00,0x00,0x06,0x00,0x00,0x0e,0x00,0x00,0x0e,0x06,0x00,0x3f,0xfe,0x00,0x3f,0xfc,0x00,0x00,0x00,0x00,
  0x00,0x00,0x00,0x00,0x00,0x00,0x00,0x00,0x00,0x00,0x00,0x00,0x00,0x00,0x00,0x00,0x00,0x00,0x00,0x00,0x00,0x00,0x00,0x00,
  0x00,0x00,0x00,0x00,0x00,0x00,0x00,0x00,0x00,0x00,0x00,0x00,0x00,0x00,0x00,0x00,0x00,0x00,0x00,0x00,0x00,0x00,0x00,0x00,
  0x00,0x00,0x00,0x30,0x0c,0x00,0x3b,0xdc,0x00,0x1f,0xf8,0x00,0x1c,0x38,0x00,0x1c,0x18,0x00,0x18,0x18,0x00,0x1c,0x38,0x00,
  0x1e,0x78,0x00,0x1f,0xf8,0x00,0x39,0x9c,0x00,0x10,0x0c,0x00,0x00,0x00,0x00,0x00,0x00,0x00,0x00,0x00,0x00,0x00,0x00,0x00,
  0x00,0x00,0x00,0x00,0x00,0x00,0x00,0x00,0x00,0x00,0x00,0x00,0x00,0x00,0x00,0x00,0x00,0x00,0x00,0x00,0x00,0x00,0x00,0x00,
  0x00,0x00,0x00,0x00,0x00,0x00,0x00,0x00,0x00,0x00,0x00,0x00,0x00,0x00,0x00,0x00,0x00,0x00,0x00,0x00,0x00,0xfc,0x1f,0x00,
  0xf8,0x1f,0x00,0x18,0x1c,0x00,0x0c,0x38,0x00,0x0e,0x30,0x00,0x1f,0x78,0x00,0x0f,0xf8,0x00,0x01,0x80,0x00,0x01,0xc0,0x00,
  0x1f,0xf8,0x00,0x0f,0xf8,0x00,0x01,0x80,0x00,0x01,0x80,0x00,0x01,0xc0,0x00,0x0f,0xf8,0x00,0x0f,0xf0,0x00,0x00,0x00,0x00,
  0x00,0x00,0x00,0x00,0x00,0x00,0x00,0x00,0x00,0x00,0x00,0x00,0x00,0x00,0x00,0x00,0x00,0x00,0x00,0x00,0x00,0x00,0x00,0x00,
  0x00,0x00,0x00,0x00,0x00,0x00,0x00,0x00,0x00,0x00,0x00,0x00,0x00,0x00,0x00,0x00,0x00,0x00,0x01,0x80,0x00,0x01,0x80,0x00,
  0x01,0x80,0x00,0x01,0x80,0x00,0x01,0x80,0x00,0x01,0x80,0x00,0x01,0x80,0x00,0x01,0x80,0x00,0x00,0x80,0x00,0x00,0x00,0x00,
  0x00,0x00,0x00,0x01,0x80,0x00,0x01,0x80,0x00,0x01,0x80,0x00,0x01,0x80,0x00,0x01,0x80,0x00,0x01,0x80,0x00,0x01,0x80,0x00,
  0x01,0x80,0x00,0x00,0x80,0x00,0x00,0x00,0x00,0x00,0x00,0x00,0x00,0x00,0x00,0x00,0x00,0x00,0x00,0x00,0x00,0x00,0x00,0x00,
  0x00,0x00,0x00,0x00,0x00,0x00,0x00,0x00,0x00,0x00,0x00,0x00,0x00,0x00,0x00,0x00,0x00,0x00,0x07,0xfc,0x00,0x0f,0xfc,0x00,
  0x0c,0x0c,0x00,0x08,0x0c,0x00,0x3c,0x00,0x00,0x7f,0x00,0x00,0x63,0x80,0x00,0x61,0xe0,0x00,0x30,0x78,0x00,0x1c,0x1c,0x00,
  0x0f,0x0e,0x00,0x03,0x86,0x00,0x00,0xe6,0x00,0x00,0x7c,0x00,0x10,0x38,0x00,0x30,0x10,0x00,0x30,0x30,0x00,0x3f,0xf0,0x00,
  0x1f,0xc0,0x00,0x00,0x00,0x00,0x00,0x00,0x00,0x00,0x00,0x00,0x00,0x00,0x00,0x00,0x00,0x00,0x00,0x00,0x00,0x00,0x00,0x00,
  0x00,0x00,0x00,0x00,0x00,0x00,0x00,0x00,0x00,0x00,0x00,0x00,0x00,0x00,0x00,0x00,0x00,0x00,0x0c,0x30,0x00,0x0e,0x38,0x00,
  0x04,0x10,0x00,0x00,0x00,0x00,0x00,0x00,0x00,0x00,0x00,0x00,0x00,0x00,0x00,0x00,0x00,0x00,0x00,0x00,0x00,0x00,0x00,0x00,
  0x00,0x00,0x00,0x00,0x00,0x00,0x00,0x00,0x00,0x00,0x00,0x00,0x00,0x00,0x00,0x00,0x00,0x00,0x00,0x00,0x00,0x00,0x00,0x00,
  0x00,0x00,0x00,0x00,0x00,0x00,0x00,0x00,0x00,0x00,0x00,0x00,0x00,0x00,0x00,0x00,0x00,0x00,0x00,0x00,0x00,0x00,0x00,0x00,
  0x00,0x00,0x00,0x00,0x00,0x00,0x00,0x00,0x00,0x00,0x00,0x00,0x00,0x00,0x00,0x00,0x00,0x00,0x00,0x00,0x00,0x07,0xe0,0x00,
  0x18,0x18,0x00,0x30,0x04,0x00,0x60,0x06,0x00,0x43,0xe2,0x00,0xc4,0x23,0x00,0x88,0x21,0x00,0x88,0x01,0x00,0x88,0x01,0x00,
  0x8c,0x31,0x00,0x46,0x23,0x00,0x41,0xc2,0x00,0x20,0x06,0x00,0x30,0x0c,0x00,0x0c,0x30,0x00,0x01,0xc0,0x00,0x00,0x00,0x00,
  0x00,0x00,0x00,0x00,0x00,0x00,0x00,0x00,0x00,0x00,0x00,0x00,0x00,0x00,0x00,0x00,0x00,0x00,0x00,0x00,0x00,0x00,0x00,0x00,
  0x00,0x00,0x00,0x00,0x00,0x00,0x00,0x00,0x00,0x00,0x00,0x00,0x00,0x00,0x00,0x07,0xc0,0x00,0x07,0xe0,0x00,0x00,0x60,0x00,
  0x07,0xe0,0x00,0x0f,0xe0,0x00,0x0c,0x20,0x00,0x0c,0xe0,0x00,0x0f,0xf8,0x00,0x02,0x30,0x00,0x00,0x00,0x00,0x00,0x00,0x00,
  0x00,0x00,0x00,0x00,0x00,0x00,0x00,0x00,0x00,0x00,0x00,0x00,0x00,0x00,0x00,0x00,0x00,0x00,0x00,0x00,0x00,0x00,0x00,0x00,
  0x00,0x00,0x00,0x00,0x00,0x00,0x00,0x00,0x00,0x00,0x00,0x00,0x00,0x00,0x00,0x00,0x00,0x00,0x00,0x00,0x00,0x00,0x00,0x00,
  0x00,0x00,0x00,0x00,0x00,0x00,0x00,0x00,0x00,0x00,0x00,0x00,0x00,0x00,0x00,0x00,0x00,0x00,0x00,0x00,0x00,0x00,0x00,0x00,
  0x00,0x00,0x00,0x00,0x00,0x00,0x00,0x00,0x00,0x00,0x00,0x00,0x01,0x04,0x00,0x07,0x1c,0x00,0x0e,0x38,0x00,0x1c,0x70,0x00,
  0x38,0xe0,0x00,0x71,0xe0,0x00,0x38,0xf0,0x00,0x0c,0x38,0x00,0x06,0x18,0x00,0x03,0x0c,0x00,0x01,0x04,0x00,0x00,0x00,0x00,
  0x00,0x00,0x00,0x00,0x00,0x00,0x00,0x00,0x00,0x00,0x00,0x00,0x00,0x00,0x00,0x00,0x00,0x00,0x00,0x00,0x00,0x00,0x00,0x00,
  0x00,0x00,0x00,0x00,0x00,0x00,0x00,0x00,0x00,0x00,0x00,0x00,0x00,0x00,0x00,0x00,0x00,0x00,0x00,0x00,0x00,0x00,0x00,0x00,
  0x00,0x00,0x00,0x00,0x00,0x00,0x00,0x00,0x00,0x00,0x00,0x00,0x00,0x00,0x00,0x00,0x00,0x00,0x7f,0xff,0x00,0x7f,0xff,0x00,
  0x7f,0xff,0x00,0x00,0x07,0x00,0x00,0x07,0x00,0x00,0x07,0x00,0x00,0x07,0x00,0x00,0x07,0x00,0x00,0x02,0x00,0x00,0x00,0x00,
  0x00,0x00,0x00,0x00,0x00,0x00,0x00,0x00,0x00,0x00,0x00,0x00,0x00,0x00,0x00,0x00,0x00,0x00,0x00,0x00,0x00,0x00,0x00,0x00,
  0x00,0x00,0x00,0x00,0x00,0x00,0x00,0x00,0x00,0x00,0x00,0x00,0x00,0x00,0x00,0x00,0x00,0x00,0x00,0x00,0x00,0x00,0x00,0x00,
  0x00,0x00,0x00,0x00,0x00,0x00,0x00,0x00,0x00,0x00,0x00,0x00,0x00,0x00,0x00,0x00,0x00,0x00,0x00,0x00,0x00,0x00,0x00,0x00,
  0x00,0x00,0x00,0x00,0x00,0x07,0xe0,0x00,0x18,0x18,0x00,0x30,0x04,0x00,0x60,0x06,0x00,0x4f,0xc2,0x00,0xc4,0x23,0x00,0x84,
  0x21,0x00,0x86,0x61,0x00,0x87,0xc1,0x00,0x84,0x61,0x00,0x46,0x23,0x00,0x4f,0x12,0x00,0x20,0x06,0x00,0x30,0x0c,0x00,0x0c,
  0x30,0x00,0x01,0xc0,0x00,0x00,0x00,0x00,0x00,0x00,0x00,0x00,0x00,0x00,0x00,0x00,0x00,0x00,0x00,0x00,0x00,0x00,0x00,0x00,
  0x00,0x00,0x00,0x00,0x00,0x00,0x00,0x00,0x00,0x00,0x00,0x00,0x00,0x00,0x00,0x00,0x00,0xff,0xff,0xc0,0x7f,0xff,0xc0,0x00,
  0x00,0x00,0x00,0x00,0x00,0x00,0x00,0x00,0x00,0x00,0x00,0x00,0x00,0x00,0x00,0x00,0x00,0x00,0x00,0x00,0x00,0x00,0x00,0x00,
  0x00,0x00,0x00,0x00,0x00,0x00,0x00,0x00,0x00,0x00,0x00,0x00,0x00,0x00,0x00,0x00,0x00,0x00,0x00,0x00,0x00,0x00,0x00,0x00,
  0x00,0x00,0x00,0x00,0x00,0x00,0x00,0x00,0x00,0x00,0x00,0x00,0x00,0x00,0x00,0x00,0x00,0x00,0x00,0x00,0x00,0x00,0x00,0x00,
  0x00,0x00,0x00,0x00,0x00,0x00,0x00,0x00,0x00,0x00,0x00,0x00,0x00,0x00,0x00,0x00,0x00,0x00,0x00,0x00,0x00,0x00,0x00,0x00,
  0x00,0x00,0x03,0xc0,0x00,0x07,0xf0,0x00,0x0c,0x30,0x00,0x0c,0x30,0x00,0x0c,0x30,0x00,0x0e,0x70,0x00,0x07,0xe0,0x00,0x01,
  0x80,0x00,0x00,0x00,0x00,0x00,0x00,0x00,0x00,0x00,0x00,0x00,0x00,0x00,0x00,0x00,0x00,0x00,0x00,0x00,0x00,0x00,0x00,0x00,
  0x00,0x00,0x00,0x00,0x00,0x00,0x00,0x00,0x00,0x00,0x00,0x00,0x00,0x00,0x00,0x00,0x00,0x00,0x00,0x00,0x00,0x00,0x00,0x00,
  0x00,0x00,0x00,0x00,0x00,0x00,0x00,0x00,0x00,0x00,0x00,0x00,0x00,0x00,0x00,0x00,0x00,0x00,0x00,0x00,0x01,0x80,0x00,0x01,
  0x80,0x00,0x01,0x80,0x00,0x01,0x80,0x00,0x01,0x80,0x00,0x01,0xc0,0x00,0x3f,0xfe,0x00,0x7f,0xfe,0x00,0x3f,0xfc,0x00,0x01,
  0x80,0x00,0x01,0x80,0x00,0x01,0x80,0x00,0x01,0x80,0x00,0x01,0x80,0x00,0x00,0x80,0x00,0x00,0x00,0x00,0x3f,0xfe,0x00,0x7f,
  0xfe,0x00,0x3f,0xfc,0x00,0x00,0x00,0x00,0x00,0x00,0x00,0x00,0x00,0x00,0x00,0x00,0x00,0x00,0x00,0x00,0x00,0x00,0x00,0x00,
  0x00,0x00,0x00,0x00,0x00,0x00,0x00,0x00,0x00,0x00,0x00,0x00,0x00,0x00,0x00,0x00,0x00,0x00,0x00,0x00,0x00,0x00,0x00,0x03,
  0xc0,0x00,0x07,0xe0,0x00,0x04,0x20,0x00,0x00,0x20,0x00,0x00,0x60,0x00,0x01,0xc0,0x00,0x03,0x80,0x00,0x07,0x00,0x00,0x0f,
  0xe0,0x00,0x0f,0xe0,0x00,0x00,0x00,0x00,0x00,0x00,0x00,0x00,0x00,0x00,0x00,0x00,0x00,0x00,0x00,0x00,0x00,0x00,0x00,0x00,
  0x00,0x00,0x00,0x00,0x00,0x00,0x00,0x00,0x00,0x00,0x00,0x00,0x00,0x00,0x00,0x00,0x00,0x00,0x00,0x00,0x00,0x00,0x00,0x00,
  0x00,0x00,0x00,0x00,0x00,0x00,0x00,0x00,0x00,0x00,0x00,0x00,0x00,0x00,0x00,0x00,0x00,0x00,0x00,0x00,0x00,0x00,0x00,0x03,
  0xc0,0x00,0x07,0xe0,0x00,0x04,0x30,0x00,0x00,0x30,0x00,0x01,0xe0,0x00,0x01,0xe0,0x00,0x00,0x30,0x00,0x04,0x30,0x00,0x0f,
  0xe0,0x00,0x03,0x80,0x00,0x00,0x00,0x00,0x00,0x00,0x00,0x00,0x00,0x00,0x00,0x00,0x00,0x00,0x00,0x00,0x00,0x00,0x00,0x00,
  0x00,0x00,0x00,0x00,0x00,0x00,0x00,0x00,0x00,0x00,0x00,0x00,0x00,0x00,0x00,0x00,0x00,0x00,0x00,0x00,0x00,0x00,0x00,0x00,
  0x00,0x00,0x00,0x00,0x00,0x00,0x00,0x00,0x00,0x00,0x00,0x00,0x00,0x00,0x00,0x00,0x00,0x00,0x00,0x00,0x00,0x00,0x00,0x00,
  0x40,0x00,0x01,0xc0,0x00,0x03,0x00,0x00,0x02,0x00,0x00,0x00,0x00,0x00,0x00,0x00,0x00,0x00,0x00,0x00,0x00,0x00,0x00,0x00,
  0x00,0x00,0x00,0x00,0x00,0x00,0x00,0x00,0x00,0x00,0x00,0x00,0x00,0x00,0x00,0x00,0x00,0x00,0x00,0x00,0x00,0x00,0x00,0x00,
  0x00,0x00,0x00,0x00,0x00,0x00,0x00,0x00,0x00,0x00,0x00,0x00,0x00,0x00,0x00,0x00,0x00,0x00,0x00,0x00,0x00,0x00,0x00,0x00,
  0x00,0x00,0x00,0x00,0x00,0x00,0x00,0x00,0x00,0x00,0x00,0x00,0x00,0x00,0x00,0x00,0x00,0x00,0x00,0x00,0x00,0x00,0x00,0x00,
  0x00,0x00,0x00,0x00,0x00,0x00,0x00,0x00,0x00,0x00,0x00,0x00,0x00,0x00,0x00,0x00,0x00,0xf8,0xfc,0x00,0x78,0x7c,0x00,0x18,
  0x1c,0x00,0x18,0x1c,0x00,0x18,0x1c,0x00,0x18,0x1c,0x00,0x18,0x1c,0x00,0x18,0x1c,0x00,0x18,0x1c,0x00,0x1c,0x7c,0x00,0x1f,
  0xff,0x00,0x1f,0x9e,0x00,0x18,0x00,0x00,0x18,0x00,0x00,0x18,0x00,0x00,0x18,0x00,0x00,0x18,0x00,0x00,0x00,0x00,0x00,0x00,
  0x00,0x00,0x00,0x00,0x00,0x00,0x00,0x00,0x00,0x00,0x00,0x00,0x00,0x00,0x00,0x00,0x00,0x00,0x00,0x00,0x00,0x00,0x00,0x00,
  0x00,0x00,0x07,0xfc,0x00,0x1f,0xfc,0x00,0x3d,0x90,0x00,0x39,0x90,0x00,0x39,0x90,0x00,0x39,0x90,0x00,0x39,0x90,0x00,0x1d,
  0x90,0x00,0x0f,0x90,0x00,0x03,0x90,0x00,0x01,0x90,0x00,0x01,0x90,0x00,0x01,0x90,0x00,0x01,0x90,0x00,0x01,0x90,0x00,0x01,
  0x90,0x00,0x01,0x90,0x00,0x0f,0xfc,0x00,0x07,0xbc,0x00,0x00,0x00,0x00,0x00,0x00,0x00,0x00,0x00,0x00,0x00,0x00,0x00,0x00,
  0x00,0x00,0x00,0x00,0x00,0x00,0x00,0x00,0x00,0x00,0x00,0x00,0x00,0x00,0x00,0x00,0x00,0x00,0x00,0x00,0x00,0x00,0x00,0x00,
  0x00,0x00,0x00,0x00,0x00,0x00,0x00,0x00,0x00,0x00,0x00,0x00,0x00,0x00,0x00,0x00,0x00,0x00,0x30,0x00,0x00,0x78,0x00,0x00,
  0x38,0x00,0x00,0x30,0x00,0x00,0x00,0x00,0x00,0x00,0x00,0x00,0x00,0x00,0x00,0x00,0x00,0x00,0x00,0x00,0x00,0x00,0x00,0x00,
  0x00,0x00,0x00,0x00,0x00,0x00,0x00,0x00,0x00,0x00,0x00,0x00,0x00,0x00,0x00,0x00,0x00,0x00,0x00,0x00,0x00,0x00,0x00,0x00,
  0x00,0x00,0x00,0x00,0x00,0x00,0x00,0x00,0x00,0x00,0x00,0x00,0x00,0x00,0x00,0x00,0x00,0x00,0x00,0x00,0x00,0x00,0x00,0x00,
  0x00,0x00,0x00,0x00,0x00,0x00,0x00,0x00,0x00,0x00,0x00,0x00,0x00,0x00,0x00,0x00,0x00,0x00,0x00,0x00,0x00,0x00,0x00,0x00,
  0x00,0x00,0x00,0x00,0x00,0x00,0x00,0x00,0x00,0x00,0x00,0x00,0x00,0x00,0x00,0x00,0x00,0x00,0x00,0x00,0x00,0x00,0x00,0x00,
  0x00,0x00,0x01,0x80,0x00,0x01,0x80,0x00,0x01,0xc0,0x00,0x00,0xe0,0x00,0x02,0x60,0x00,0x03,0xc0,0x00,0x01,0x80,0x00,0x00,
  0x00,0x00,0x00,0x00,0x00,0x00,0x00,0x00,0x00,0x00,0x00,0x00,0x00,0x00,0x00,0x00,0x00,0x00,0x00,0x00,0x00,0x00,0x00,0x01,
  0x80,0x00,0x07,0x80,0x00,0x05,0x80,0x00,0x01,0x80,0x00,0x01,0x80,0x00,0x01,0x80,0x00,0x01,0x80,0x00,0x01,0x80,0x00,0x07,
  0xe0,0x00,0x07,0xe0,0x00,0x00,0x00,0x00,0x00,0x00,0x00,0x00,0x00,0x00,0x00,0x00,0x00,0x00,0x00,0x00,0x00,0x00,0x00,0x00,
  0x00,0x00,0x00,0x00,0x00,0x00,0x00,0x00,0x00,0x00,0x00,0x00,0x00,0x00,0x00,0x00,0x00,0x00,0x00,0x00,0x00,0x00,0x00,0x00,
  0x00,0x00,0x00,0x00,0x00,0x00,0x00,0x00,0x00,0x00,0x00,0x00,0x00,0x00,0x00,0x00,0x00,0x00,0x00,0x00,0x00,0x00,0x00,0x03,
  0xe0,0x00,0x07,0xf0,0x00,0x0c,0x30,0x00,0x08,0x18,0x00,0x08,0x18,0x00,0x0c,0x18,0x00,0x0e,0x30,0x00,0x07,0xe0,0x00,0x01,
  0x80,0x00,0x00,0x00,0x00,0x00,0x00,0x00,0x00,0x00,0x00,0x00,0x00,0x00,0x00,0x00,0x00,0x00,0x00,0x00,0x00,0x00,0x00,0x00,
  0x00,0x00,0x00,0x00,0x00,0x00,0x00,0x00,0x00,0x00,0x00,0x00,0x00,0x00,0x00,0x00,0x00,0x00,0x00,0x00,0x00,0x00,0x00,0x00,
  0x00,0x00,0x00,0x00,0x00,0x00,0x00,0x00,0x00,0x00,0x00,0x00,0x00,0x00,0x00,0x00,0x00,0x00,0x00,0x00,0x00,0x00,0x00,0x00,
  0x00,0x00,0x00,0x00,0x00,0x00,0x00,0x00,0x00,0x00,0x00,0x00,0x00,0x00,0x00,0x00,0x00,0x00,0x00,0x00,0x20,0xc0,0x00,0x38,
  0xe0,0x00,0x1c,0x70,0x00,0x0e,0x38,0x00,0x07,0x1c,0x00,0x03,0x8e,0x00,0x07,0x1c,0x00,0x0c,0x38,0x00,0x18,0x60,0x00,0x30,
  0xc0,0x00,0x20,0x80,0x00,0x00,0x00,0x00,0x00,0x00,0x00,0x00,0x00,0x00,0x00,0x00,0x00,0x00,0x00,0x00,0x00,0x00,0x00,0x00,
  0x00,0x00,0x00,0x00,0x00,0x00,0x00,0x00,0x00,0x00,0x00,0x00,0x00,0x00,0x00,0x00,0x00,0x00,0x00,0x00,0x00,0x00,0x00,0x30,
  0x00,0x00,0x70,0x00,0x00,0x50,0x00,0x00,0x10,0x00,0x00,0x10,0x00,0x00,0x10,0x06,0x00,0x10,0x0e,0x00,0x18,0x3c,0x00,0xfe,
  0x70,0x00,0x7c,0xe6,0x00,0x03,0xce,0x00,0x07,0x1e,0x00,0x0e,0x32,0x00,0x1c,0x76,0x00,0x00,0x7f,0x00,0x00,0x06,0x00,0x00,
  0x0f,0x00,0x00,0x0e,0x00,0x00,0x00,0x00,0x00,0x00,0x00,0x00,0x00,0x00,0x00,0x00,0x00,0x00,0x00,0x00,0x00,0x00,0x00,0x00,
  0x00,0x00,0x00,0x00,0x00,0x00,0x00,0x00,0x00,0x00,0x00,0x00,0x00,0x00,0x00,0x00,0x00,0x00,0x00,0x00,0x00,0x00,0x00,0x30,
  0x00,0x00,0xf0,0x00,0x00,0x70,0x00,0x00,0x10,0x00,0x00,0x10,0x00,0x00,0x10,0x06,0x00,0x38,0x0e,0x00,0xfe,0x3c,0x00,0x7c,
  0x70,0x00,0x01,0xef,0x80,0x03,0x9f,0xc0,0x0f,0x10,0xc0,0x1c,0x00,0x80,0x08,0x03,0x00,0x00,0x06,0x00,0x00,0x1c,0x00,0x00,
  0x1f,0xc0,0x00,0x1f,0xc0,0x00,0x00,0x00,0x00,0x00,0x00,0x00,0x00,0x00,0x00,0x00,0x00,0x00,0x00,0x00,0x00,0x00,0x00,0x00,
  0x00,0x00,0x00,0x00,0x00,0x00,0x00,0x00,0x00,0x00,0x00,0x00,0x00,0x00,0x00,0x00,0x00,0x00,0x00,0x00,0x00,0x00,0x00,0x00,
  0x00,0x00,0x3c,0x00,0x00,0x7e,0x00,0x00,0x42,0x00,0x00,0x0e,0x00,0x00,0x1e,0x00,0x00,0x03,0x06,0x00,0xc3,0x1e,0x00,0xfe,
  0x3c,0x00,0x38,0xfe,0x00,0x01,0xce,0x00,0x07,0x9e,0x00,0x0e,0x16,0x00,0x1c,0x36,0x00,0x10,0x66,0x00,0x00,0x7f,0x00,0x00,
  0x06,0x00,0x00,0x0f,0x00,0x00,0x00,0x00,0x00,0x00,0x00,0x00,0x00,0x00,0x00,0x00,0x00,0x00,0x00,0x00,0x00,0x00,0x00,0x00,
  0x00,0x00,0x00,0x00,0x00,0x00,0x00,0x00,0x00,0x00,0x00,0x00,0x00,0x00,0x00,0x00,0x00,0x00,0x00,0x00,0x00,0x00,0x00,0x00,
  0x00,0x00,0x00,0x00,0x00,0x00,0x00,0x00,0x00,0x00,0x00,0x00,0x00,0x00,0x00,0x00,0x00,0x03,0x80,0x00,0x03,0xc0,0x00,0x01,
  0x80,0x00,0x00,0x00,0x00,0x00,0x00,0x00,0x01,0x80,0x00,0x01,0x80,0x00,0x03,0x80,0x00,0x0f,0x80,0x00,0x1f,0x00,0x00,0x1c,
  0x00,0x00,0x38,0x00,0x00,0x38,0x18,0x00,0x18,0x18,0x00,0x1c,0x38,0x00,0x0f,0xf0,0x00,0x03,0x80,0x00,0x00,0x00,0x00,0x00,
  0x00,0x00,0x00,0x00,0x00,0x00,0x00,0x00,0x00,0x00,0x00,0x03,0x00,0x00,0x01,0x80,0x00,0x00,0xe0,0x00,0x00,0x20,0x00,0x00,
  0x00,0x00,0x00,0x00,0x00,0x1f,0xe0,0x00,0x0f,0xe0,0x00,0x03,0xf0,0x00,0x03,0xf0,0x00,0x03,0x30,0x00,0x07,0x38,0x00,0x07,
  0x18,0x00,0x0e,0x1c,0x00,0x0e,0x1c,0x00,0x0f,0xfc,0x00,0x1f,0xfe,0x00,0x1c,0x0e,0x00,0x38,0x07,0x00,0x38,0x07,0x00,0xfc,
  0x0f,0xc0,0x7c,0x0f,0xc0,0x00,0x00,0x00,0x00,0x00,0x00,0x00,0x00,0x00,0x00,0x00,0x00,0x00,0x00,0x00,0x00,0x00,0x00,0x00,
  0x00,0x00,0x00,0x00,0x00,0x00,0x00,0x00,0x00,0x00,0x00,0x00,0x30,0x00,0x00,0x60,0x00,0x01,0xc0,0x00,0x01,0x00,0x00,0x00,
  0x00,0x00,0x00,0x00,0x00,0x1f,0xe0,0x00,0x0f,0xe0,0x00,0x03,0xf0,0x00,0x03,0xf0,0x00,0x03,0x30,0x00,0x07,0x38,0x00,0x07,
  0x18,0x00,0x0e,0x1c,0x00,0x0e,0x1c,0x00,0x0f,0xfc,0x00,0x1f,0xfe,0x00,0x1c,0x0e,0x00,0x38,0x07,0x00,0x38,0x07,0x00,0xfc,
  0x0f,0xc0,0x7c,0x0f,0xc0,0x00,0x00,0x00,0x00,0x00,0x00,0x00,0x00,0x00,0x00,0x00,0x00,0x00,0x00,0x00,0x00,0x00,0x00,0x00,
  0x00,0x00,0x00,0x00,0x00,0x00,0x00,0x00,0x00,0x00,0x00,0x01,0x80,0x00,0x07,0xe0,0x00,0x0e,0x70,0x00,0x08,0x10,0x00,0x00,
  0x00,0x00,0x00,0x00,0x00,0x1f,0xe0,0x00,0x0f,0xe0,0x00,0x03,0xf0,0x00,0x03,0xf0,0x00,0x03,0x30,0x00,0x07,0x38,0x00,0x07,
  0x18,0x00,0x0e,0x1c,0x00,0x0e,0x1c,0x00,0x0f,0xfc,0x00,0x1f,0xfe,0x00,0x1c,0x0e,0x00,0x38,0x07,0x00,0x38,0x07,0x00,0xfc,
  0x0f,0xc0,0x7c,0x0f,0xc0,0x00,0x00,0x00,0x00,0x00,0x00,0x00,0x00,0x00,0x00,0x00,0x00,0x00,0x00,0x00,0x00,0x00,0x00,0x00,
  0x00,0x00,0x00,0x00,0x00,0x00,0x00,0x00,0x00,0x00,0x00,0x00,0x00,0x00,0x0e,0x00,0x00,0x11,0xb0,0x00,0x00,0xc0,0x00,0x00,
  0x00,0x00,0x00,0x00,0x00,0x1f,0xe0,0x00,0x0f,0xe0,0x00,0x03,0xf0,0x00,0x03,0xf0,0x00,0x03,0x30,0x00,0x07,0x38,0x00,0x07,
  0x18,0x00,0x0e,0x1c,0x00,0x0e,0x1c,0x00,0x0f,0xfc,0x00,0x1f,0xfe,0x00,0x1c,0x0e,0x00,0x38,0x07,0x00,0x38,0x07,0x00,0xfc,
  0x0f,0xc0,0x7c,0x0f,0xc0,0x00,0x00,0x00,0x00,0x00,0x00,0x00,0x00,0x00,0x00,0x00,0x00,0x00,0x00,0x00,0x00,0x00,0x00,0x00,
  0x00,0x00,0x00,0x00,0x00,0x00,0x00,0x00,0x00,0x00,0x00,0x00,0x00,0x00,0x0e,0x38,0x00,0x0e,0x38,0x00,0x04,0x10,0x00,0x00,
  0x00,0x00,0x00,0x00,0x00,0x1f,0xe0,0x00,0x0f,0xe0,0x00,0x03,0xf0,0x00,0x03,0xf0,0x00,0x03,0x30,0x00,0x07,0x38,0x00,0x07,
  0x18,0x00,0x0e,0x1c,0x00,0x0e,0x1c,0x00,0x0f,0xfc,0x00,0x1f,0xfe,0x00,0x1c,0x0e,0x00,0x38,0x07,0x00,0x38,0x07,0x00,0xfc,
  0x0f,0xc0,0x7c,0x0f,0xc0,0x00,0x00,0x00,0x00,0x00,0x00,0x00,0x00,0x00,0x00,0x00,0x00,0x00,0x00,0x00,0x00,0x00,0x00,0x00,
  0x00,0x00,0x00,0x00,0x00,0x00,0x00,0x00,0x01,0xc0,0x00,0x02,0x20,0x00,0x02,0x20,0x00,0x03,0x40,0x00,0x01,0x80,0x00,0x00,
  0x00,0x00,0x00,0x00,0x00,0x1f,0xe0,0x00,0x0f,0xe0,0x00,0x03,0xf0,0x00,0x03,0xf0,0x00,0x03,0x30,0x00,0x07,0x38,0x00,0x07,
  0x18,0x00,0x0e,0x1c,0x00,0x0e,0x1c,0x00,0x0f,0xfc,0x00,0x1f,0xfe,0x00,0x1c,0x0e,0x00,0x38,0x07,0x00,0x38,0x07,0x00,0xfc,
  0x0f,0xc0,0x7c,0x0f,0xc0,0x00,0x00,0x00,0x00,0x00,0x00,0x00,0x00,0x00,0x00,0x00,0x00,0x00,0x00,0x00,0x00,0x00,0x00,0x00,
  0x00,0x00,0x00,0x00,0x00,0x00,0x00,0x00,0x00,0x00,0x00,0x00,0x00,0x00,0x00,0x00,0x00,0x00,0x00,0x00,0x00,0x00,0x00,0x00,
  0x00,0x00,0x00,0x00,0x00,0x0f,0xff,0x80,0x0f,0xff,0x80,0x03,0xe1,0x80,0x07,0xe1,0x80,0x06,0xe1,0x80,0x06,0xe0,0x00,0x06,
  0xec,0x00,0x0e,0xfc,0x00,0x0c,0xfc,0x00,0x0c,0xec,0x00,0x1f,0xe0,0x00,0x1f,0xe0,0x00,0x18,0xe1,0xc0,0x18,0xe1,0xc0,0x7f,
  0xff,0xc0,0x7d,0xff,0x80,0x00,0x00,0x00,0x00,0x00,0x00,0x00,0x00,0x00,0x00,0x00,0x00,0x00,0x00,0x00,0x00,0x00,0x00,0x00,
  0x00,0x00,0x00,0x00,0x00,0x00,0x00,0x00,0x00,0x00,0x00,0x00,0x00,0x00,0x00,0x00,0x00,0x00,0x00,0x00,0x00,0x00,0x00,0x00,
  0x00,0x00,0x00,0x00,0x00,0x07,0xfe,0x00,0x0f,0xfe,0x00,0x1c,0x1e,0x00,0x38,0x0e,0x00,0x30,0x0e,0x00,0x70,0x04,0x00,0x70,
  0x00,0x00,0x70,0x00,0x00,0x70,0x00,0x00,0x70,0x00,0x00,0x70,0x00,0x00,0x30,0x06,0x00,0x38,0x0e,0x00,0x1e,0x1c,0x00,0x0f,
  0xf8,0x00,0x01,0xe0,0x00,0x01,0x80,0x00,0x01,0xc0,0x00,0x01,0xc0,0x00,0x06,0xc0,0x00,0x07,0xc0,0x00,0x01,0x80,0x00,0x00,
  0x00,0x00,0x00,0x00,0x00,0x00,0x00,0x00,0x00,0x00,0x00,0x03,0x00,0x00,0x01,0x80,0x00,0x00,0xe0,0x00,0x00,0x20,0x00,0x00,
  0x00,0x00,0x00,0x00,0x00,0xff,0xfc,0x00,0x7f,0xfc,0x00,0x18,0x0c,0x00,0x18,0x0c,0x00,0x18,0x08,0x00,0x18,0xc0,0x00,0x19,
  0xc0,0x00,0x1f,0xc0,0x00,0x1f,0xc0,0x00,0x18,0xc0,0x00,0x18,0xc0,0x00,0x18,0x0c,0x00,0x18,0x0e,0x00,0x38,0x0e,0x00,0xff,
  0xfe,0x00,0x7f,0xfc,0x00,0x00,0x00,0x00,0x00,0x00,0x00,0x00,0x00,0x00,0x00,0x00,0x00,0x00,0x00,0x00,0x00,0x00,0x00,0x00,
  0x00,0x00,0x00,0x00,0x00,0x00,0x00,0x00,0x00,0x00,0x00,0x00,0x60,0x00,0x00,0xc0,0x00,0x03,0x80,0x00,0x02,0x00,0x00,0x00,
  0x00,0x00,0x00,0x00,0x00,0xff,0xfc,0x00,0x7f,0xfc,0x00,0x18,0x0c,0x00,0x18,0x0c,0x00,0x18,0x08,0x00,0x18,0xc0,0x00,0x19,
  0xc0,0x00,0x1f,0xc0,0x00,0x1f,0xc0,0x00,0x18,0xc0,0x00,0x18,0xc0,0x00,0x18,0x0c,0x00,0x18,0x0e,0x00,0x38,0x0e,0x00,0xff,
  0xfe,0x00,0x7f,0xfc,0x00,0x00,0x00,0x00,0x00,0x00,0x00,0x00,0x00,0x00,0x00,0x00,0x00,0x00,0x00,0x00,0x00,0x00,0x00,0x00,
  0x00,0x00,0x00,0x00,0x00,0x00,0x00,0x00,0x00,0x00,0x00,0x01,0x80,0x00,0x07,0xe0,0x00,0x0e,0x70,0x00,0x08,0x10,0x00,0x00,
  0x00,0x00,0x00,0x00,0x00,0xff,0xfc,0x00,0x7f,0xfc,0x00,0x18,0x0c,0x00,0x18,0x0c,0x00,0x18,0x08,0x00,0x18,0xc0,0x00,0x19,
  0xc0,0x00,0x1f,0xc0,0x00,0x1f,0xc0,0x00,0x18,0xc0,0x00,0x18,0xc0,0x00,0x18,0x0c,0x00,0x18,0x0e,0x00,0x38,0x0e,0x00,0xff,
  0xfe,0x00,0x7f,0xfc,0x00,0x00,0x00,0x00,0x00,0x00,0x00,0x00,0x00,0x00,0x00,0x00,0x00,0x00,0x00,0x00,0x00,0x00,0x00,0x00,
  0x00,0x00,0x00,0x00,0x00,0x00,0x00,0x00,0x00,0x00,0x00,0x00,0x00,0x00,0x06,0x18,0x00,0x0e,0x38,0x00,0x04,0x10,0x00,0x00,
  0x00,0x00,0x00,0x00,0x00,0xff,0xfc,0x00,0x7f,0xfc,0x00,0x18,0x0c,0x00,0x18,0x0c,0x00,0x18,0x08,0x00,0x18,0xc0,0x00,0x19,
  0xc0,0x00,0x1f,0xc0,0x00,0x1f,0xc0,0x00,0x18,0xc0,0x00,0x18,0xc0,0x00,0x18,0x0c,0x00,0x18,0x0e,0x00,0x38,0x0e,0x00,0xff,
  0xfe,0x00,0x7f,0xfc,0x00,0x00,0x00,0x00,0x00,0x00,0x00,0x00,0x00,0x00,0x00,0x00,0x00,0x00,0x00,0x00,0x00,0x00,0x00,0x00,
  0x00,0x00,0x00,0x00,0x00,0x00,0x00,0x00,0x00,0x00,0x00,0x03,0x00,0x00,0x01,0x80,0x00,0x00,0xe0,0x00,0x00,0x20,0x00,0x00,
  0x00,0x00,0x00,0x00,0x00,0x3f,0xfc,0x00,0x1f,0xfc,0x00,0x01,0x80,0x00,0x01,0x80,0x00,0x01,0x80,0x00,0x01,0x80,0x00,0x01,
  0x80,0x00,0x01,0x80,0x00,0x01,0x80,0x00,0x01,0x80,0x00,0x01,0x80,0x00,0x01,0x80,0x00,0x01,0x80,0x00,0x01,0xc0,0x00,0x3f,
  0xfc,0x00,0x1f,0xfc,0x00,0x00,0x00,0x00,0x00,0x00,0x00,0x00,0x00,0x00,0x00,0x00,0x00,0x00,0x00,0x00,0x00,0x00,0x00,0x00,
  0x00,0x00,0x00,0x00,0x00,0x00,0x00,0x00,0x00,0x00,0x00,0x00,0x60,0x00,0x00,0xc0,0x00,0x03,0x80,0x00,0x02,0x00,0x00,0x00,
  0x00,0x00,0x00,0x00,0x00,0x3f,0xfc,0x00,0x1f,0xfc,0x00,0x01,0x80,0x00,0x01,0x80,0x00,0x01,0x80,0x00,0x01,0x80,0x00,0x01,
  0x80,0x00,0x01,0x80,0x00,0x01,0x80,0x00,0x01,0x80,0x00,0x01,0x80,0x00,0x01,0x80,0x00,0x01,0x80,0x00,0x01,0xc0,0x00,0x3f,
  0xfc,0x00,0x1f,0xfc,0x00,0x00,0x00,0x00,0x00,0x00,0x00,0x00,0x00,0x00,0x00,0x00,0x00,0x00,0x00,0x00,0x00,0x00,0x00,0x00,
  0x00,0x00,0x00,0x00,0x00,0x00,0x00,0x00,0x00,0x00,0x00,0x01,0x80,0x00,0x07,0xe0,0x00,0x0e,0x70,0x00,0x08,0x10,0x00,0x00,
  0x00,0x00,0x00,0x00,0x00,0x3f,0xfc,0x00,0x1f,0xfc,0x00,0x01,0x80,0x00,0x01,0x80,0x00,0x01,0x80,0x00,0x01,0x80,0x00,0x01,
  0x80,0x00,0x01,0x80,0x00,0x01,0x80,0x00,0x01,0x80,0x00,0x01,0x80,0x00,0x01,0x80,0x00,0x01,0x80,0x00,0x01,0xc0,0x00,0x3f,
  0xfc,0x00,0x1f,0xfc,0x00,0x00,0x00,0x00,0x00,0x00,0x00,0x00,0x00,0x00,0x00,0x00,0x00,0x00,0x00,0x00,0x00,0x00,0x00,0x00,
  0x00,0x00,0x00,0x00,0x00,0x00,0x00,0x00,0x00,0x00,0x00,0x00,0x00,0x00,0x0e,0x38,0x00,0x0e,0x38,0x00,0x04,0x10,0x00,0x00,
  0x00,0x00,0x00,0x00,0x00,0x3f,0xfc,0x00,0x1f,0xfc,0x00,0x01,0x80,0x00,0x01,0x80,0x00,0x01,0x80,0x00,0x01,0x80,0x00,0x01,
  0x80,0x00,0x01,0x80,0x00,0x01,0x80,0x00,0x01,0x80,0x00,0x01,0x80,0x00,0x01,0x80,0x00,0x01,0x80,0x00,0x01,0xc0,0x00,0x3f,
  0xfc,0x00,0x1f,0xfc,0x00,0x00,0x00,0x00,0x00,0x00,0x00,0x00,0x00,0x00,0x00,0x00,0x00,0x00,0x00,0x00,0x00,0x00,0x00,0x00,
  0x00,0x00,0x00,0x00,0x00,0x00,0x00,0x00,0x00,0x00,0x00,0x00,0x00,0x00,0x00,0x00,0x00,0x00,0x00,0x00,0x00,0x00,0x00,0x00,
  0x00,0x00,0x00,0x00,0x00,0x7f,0xf0,0x00,0x3f,0xf8,0x00,0x1c,0x1c,0x00,0x1c,0x0e,0x00,0x1c,0x06,0x00,0x1c,0x07,0x00,0x1c,
  0x07,0x00,0x7f,0xc7,0x00,0x7f,0x87,0x00,0x1c,0x07,0x00,0x1c,0x07,0x00,0x1c,0x06,0x00,0x1c,0x0e,0x00,0x1c,0x1c,0x00,0x7f,
  0xf8,0x00,0x3f,0xc0,0x00,0x00,0x00,0x00,0x00,0x00,0x00,0x00,0x00,0x00,0x00,0x00,0x00,0x00,0x00,0x00,0x00,0x00,0x00,0x00,
  0x00,0x00,0x00,0x00,0x00,0x00,0x00,0x00,0x00,0x00,0x00,0x00,0x00,0x00,0x03,0x80,0x00,0x04,0x6c,0x00,0x00,0x30,0x00,0x00,
  0x00,0x00,0x00,0x00,0x00,0x7c,0x3f,0x80,0x7e,0x3f,0x80,0x1e,0x06,0x00,0x1f,0x06,0x00,0x1f,0x86,0x00,0x1f,0x86,0x00,0x1d,
  0xc6,0x00,0x1d,0xc6,0x00,0x1c,0xe6,0x00,0x1c,0x76,0x00,0x1c,0x7e,0x00,0x1c,0x3e,0x00,0x1c,0x1e,0x00,0x1c,0x1e,0x00,0x7f,
  0x0e,0x00,0x3f,0x06,0x00,0x00,0x00,0x00,0x00,0x00,0x00,0x00,0x00,0x00,0x00,0x00,0x00,0x00,0x00,0x00,0x00,0x00,0x00,0x00,
  0x00,0x00,0x00,0x00,0x00,0x00,0x00,0x00,0x00,0x00,0x00,0x03,0x00,0x00,0x01,0x80,0x00,0x00,0xe0,0x00,0x00,0x20,0x00,0x00,
  0x00,0x00,0x00,0x00,0x00,0x07,0xe0,0x00,0x0f,0xf8,0x00,0x3c,0x1c,0x00,0x38,0x0c,0x00,0x70,0x0e,0x00,0x70,0x06,0x00,0x60,
  0x06,0x00,0x60,0x07,0x00,0x60,0x07,0x00,0x60,0x06,0x00,0x70,0x06,0x00,0x70,0x0e,0x00,0x38,0x1c,0x00,0x1e,0x38,0x00,0x0f,
  0xf0,0x00,0x01,0xc0,0x00,0x00,0x00,0x00,0x00,0x00,0x00,0x00,0x00,0x00,0x00,0x00,0x00,0x00,0x00,0x00,0x00,0x00,0x00,0x00,
  0x00,0x00,0x00,0x00,0x00,0x00,0x00,0x00,0x00,0x00,0x00,0x00,0x60,0x00,0x00,0xc0,0x00,0x03,0x80,0x00,0x02,0x00,0x00,0x00,
  0x00,0x00,0x00,0x00,0x00,0x07,0xe0,0x00,0x0f,0xf8,0x00,0x3c,0x1c,0x00,0x38,0x0c,0x00,0x70,0x0e,0x00,0x70,0x06,0x00,0x60,
  0x06,0x00,0x60,0x07,0x00,0x60,0x07,0x00,0x60,0x06,0x00,0x70,0x06,0x00,0x70,0x0e,0x00,0x38,0x1c,0x00,0x1e,0x38,0x00,0x0f,
  0xf0,0x00,0x01,0xc0,0x00,0x00,0x00,0x00,0x00,0x00,0x00,0x00,0x00,0x00,0x00,0x00,0x00,0x00,0x00,0x00,0x00,0x00,0x00,0x00,
  0x00,0x00,0x00,0x00,0x00,0x00,0x00,0x00,0x00,0x00,0x00,0x01,0x80,0x00,0x07,0xe0,0x00,0x0e,0x70,0x00,0x08,0x10,0x00,0x00,
  0x00,0x00,0x00,0x00,0x00,0x07,0xe0,0x00,0x0f,0xf8,0x00,0x3c,0x1c,0x00,0x38,0x0c,0x00,0x70,0x0e,0x00,0x70,0x06,0x00,0x60,
  0x06,0x00,0x60,0x07,0x00,0x60,0x07,0x00,0x60,0x06,0x00,0x70,0x06,0x00,0x70,0x0e,0x00,0x38,0x1c,0x00,0x1e,0x38,0x00,0x0f,
  0xf0,0x00,0x01,0xc0,0x00,0x00,0x00,0x00,0x00,0x00,0x00,0x00,0x00,0x00,0x00,0x00,0x00,0x00,0x00,0x00,0x00,0x00,0x00,0x00,
  0x00,0x00,0x00,0x00,0x00,0x00,0x00,0x00,0x00,0x00,0x00,0x00,0x00,0x00,0x07,0x00,0x00,0x08,0xd8,0x00,0x00,0x60,0x00,0x00,
  0x00,0x00,0x00,0x00,0x00,0x07,0xe0,0x00,0x0f,0xf8,0x00,0x3c,0x1c,0x00,0x38,0x0c,0x00,0x70,0x0e,0x00,0x70,0x06,0x00,0x60,
  0x06,0x00,0x60,0x07,0x00,0x60,0x07,0x00,0x60,0x06,0x00,0x70,0x06,0x00,0x70,0x0e,0x00,0x38,0x1c,0x00,0x1e,0x38,0x00,0x0f,
  0xf0,0x00,0x01,0xc0,0x00,0x00,0x00,0x00,0x00,0x00,0x00,0x00,0x00,0x00,0x00,0x00,0x00,0x00,0x00,0x00,0x00,0x00,0x00,0x00,
  0x00,0x00,0x00,0x00,0x00,0x00,0x00,0x00,0x00,0x00,0x00,0x00,0x00,0x00,0x0c,0x30,0x00,0x0e,0x38,0x00,0x04,0x10,0x00,0x00,
  0x00,0x00,0x00,0x00,0x00,0x07,0xe0,0x00,0x0f,0xf8,0x00,0x3c,0x1c,0x00,0x38,0x0c,0x00,0x70,0x0e,0x00,0x70,0x06,0x00,0x60,
  0x06,0x00,0x60,0x07,0x00,0x60,0x07,0x00,0x60,0x06,0x00,0x70,0x06,0x00,0x70,0x0e,0x00,0x38,0x1c,0x00,0x1e,0x38,0x00,0x0f,
  0xf0,0x00,0x01,0xc0,0x00,0x00,0x00,0x00,0x00,0x00,0x00,0x00,0x00,0x00,0x00,0x00,0x00,0x00,0x00,0x00,0x00,0x00,0x00,0x00,
  0x00,0x00,0x00,0x00,0x00,0x00,0x00,0x00,0x00,0x00,0x00,0x00,0x00,0x00,0x00,0x00,0x00,0x00,0x00,0x00,0x00,0x00,0x00,0x00,
  0x00,0x00,0x00,0x00,0x00,0x00,0x00,0x00,0x00,0x00,0x00,0x00,0x00,0x00,0x18,0x18,0x00,0x1c,0x38,0x00,0x0e,0x78,0x00,0x07,
  0xf0,0x00,0x03,0xe0,0x00,0x03,0xc0,0x00,0x07,0xe0,0x00,0x0f,0x70,0x00,0x1e,0x38,0x00,0x1c,0x38,0x00,0x08,0x08,0x00,0x00,
  0x00,0x00,0x00,0x00,0x00,0x00,0x00,0x00,0x00,0x00,0x00,0x00,0x00,0x00,0x00,0x00,0x00,0x00,0x00,0x00,0x00,0x00,0x00,0x00,
  0x00,0x00,0x00,0x00,0x00,0x00,0x00,0x00,0x00,0x00,0x00,0x00,0x00,0x00,0x00,0x00,0x00,0x00,0x00,0x00,0x00,0x00,0x00,0x00,
  0x00,0x00,0x00,0x07,0x00,0x07,0xef,0x00,0x0f,0xfe,0x00,0x1c,0x3c,0x00,0x38,0x3e,0x00,0x70,0x7e,0x00,0x60,0x7e,0x00,0x60,
  0xe7,0x00,0x61,0xc7,0x00,0x63,0x87,0x00,0x77,0x86,0x00,0x77,0x06,0x00,0x7e,0x0e,0x00,0x3c,0x1c,0x00,0x3e,0x38,0x00,0x3f,
  0xf0,0x00,0x71,0xc0,0x00,0xe0,0x00,0x00,0x40,0x00,0x00,0x00,0x00,0x00,0x00,0x00,0x00,0x00,0x00,0x00,0x00,0x00,0x00,0x00,
  0x00,0x00,0x00,0x00,0x00,0x00,0x00,0x00,0x00,0x00,0x00,0x06,0x00,0x00,0x03,0x00,0x00,0x01,0xc0,0x00,0x00,0x40,0x00,0x00,
  0x00,0x00,0x00,0x00,0x00,0xfc,0x3f,0x00,0x7c,0x3f,0x00,0x30,0x0c,0x00,0x30,0x0c,0x00,0x30,0x0c,0x00,0x30,0x0c,0x00,0x30,
  0x0c,0x00,0x30,0x0c,0x00,0x30,0x0c,0x00,0x30,0x0c,0x00,0x30,0x0c,0x00,0x38,0x0c,0x00,0x18,0x1c,0x00,0x1e,0x38,0x00,0x07,
  0xf0,0x00,0x01,0xc0,0x00,0x00,0x00,0x00,0x00,0x00,0x00,0x00,0x00,0x00,0x00,0x00,0x00,0x00,0x00,0x00,0x00,0x00,0x00,0x00,
  0x00,0x00,0x00,0x00,0x00,0x00,0x00,0x00,0x00,0x00,0x00,0x00,0x60,0x00,0x00,0xc0,0x00,0x03,0x80,0x00,0x02,0x00,0x00,0x00,
  0x00,0x00,0x00,0x00,0x00,0xfc,0x3f,0x00,0x7c,0x3f,0x00,0x30,0x0c,0x00,0x30,0x0c,0x00,0x30,0x0c,0x00,0x30,0x0c,0x00,0x30,
  0x0c,0x00,0x30,0x0c,0x00,0x30,0x0c,0x00,0x30,0x0c,0x00,0x30,0x0c,0x00,0x38,0x0c,0x00,0x18,0x1c,0x00,0x1e,0x38,0x00,0x07,
  0xf0,0x00,0x01,0xc0,0x00,0x00,0x00,0x00,0x00,0x00,0x00,0x00,0x00,0x00,0x00,0x00,0x00,0x00,0x00,0x00,0x00,0x00,0x00,0x00,
  0x00,0x00,0x00,0x00,0x00,0x00,0x00,0x00,0x00,0x00,0x00,0x01,0x80,0x00,0x07,0xe0,0x00,0x0e,0x70,0x00,0x08,0x10,0x00,0x00,
  0x00,0x00,0x00,0x00,0x00,0xfc,0x3f,0x00,0x7c,0x3f,0x00,0x30,0x0c,0x00,0x30,0x0c,0x00,0x30,0x0c,0x00,0x30,0x0c,0x00,0x30,
  0x0c,0x00,0x30,0x0c,0x00,0x30,0x0c,0x00,0x30,0x0c,0x00,0x30,0x0c,0x00,0x38,0x0c,0x00,0x18,0x1c,0x00,0x1e,0x38,0x00,0x07,
  0xf0,0x00,0x01,0xc0,0x00,0x00,0x00,0x00,0x00,0x00,0x00,0x00,0x00,0x00,0x00,0x00,0x00,0x00,0x00,0x00,0x00,0x00,0x00,0x00,
  0x00,0x00,0x00,0x00,0x00,0x00,0x00,0x00,0x00,0x00,0x00,0x00,0x00,0x00,0x0c,0x30,0x00,0x0e,0x38,0x00,0x04,0x10,0x00,0x00,
  0x00,0x00,0x00,0x00,0x00,0xfc,0x3f,0x00,0x7c,0x3f,0x00,0x30,0x0c,0x00,0x30,0x0c,0x00,0x30,0x0c,0x00,0x30,0x0c,0x00,0x30,
  0x0c,0x00,0x30,0x0c,0x00,0x30,0x0c,0x00,0x30,0x0c,0x00,0x30,0x0c,0x00,0x38,0x0c,0x00,0x18,0x1c,0x00,0x1e,0x38,0x00,0x07,
  0xf0,0x00,0x01,0xc0,0x00,0x00,0x00,0x00,0x00,0x00,0x00,0x00,0x00,0x00,0x00,0x00,0x00,0x00,0x00,0x00,0x00,0x00,0x00,0x00,
  0x00,0x00,0x00,0x00,0x00,0x00,0x00,0x00,0x00,0x00,0x00,0x00,0xc0,0x00,0x01,0x80,0x00,0x07,0x00,0x00,0x04,0x00,0x00,0x00,
  0x00,0x00,0x00,0x00,0x00,0xfc,0x3f,0x00,0xf8,0x1f,0x00,0x38,0x1c,0x00,0x1c,0x38,0x00,0x0e,0x70,0x00,0x0e,0x70,0x00,0x07,
  0xe0,0x00,0x03,0xc0,0x00,0x03,0xc0,0x00,0x01,0x80,0x00,0x01,0x80,0x00,0x01,0x80,0x00,0x01,0x80,0x00,0x01,0xc0,0x00,0x1f,
  0xf8,0x00,0x0f,0xf8,0x00,0x00,0x00,0x00,0x00,0x00,0x00,0x00,0x00,0x00,0x00,0x00,0x00,0x00,0x00,0x00,0x00,0x00,0x00,0x00,
  0x00,0x00,0x00,0x00,0x00,0x00,0x00,0x00,0x00,0x00,0x00,0x00,0x00,0x00,0x00,0x00,0x00,0x00,0x00,0x00,0x00,0x00,0x00,0x00,
  0x00,0x00,0x00,0x00,0x00,0x3f,0xe0,0x00,0x3f,0xe0,0x00,0x0c,0x00,0x00,0x0e,0x00,0x00,0x0f,0xfc,0x00,0x0f,0xfe,0x00,0x0c,
  0x0e,0x00,0x0c,0x06,0x00,0x0c,0x06,0x00,0x0e,0x0e,0x00,0x0f,0xfc,0x00,0x0f,0xe0,0x00,0x0c,0x00,0x00,0x0e,0x00,0x00,0x3f,
  0xe0,0x00,0x3f,0xe0,0x00,0x00,0x00,0x00,0x00,0x00,0x00,0x00,0x00,0x00,0x00,0x00,0x00,0x00,0x00,0x00,0x00,0x00,0x00,0x00,
  0x00,0x00,0x00,0x00,0x00,0x00,0x00,0x00,0x00,0x00,0x00,0x00,0x00,0x00,0x00,0x00,0x00,0x00,0x00,0x00,0x00,0x00,0x00,0x00,
  0x00,0x00,0x07,0xc0,0x00,0x0f,0xe0,0x00,0x1c,0x70,0x00,0x18,0x30,0x00,0x18,0x30,0x00,0x18,0x70,0x00,0x1b,0xe0,0x00,0x19,
  0xf0,0x00,0x18,0x38,0x00,0x18,0x1c,0x00,0x18,0x1c,0x00,0x18,0x0c,0x00,0x19,0x8c,0x00,0x1b,0x8c,0x00,0x39,0xdc,0x00,0xfd,
  0xf8,0x00,0x7c,0x60,0x00,0x00,0x00,0x00,0x00,0x00,0x00,0x00,0x00,0x00,0x00,0x00,0x00,0x00,0x00,0x00,0x00,0x00,0x00,0x00,
  0x00,0x00,0x00,0x00,0x00,0x00,0x00,0x00,0x00,0x00,0x00,0x00,0x00,0x00,0x00,0x00,0x00,0x00,0x00,0x00,0x00,0x00,0x00,0x03,
  0x00,0x00,0x01,0x80,0x00,0x00,0xe0,0x00,0x00,0x20,0x00,0x00,0x00,0x00,0x00,0x00,0x00,0x0f,0xe0,0x00,0x1f,0xf0,0x00,0x18,
  0x38,0x00,0x00,0x18,0x00,0x00,0x18,0x00,0x0f,0xf8,0x00,0x3f,0xf8,0x00,0x78,0x18,0x00,0x70,0x38,0x00,0x78,0xf8,0x00,0x3f,
  0xfe,0x00,0x0f,0x1e,0x00,0x00,0x00,0x00,0x00,0x00,0x00,0x00,0x00,0x00,0x00,0x00,0x00,0x00,0x00,0x00,0x00,0x00,0x00,0x00,
  0x00,0x00,0x00,0x00,0x00,0x00,0x00,0x00,0x00,0x00,0x00,0x00,0x00,0x00,0x00,0x00,0x00,0x00,0x00,0x00,0x00,0x00,0x00,0x00,
  0x60,0x00,0x00,0xc0,0x00,0x03,0x80,0x00,0x02,0x00,0x00,0x00,0x00,0x00,0x00,0x00,0x00,0x0f,0xe0,0x00,0x1f,0xf0,0x00,0x18,
  0x38,0x00,0x00,0x18,0x00,0x00,0x18,0x00,0x0f,0xf8,0x00,0x3f,0xf8,0x00,0x78,0x18,0x00,0x70,0x38,0x00,0x78,0xf8,0x00,0x3f,
  0xfe,0x00,0x0f,0x1e,0x00,0x00,0x00,0x00,0x00,0x00,0x00,0x00,0x00,0x00,0x00,0x00,0x00,0x00,0x00,0x00,0x00,0x00,0x00,0x00,
  0x00,0x00,0x00,0x00,0x00,0x00,0x00,0x00,0x00,0x00,0x00,0x00,0x00,0x00,0x00,0x00,0x00,0x00,0x00,0x00,0x00,0x00,0x00,0x01,
  0x80,0x00,0x07,0xe0,0x00,0x0e,0x70,0x00,0x08,0x10,0x00,0x00,0x00,0x00,0x00,0x00,0x00,0x0f,0xe0,0x00,0x1f,0xf0,0x00,0x18,
  0x38,0x00,0x00,0x18,0x00,0x00,0x18,0x00,0x0f,0xf8,0x00,0x3f,0xf8,0x00,0x78,0x18,0x00,0x70,0x38,0x00,0x78,0xf8,0x00,0x3f,
  0xfe,0x00,0x0f,0x1e,0x00,0x00,0x00,0x00,0x00,0x00,0x00,0x00,0x00,0x00,0x00,0x00,0x00,0x00,0x00,0x00,0x00,0x00,0x00,0x00,
  0x00,0x00,0x00,0x00,0x00,0x00,0x00,0x00,0x00,0x00,0x00,0x00,0x00,0x00,0x00,0x00,0x00,0x00,0x00,0x00,0x00,0x00,0x00,0x00,
  0x00,0x00,0x07,0x00,0x00,0x08,0xd8,0x00,0x00,0x60,0x00,0x00,0x00,0x00,0x00,0x00,0x00,0x0f,0xe0,0x00,0x1f,0xf0,0x00,0x18,
  0x38,0x00,0x00,0x18,0x00,0x00,0x18,0x00,0x0f,0xf8,0x00,0x3f,0xf8,0x00,0x78,0x18,0x00,0x70,0x38,0x00,0x78,0xf8,0x00,0x3f,
  0xfe,0x00,0x0f,0x1e,0x00,0x00,0x00,0x00,0x00,0x00,0x00,0x00,0x00,0x00,0x00,0x00,0x00,0x00,0x00,0x00,0x00,0x00,0x00,0x00,
  0x00,0x00,0x00,0x00,0x00,0x00,0x00,0x00,0x00,0x00,0x00,0x00,0x00,0x00,0x00,0x00,0x00,0x00,0x00,0x00,0x00,0x00,0x00,0x00,
  0x00,0x00,0x0c,0x30,0x00,0x0e,0x38,0x00,0x04,0x10,0x00,0x00,0x00,0x00,0x00,0x00,0x00,0x0f,0xe0,0x00,0x1f,0xf0,0x00,0x18,
  0x38,0x00,0x00,0x18,0x00,0x00,0x18,0x00,0x0f,0xf8,0x00,0x3f,0xf8,0x00,0x78,0x18,0x00,0x70,0x38,0x00,0x78,0xf8,0x00,0x3f,
  0xfe,0x00,0x0f,0x1e,0x00,0x00,0x00,0x00,0x00,0x00,0x00,0x00,0x00,0x00,0x00,0x00,0x00,0x00,0x00,0x00,0x00,0x00,0x00,0x00,
  0x00,0x00,0x00,0x00,0x00,0x00,0x00,0x00,0x00,0x00,0x00,0x00,0x00,0x00,0x00,0x00,0x00,0x00,0x00,0x00,0x03,0x80,0x00,0x04,
  0x40,0x00,0x04,0x40,0x00,0x06,0x80,0x00,0x03,0x00,0x00,0x00,0x00,0x00,0x00,0x00,0x00,0x0f,0xe0,0x00,0x1f,0xf0,0x00,0x18,
  0x38,0x00,0x00,0x18,0x00,0x00,0x18,0x00,0x0f,0xf8,0x00,0x3f,0xf8,0x00,0x78,0x18,0x00,0x70,0x38,0x00,0x78,0xf8,0x00,0x3f,
  0xfe,0x00,0x0f,0x1e,0x00,0x00,0x00,0x00,0x00,0x00,0x00,0x00,0x00,0x00,0x00,0x00,0x00,0x00,0x00,0x00,0x00,0x00,0x00,0x00,
  0x00,0x00,0x00,0x00,0x00,0x00,0x00,0x00,0x00,0x00,0x00,0x00,0x00,0x00,0x00,0x00,0x00,0x00,0x00,0x00,0x00,0x00,0x00,0x00,
  0x00,0x00,0x00,0x00,0x00,0x00,0x00,0x00,0x00,0x00,0x00,0x00,0x00,0x00,0x00,0x00,0x00,0x1f,0xbe,0x00,0x3f,0xff,0x00,0x10,
  0xf3,0x80,0x00,0xe3,0x80,0x1f,0xe3,0x80,0x7f,0xff,0xc0,0x70,0xff,0x80,0x60,0xe0,0x00,0x61,0xe1,0x80,0x73,0xf3,0xc0,0x3f,
  0xff,0x80,0x0e,0x5c,0x00,0x00,0x00,0x00,0x00,0x00,0x00,0x00,0x00,0x00,0x00,0x00,0x00,0x00,0x00,0x00,0x00,0x00,0x00,0x00,
  0x00,0x00,0x00,0x00,0x00,0x00,0x00,0x00,0x00,0x00,0x00,0x00,0x00,0x00,0x00,0x00,0x00,0x00,0x00,0x00,0x00,0x00,0x00,0x00,
  0x00,0x00,0x00,0x00,0x00,0x00,0x00,0x00,0x00,0x00,0x00,0x00,0x00,0x00,0x00,0x00,0x00,0x07,0xf6,0x00,0x0f,0xfe,0x00,0x1c,
  0x1e,0x00,0x38,0x0e,0x00,0x30,0x04,0x00,0x30,0x00,0x00,0x30,0x00,0x00,0x30,0x00,0x00,0x38,0x06,0x00,0x1e,0x0e,0x00,0x0f,
  0xfc,0x00,0x01,0xe0,0x00,0x01,0x80,0x00,0x01,0xc0,0x00,0x01,0xc0,0x00,0x06,0xc0,0x00,0x07,0xc0,0x00,0x01,0x80,0x00,0x00,
  0x00,0x00,0x00,0x00,0x00,0x00,0x00,0x00,0x00,0x00,0x00,0x00,0x00,0x00,0x00,0x00,0x00,0x00,0x00,0x00,0x00,0x00,0x00,0x06,
  0x00,0x00,0x03,0x00,0x00,0x01,0xc0,0x00,0x00,0x40,0x00,0x00,0x00,0x00,0x00,0x00,0x00,0x07,0xe0,0x00,0x1f,0xf8,0x00,0x38,
  0x3c,0x00,0x78,0x1c,0x00,0x70,0x0e,0x00,0x7f,0xfe,0x00,0x7f,0xfe,0x00,0x70,0x00,0x00,0x38,0x00,0x00,0x3c,0x1e,0x00,0x0f,
  0xfc,0x00,0x03,0xc0,0x00,0x00,0x00,0x00,0x00,0x00,0x00,0x00,0x00,0x00,0x00,0x00,0x00,0x00,0x00,0x00,0x00,0x00,0x00,0x00,
  0x00,0x00,0x00,0x00,0x00,0x00,0x00,0x00,0x00,0x00,0x00,0x00,0x00,0x00,0x00,0x00,0x00,0x00,0x00,0x00,0x00,0x00,0x00,0x00,
  0xc0,0x00,0x01,0x80,0x00,0x07,0x00,0x00,0x04,0x00,0x00,0x00,0x00,0x00,0x00,0x00,0x00,0x07,0xe0,0x00,0x1f,0xf8,0x00,0x38,
  0x3c,0x00,0x78,0x1c,0x00,0x70,0x0e,0x00,0x7f,0xfe,0x00,0x7f,0xfe,0x00,0x70,0x00,0x00,0x38,0x00,0x00,0x3c,0x1e,0x00,0x0f,
  0xfc,0x00,0x03,0xc0,0x00,0x00,0x00,0x00,0x00,0x00,0x00,0x00,0x00,0x00,0x00,0x00,0x00,0x00,0x00,0x00,0x00,0x00,0x00,0x00,
  0x00,0x00,0x00,0x00,0x00,0x00,0x00,0x00,0x00,0x00,0x00,0x00,0x00,0x00,0x00,0x00,0x00,0x00,0x00,0x00,0x00,0x00,0x00,0x01,
  0x80,0x00,0x07,0xe0,0x00,0x0e,0x70,0x00,0x08,0x10,0x00,0x00,0x00,0x00,0x00,0x00,0x00,0x07,0xe0,0x00,0x1f,0xf8,0x00,0x38,
  0x3c,0x00,0x78,0x1c,0x00,0x70,0x0e,0x00,0x7f,0xfe,0x00,0x7f,0xfe,0x00,0x70,0x00,0x00,0x38,0x00,0x00,0x3c,0x1e,0x00,0x0f,
  0xfc,0x00,0x03,0xc0,0x00,0x00,0x00,0x00,0x00,0x00,0x00,0x00,0x00,0x00,0x00,0x00,0x00,0x00,0x00,0x00,0x00,0x00,0x00,0x00,
  0x00,0x00,0x00,0x00,0x00,0x00,0x00,0x00,0x00,0x00,0x00,0x00,0x00,0x00,0x00,0x00,0x00,0x00,0x00,0x00,0x00,0x00,0x00,0x00,
  0x00,0x00,0x0e,0x38,0x00,0x0e,0x38,0x00,0x04,0x10,0x00,0x00,0x00,0x00,0x00,0x00,0x00,0x07,0xe0,0x00,0x1f,0xf8,0x00,0x38,
  0x3c,0x00,0x78,0x1c,0x00,0x70,0x0e,0x00,0x7f,0xfe,0x00,0x7f,0xfe,0x00,0x70,0x00,0x00,0x38,0x00,0x00,0x3c,0x1e,0x00,0x0f,
  0xfc,0x00,0x03,0xc0,0x00,0x00,0x00,0x00,0x00,0x00,0x00,0x00,0x00,0x00,0x00,0x00,0x00,0x00,0x00,0x00,0x00,0x00,0x00,0x00,
  0x00,0x00,0x00,0x00,0x00,0x00,0x00,0x00,0x00,0x00,0x00,0x00,0x00,0x00,0x00,0x00,0x00,0x00,0x00,0x00,0x00,0x00,0x00,0x06,
  0x00,0x00,0x03,0x00,0x00,0x01,0xc0,0x00,0x00,0x40,0x00,0x00,0x00,0x00,0x00,0x00,0x00,0x1f,0x80,0x00,0x1f,0x80,0x00,0x01,
  0x80,0x00,0x01,0x80,0x00,0x01,0x80,0x00,0x01,0x80,0x00,0x01,0x80,0x00,0x01,0x80,0x00,0x01,0x80,0x00,0x01,0xc0,0x00,0x3f,
  0xfc,0x00,0x3f,0xfc,0x00,0x00,0x00,0x00,0x00,0x00,0x00,0x00,0x00,0x00,0x00,0x00,0x00,0x00,0x00,0x00,0x00,0x00,0x00,0x00,
  0x00,0x00,0x00,0x00,0x00,0x00,0x00,0x00,0x00,0x00,0x00,0x00,0x00,0x00,0x00,0x00,0x00,0x00,0x00,0x00,0x00,0x00,0x00,0x01,
  0x80,0x00,0x03,0x00,0x00,0x0e,0x00,0x00,0x08,0x00,0x00,0x00,0x00,0x00,0x00,0x00,0x00,0x1f,0x80,0x00,0x1f,0x80,0x00,0x01,
  0x80,0x00,0x01,0x80,0x00,0x01,0x80,0x00,0x01,0x80,0x00,0x01,0x80,0x00,0x01,0x80,0x00,0x01,0x80,0x00,0x01,0xc0,0x00,0x3f,
  0xfc,0x00,0x3f,0xfc,0x00,0x00,0x00,0x00,0x00,0x00,0x00,0x00,0x00,0x00,0x00,0x00,0x00,0x00,0x00,0x00,0x00,0x00,0x00,0x00,
  0x00,0x00,0x00,0x00,0x00,0x00,0x00,0x00,0x00,0x00,0x00,0x00,0x00,0x00,0x00,0x00,0x00,0x00,0x00,0x00,0x00,0x00,0x00,0x03,
  0x00,0x00,0x0f,0xc0,0x00,0x1c,0xe0,0x00,0x10,0x20,0x00,0x00,0x00,0x00,0x00,0x00,0x00,0x1f,0x80,0x00,0x1f,0x80,0x00,0x01,
  0x80,0x00,0x01,0x80,0x00,0x01,0x80,0x00,0x01,0x80,0x00,0x01,0x80,0x00,0x01,0x80,0x00,0x01,0x80,0x00,0x01,0xc0,0x00,0x3f,
  0xfc,0x00,0x3f,0xfc,0x00,0x00,0x00,0x00,0x00,0x00,0x00,0x00,0x00,0x00,0x00,0x00,0x00,0x00,0x00,0x00,0x00,0x00,0x00,0x00,
  0x00,0x00,0x00,0x00,0x00,0x00,0x00,0x00,0x00,0x00,0x00,0x00,0x00,0x00,0x00,0x00,0x00,0x00,0x00,0x00,0x00,0x00,0x00,0x00,
  0x00,0x00,0x1c,0x70,0x00,0x1c,0x70,0x00,0x08,0x20,0x00,0x00,0x00,0x00,0x00,0x00,0x00,0x1f,0x80,0x00,0x1f,0x80,0x00,0x01,
  0x80,0x00,0x01,0x80,0x00,0x01,0x80,0x00,0x01,0x80,0x00,0x01,0x80,0x00,0x01,0x80,0x00,0x01,0x80,0x00,0x01,0xc0,0x00,0x3f,
  0xfc,0x00,0x3f,0xfc,0x00,0x00,0x00,0x00,0x00,0x00,0x00,0x00,0x00,0x00,0x00,0x00,0x00,0x00,0x00,0x00,0x00,0x00,0x00,0x00,
  0x00,0x00,0x00,0x00,0x00,0x00,0x00,0x00,0x00,0x00,0x00,0x00,0x00,0x00,0x00,0x00,0x00,0x00,0x00,0x00,0x00,0x00,0x00,0x00,
  0x00,0x00,0x07,0x98,0x00,0x03,0xf8,0x00,0x03,0xf0,0x00,0x07,0x38,0x00,0x04,0x18,0x00,0x00,0x1c,0x00,0x0f,0xfc,0x00,0x1f,
  0xfc,0x00,0x38,0x3c,0x00,0x70,0x1c,0x00,0x70,0x0c,0x00,0x70,0x0c,0x00,0x70,0x1c,0x00,0x38,0x1c,0x00,0x3c,0x38,0x00,0x0f,
  0xf0,0x00,0x03,0x80,0x00,0x00,0x00,0x00,0x00,0x00,0x00,0x00,0x00,0x00,0x00,0x00,0x00,0x00,0x00,0x00,0x00,0x00,0x00,0x00,
  0x00,0x00,0x00,0x00,0x00,0x00,0x00,0x00,0x00,0x00,0x00,0x00,0x00,0x00,0x00,0x00,0x00,0x00,0x00,0x00,0x00,0x00,0x00,0x00,
  0x00,0x00,0x0e,0x00,0x00,0x11,0xb0,0x00,0x00,0xc0,0x00,0x00,0x00,0x00,0x00,0x00,0x00,0x7f,0xf0,0x00,0x7f,0xf8,0x00,0x1e,
  0x18,0x00,0x1c,0x1c,0x00,0x18,0x1c,0x00,0x18,0x1c,0x00,0x18,0x1c,0x00,0x18,0x1c,0x00,0x18,0x1c,0x00,0x1c,0x1c,0x00,0x7e,
  0x3f,0x00,0x7e,0x3e,0x00,0x00,0x00,0x00,0x00,0x00,0x00,0x00,0x00,0x00,0x00,0x00,0x00,0x00,0x00,0x00,0x00,0x00,0x00,0x00,
  0x00,0x00,0x00,0x00,0x00,0x00,0x00,0x00,0x00,0x00,0x00,0x00,0x00,0x00,0x00,0x00,0x00,0x00,0x00,0x00,0x00,0x00,0x00,0x03,
  0x00,0x00,0x01,0x80,0x00,0x00,0xe0,0x00,0x00,0x20,0x00,0x00,0x00,0x00,0x00,0x00,0x00,0x07,0xe0,0x00,0x1f,0xf8,0x00,0x3c,
  0x1c,0x00,0x38,0x0c,0x00,0x70,0x0e,0x00,0x70,0x0e,0x00,0x70,0x0e,0x00,0x30,0x0e,0x00,0x38,0x1c,0x00,0x1c,0x3c,0x00,0x0f,
  0xf0,0x00,0x01,0xc0,0x00,0x00,0x00,0x00,0x00,0x00,0x00,0x00,0x00,0x00,0x00,0x00,0x00,0x00,0x00,0x00,0x00,0x00,0x00,0x00,
  0x00,0x00,0x00,0x00,0x00,0x00,0x00,0x00,0x00,0x00,0x00,0x00,0x00,0x00,0x00,0x00,0x00,0x00,0x00,0x00,0x00,0x00,0x00,0x00,
  0x60,0x00,0x00,0xc0,0x00,0x03,0x80,0x00,0x02,0x00,0x00,0x00,0x00,0x00,0x00,0x00,0x00,0x07,0xe0,0x00,0x1f,0xf8,0x00,0x3c,
  0x1c,0x00,0x38,0x0c,0x00,0x70,0x0e,0x00,0x70,0x0e,0x00,0x70,0x0e,0x00,0x30,0x0e,0x00,0x38,0x1c,0x00,0x1c,0x3c,0x00,0x0f,
  0xf0,0x00,0x01,0xc0,0x00,0x00,0x00,0x00,0x00,0x00,0x00,0x00,0x00,0x00,0x00,0x00,0x00,0x00,0x00,0x00,0x00,0x00,0x00,0x00,
  0x00,0x00,0x00,0x00,0x00,0x00,0x00,0x00,0x00,0x00,0x00,0x00,0x00,0x00,0x00,0x00,0x00,0x00,0x00,0x00,0x00,0x00,0x00,0x01,
  0x80,0x00,0x07,0xe0,0x00,0x0e,0x70,0x00,0x08,0x10,0x00,0x00,0x00,0x00,0x00,0x00,0x00,0x07,0xe0,0x00,0x1f,0xf8,0x00,0x3c,
  0x1c,0x00,0x38,0x0c,0x00,0x70,0x0e,0x00,0x70,0x0e,0x00,0x70,0x0e,0x00,0x30,0x0e,0x00,0x38,0x1c,0x00,0x1c,0x3c,0x00,0x0f,
  0xf0,0x00,0x01,0xc0,0x00,0x00,0x00,0x00,0x00,0x00,0x00,0x00,0x00,0x00,0x00,0x00,0x00,0x00,0x00,0x00,0x00,0x00,0x00,0x00,
  0x00,0x00,0x00,0x00,0x00,0x00,0x00,0x00,0x00,0x00,0x00,0x00,0x00,0x00,0x00,0x00,0x00,0x00,0x00,0x00,0x00,0x00,0x00,0x00,
  0x00,0x00,0x07,0x00,0x00,0x08,0xd8,0x00,0x00,0x60,0x00,0x00,0x00,0x00,0x00,0x00,0x00,0x07,0xe0,0x00,0x1f,0xf8,0x00,0x3c,
  0x1c,0x00,0x38,0x0c,0x00,0x70,0x0e,0x00,0x70,0x0e,0x00,0x70,0x0e,0x00,0x30,0x0e,0x00,0x38,0x1c,0x00,0x1c,0x3c,0x00,0x0f,
  0xf0,0x00,0x01,0xc0,0x00,0x00,0x00,0x00,0x00,0x00,0x00,0x00,0x00,0x00,0x00,0x00,0x00,0x00,0x00,0x00,0x00,0x00,0x00,0x00,
  0x00,0x00,0x00,0x00,0x00,0x00,0x00,0x00,0x00,0x00,0x00,0x00,0x00,0x00,0x00,0x00,0x00,0x00,0x00,0x00,0x00,0x00,0x00,0x00,
  0x00,0x00,0x0e,0x38,0x00,0x0e,0x38,0x00,0x04,0x10,0x00,0x00,0x00,0x00,0x00,0x00,0x00,0x07,0xe0,0x00,0x1f,0xf8,0x00,0x3c,
  0x1c,0x00,0x38,0x0c,0x00,0x70,0x0e,0x00,0x70,0x0e,0x00,0x70,0x0e,0x00,0x30,0x0e,0x00,0x38,0x1c,0x00,0x1c,0x3c,0x00,0x0f,
  0xf0,0x00,0x01,0xc0,0x00,0x00,0x00,0x00,0x00,0x00,0x00,0x00,0x00,0x00,0x00,0x00,0x00,0x00,0x00,0x00,0x00,0x00,0x00,0x00,
  0x00,0x00,0x00,0x00,0x00,0x00,0x00,0x00,0x00,0x00,0x00,0x00,0x00,0x00,0x00,0x00,0x00,0x00,0x00,0x00,0x00,0x00,0x00,0x00,
  0x00,0x00,0x00,0x00,0x00,0x00,0x00,0x00,0x01,0x80,0x00,0x01,0x80,0x00,0x00,0x80,0x00,0x00,0x00,0x00,0x00,0x00,0x00,0x00,
  0x00,0x00,0x7f,0xfe,0x00,0x7f,0xfe,0x00,0x3f,0xfc,0x00,0x00,0x00,0x00,0x00,0x00,0x00,0x00,0x00,0x00,0x01,0x80,0x00,0x01,
  0x80,0x00,0x00,0x80,0x00,0x00,0x00,0x00,0x00,0x00,0x00,0x00,0x00,0x00,0x00,0x00,0x00,0x00,0x00,0x00,0x00,0x00,0x00,0x00,
  0x00,0x00,0x00,0x00,0x00,0x00,0x00,0x00,0x00,0x00,0x00,0x00,0x00,0x00,0x00,0x00,0x00,0x00,0x00,0x00,0x00,0x00,0x00,0x00,
  0x00,0x00,0x00,0x00,0x00,0x00,0x00,0x00,0x00,0x00,0x00,0x00,0x00,0x00,0x00,0x06,0x00,0x07,0xee,0x00,0x1f,0xfc,0x00,0x38,
  0x7c,0x00,0x30,0x7c,0x00,0x70,0xfe,0x00,0x61,0xee,0x00,0x73,0xce,0x00,0x77,0x8e,0x00,0x3f,0x1c,0x00,0x3f,0x3c,0x00,0x3f,
  0xf0,0x00,0x7b,0xc0,0x00,0x70,0x00,0x00,0x40,0x00,0x00,0x00,0x00,0x00,0x00,0x00,0x00,0x00,0x00,0x00,0x00,0x00,0x00,0x00,
  0x00,0x00,0x00,0x00,0x00,0x00,0x00,0x00,0x00,0x00,0x00,0x00,0x00,0x00,0x00,0x00,0x00,0x00,0x00,0x00,0x00,0x00,0x00,0x06,
  0x00,0x00,0x03,0x00,0x00,0x01,0xc0,0x00,0x00,0x40,0x00,0x00,0x00,0x00,0x00,0x00,0x00,0xf8,0xfc,0x00,0x78,0x7c,0x00,0x18,
  0x1c,0x00,0x18,0x1c,0x00,0x18,0x1c,0x00,0x18,0x1c,0x00,0x18,0x1c,0x00,0x18,0x1c,0x00,0x18,0x1c,0x00,0x1c,0x7c,0x00,0x0f,
  0xff,0x00,0x03,0x1e,0x00,0x00,0x00,0x00,0x00,0x00,0x00,0x00,0x00,0x00,0x00,0x00,0x00,0x00,0x00,0x00,0x00,0x00,0x00,0x00,
  0x00,0x00,0x00,0x00,0x00,0x00,0x00,0x00,0x00,0x00,0x00,0x00,0x00,0x00,0x00,0x00,0x00,0x00,0x00,0x00,0x00,0x00,0x00,0x00,
  0x60,0x00,0x00,0xc0,0x00,0x03,0x80,0x00,0x02,0x00,0x00,0x00,0x00,0x00,0x00,0x00,0x00,0xf8,0xfc,0x00,0x78,0x7c,0x00,0x18,
  0x1c,0x00,0x18,0x1c,0x00,0x18,0x1c,0x00,0x18,0x1c,0x00,0x18,0x1c,0x00,0x18,0x1c,0x00,0x18,0x1c,0x00,0x1c,0x7c,0x00,0x0f,
  0xff,0x00,0x03,0x1e,0x00,0x00,0x00,0x00,0x00,0x00,0x00,0x00,0x00,0x00,0x00,0x00,0x00,0x00,0x00,0x00,0x00,0x00,0x00,0x00,
  0x00,0x00,0x00,0x00,0x00,0x00,0x00,0x00,0x00,0x00,0x00,0x00,0x00,0x00,0x00,0x00,0x00,0x00,0x00,0x00,0x00,0x00,0x00,0x03,
  0x00,0x00,0x0f,0xc0,0x00,0x1c,0xe0,0x00,0x10,0x20,0x00,0x00,0x00,0x00,0x00,0x00,0x00,0xf8,0xfc,0x00,0x78,0x7c,0x00,0x18,
  0x1c,0x00,0x18,0x1c,0x00,0x18,0x1c,0x00,0x18,0x1c,0x00,0x18,0x1c,0x00,0x18,0x1c,0x00,0x18,0x1c,0x00,0x1c,0x7c,0x00,0x0f,
  0xff,0x00,0x03,0x1e,0x00,0x00,0x00,0x00,0x00,0x00,0x00,0x00,0x00,0x00,0x00,0x00,0x00,0x00,0x00,0x00,0x00,0x00,0x00,0x00,
  0x00,0x00,0x00,0x00,0x00,0x00,0x00,0x00,0x00,0x00,0x00,0x00,0x00,0x00,0x00,0x00,0x00,0x00,0x00,0x00,0x00,0x00,0x00,0x00,
  0x00,0x00,0x1c,0x70,0x00,0x1c,0x70,0x00,0x08,0x20,0x00,0x00,0x00,0x00,0x00,0x00,0x00,0xf8,0xfc,0x00,0x78,0x7c,0x00,0x18,
  0x1c,0x00,0x18,0x1c,0x00,0x18,0x1c,0x00,0x18,0x1c,0x00,0x18,0x1c,0x00,0x18,0x1c,0x00,0x18,0x1c,0x00,0x1c,0x7c,0x00,0x0f,
  0xff,0x00,0x03,0x1e,0x00,0x00,0x00,0x00,0x00,0x00,0x00,0x00,0x00,0x00,0x00,0x00,0x00,0x00,0x00,0x00,0x00,0x00,0x00,0x00,
  0x00,0x00,0x00,0x00,0x00,0x00,0x00,0x00,0x00,0x00,0x00,0x00,0x00,0x00,0x00,0x00,0x00,0x00,0x00,0x00,0x00,0x00,0x00,0x00,
  0x60,0x00,0x00,0xc0,0x00,0x03,0x80,0x00,0x02,0x00,0x00,0x00,0x00,0x00,0x00,0x00,0x00,0xfc,0x3f,0x00,0x7c,0x3e,0x00,0x38,
  0x1c,0x00,0x38,0x18,0x00,0x1c,0x38,0x00,0x0c,0x30,0x00,0x0e,0x70,0x00,0x07,0xe0,0x00,0x07,0xe0,0x00,0x03,0xc0,0x00,0x03,
  0xc0,0x00,0x03,0x80,0x00,0x03,0x80,0x00,0x07,0x00,0x00,0x07,0x00,0x00,0xff,0x80,0x00,0xff,0x80,0x00,0x00,0x00,0x00,0x00,
  0x00,0x00,0x00,0x00,0x00,0x00,0x00,0x00,0x00,0x00,0x00,0x00,0x00,0x00,0x00,0x00,0x00,0x00,0x00,0x00,0x00,0x00,0x00,0x00,
  0x00,0x00,0x7c,0x00,0x00,0x7c,0x00,0x00,0x1c,0x00,0x00,0x1c,0x00,0x00,0x1c,0x00,0x00,0x1f,0xf8,0x00,0x1f,0xfc,0x00,0x1e,
  0x0e,0x00,0x1c,0x07,0x00,0x1c,0x03,0x00,0x1c,0x03,0x00,0x1c,0x03,0x00,0x1c,0x07,0x00,0x1e,0x07,0x00,0x1f,0x1e,0x00,0x1f,
  0xfc,0x00,0x1c,0xe0,0x00,0x1c,0x00,0x00,0x1c,0x00,0x00,0x1c,0x00,0x00,0x7f,0x80,0x00,0x7f,0x80,0x00,0x00,0x00,0x00,0x00,
  0x00,0x00,0x00,0x00,0x00,0x00,0x00,0x00,0x00,0x00,0x00,0x00,0x00,0x00,0x00,0x00,0x00,0x00,0x00,0x00,0x00,0x00,0x00,0x00,
  0x00,0x00,0x1c,0x70,0x00,0x1c,0x70,0x00,0x08,0x20,0x00,0x00,0x00,0x00,0x00,0x00,0x00,0xfc,0x3f,0x00,0x7c,0x3e,0x00,0x38,
  0x1c,0x00,0x38,0x18,0x00,0x1c,0x38,0x00,0x0c,0x30,0x00,0x0e,0x70,0x00,0x07,0xe0,0x00,0x07,0xe0,0x00,0x03,0xc0,0x00,0x03,
  0xc0,0x00,0x03,0x80,0x00,0x03,0x80,0x00,0x07,0x00,0x00,0x07,0x00,0x00,0xff,0x80,0x00,0xff,0x80,0x00,0x00,0x00,0x00,0x00,
  0x00,0x00,0x00,0x00,0x00,0x00,0x00,0x00,
};
static const NextionGlyph nextion_font5_glyphs[224] PROGMEM = {
  {0,17,17,0,0},  // 32 
  {96,17,17,0,0},  // 33 '!'
  {192,17,17,0,0},  // 34 '"'
  {288,17,17,0,0},  // 35 '#'
  {384,17,17,0,0},  // 36 '$'
  {480,17,17,0,0},  // 37 '%'
  {576,17,17,0,0},  // 38 '&'
  {672,17,17,0,0},  // 39 "'"
  {768,17,17,0,0},  // 40 '('
  {864,17,17,0,0},  // 41 ')'
  {960,17,17,0,0},  // 42 '*'
  {1056,17,17,0,0},  // 43 '+'
  {1152,17,17,0,0},  // 44 ','
  {1248,17,17,0,0},  // 45 '-'
  {1344,17,17,0,0},  // 46 '.'
  {1440,17,17,0,0},  // 47 '/'
  {1536,17,17,0,0},  // 48 '0'
  {1632,17,17,0,0},  // 49 '1'
  {1728,17,17,0,0},  // 50 '2'
  {1824,17,17,0,0},  // 51 '3'
  {1920,17,17,0,0},  // 52 '4'
  {2016,17,17,0,0},  // 53 '5'
  {2112,17,17,0,0},  // 54 '6'
  {2208,17,17,0,0},  // 55 '7'
  {2304,17,17,0,0},  // 56 '8'
  {2400,17,17,0,0},  // 57 '9'
  {2496,17,17,0,0},  // 58 ':'
  {2592,17,17,0,0},  // 59 ';'
  {2688,17,18,1,0},  // 60 '<'
  {2784,17,17,0,0},  // 61 '='
  {2880,17,17,0,0},  // 62 '>'
  {2976,17,17,0,0},  // 63 '?'
  {3072,17,17,0,0},  // 64 '@'
  {3168,17,19,1,1},  // 65 'A'
  {3264,17,17,0,0},  // 66 'B'
  {3360,17,17,0,0},  // 67 'C'
  {3456,17,17,0,0},  // 68 'D'
  {3552,17,17,0,0},  // 69 'E'
  {3648,17,17,0,0},  // 70 'F'
  {3744,17,17,0,0},  // 71 'G'
  {3840,17,17,0,0},  // 72 'H'
  {3936,17,17,0,0},  // 73 'I'
  {4032,17,17,0,0},  // 74 'J'
  {4128,17,17,0,0},  // 75 'K'
  {4224,17,17,0,0},  // 76 'L'
  {4320,17,18,1,0},  // 77 'M'
  {4416,17,18,1,0},  // 78 'N'
  {4512,17,17,0,0},  // 79 'O'
  {4608,17,17,0,0},  // 80 'P'
  {4704,17,17,0,0},  // 81 'Q'
  {4800,17,18,0,1},  // 82 'R'
  {4896,17,17,0,0},  // 83 'S'
  {4992,17,17,0,0},  // 84 'T'
  {5088,17,17,0,0},  // 85 'U'
  {5184,17,20,2,1},  // 86 'V'
  {5280,17,18,1,0},  // 87 'W'
  {5376,17,17,0,0},  // 88 'X'
  {5472,17,17,0,0},  // 89 'Y'
  {5568,17,17,0,0},  // 90 'Z'
  {5664,17,17,0,0},  // 91 '['
  {5760,17,17,0,0},  // 92 '\\'
  {5856,17,17,0,0},  // 93 ']'
  {5952,17,17,0,0},  // 94 '^'
  {6048,17,20,2,1},  // 95 '_'
  {6144,17,17,0,0},  // 96 '`'
  {6240,17,17,0,0},  // 97 'a'
  {6336,17,18,1,0},  // 98 'b'
  {6432,17,17,0,0},  // 99 'c'
  {6528,17,17,0,0},  // 100 'd'
  {6624,17,17,0,0},  // 101 'e'
  {6720,17,17,0,0},  // 102 'f'
  {6816,17,17,0,0},  // 103 'g'
  {6912,17,17,0,0},  // 104 'h'
  {7008,17,17,0,0},  // 105 'i'
  {7104,17,17,0,0},  // 106 'j'
  {7200,17,17,0,0},  // 107 'k'
  {7296,17,17,0,0},  // 108 'l'
  {7392,17,18,1,0},  // 109 'm'
  {7488,17,17,0,0},  // 110 'n'
  {7584,17,17,0,0},  // 111 'o'
  {7680,17,18,1,0},  // 112 'p'
  {7776,17,17,0,0},  // 113 'q'
  {7872,17,17,0,0},  // 114 'r'
  {7968,17,17,0,0},  // 115 's'
  {8064,17,17,0,0},  // 116 't'
  {8160,17,17,0,0},  // 117 'u'
  {8256,17,18,1,0},  // 118 'v'
  {8352,17,17,0,0},  // 119 'w'
  {8448,17,17,0,0},  // 120 'x'
  {8544,17,17,0,0},  // 121 'y'
  {8640,17,17,0,0},  // 122 'z'
  {8736,17,17,0,0},  // 123 '{'
  {8832,17,17,0,0},  // 124 '|'
  {8928,17,17,0,0},  // 125 '}'
  {9024,17,17,0,0},  // 126 '~'
  {9120,16,16,0,0},  // 127 
  {9184,17,17,0,0},  // 128 
  {9280,17,17,0,0},  // 129 
  {9376,17,17,0,0},  // 130 
  {9472,17,17,0,0},  // 131 
  {9568,17,17,0,0},  // 132 
  {9664,1,1,0,0},  // 133 
  {9696,17,17,0,0},  // 134 
  {9792,17,17,0,0},  // 135 
  {9888,17,17,0,0},  // 136 
  {9984,17,17,0,0},  // 137 
  {10080,17,17,0,0},  // 138 
  {10176,17,17,0,0},  // 139 
  {10272,17,17,0,0},  // 140 
  {10368,17,17,0,0},  // 141 
  {10464,17,17,0,0},  // 142 
  {10560,17,17,0,0},  // 143 
  {10656,17,17,0,0},  // 144 
  {10752,17,17,0,0},  // 145 
  {10848,17,17,0,0},  // 146 
  {10944,17,17,0,0},  // 147 
  {11040,17,17,0,0},  // 148 
  {11136,17,17,0,0},  // 149 
  {11232,17,17,0,0},  // 150 
  {11328,17,17,0,0},  // 151 
  {11424,17,17,0,0},  // 152 
  {11520,17,17,0,0},  // 153 
  {11616,17,17,0,0},  // 154 
  {11712,17,17,0,0},  // 155 
  {11808,17,17,0,0},  // 156 
  {11904,17,17,0,0},  // 157 
  {12000,17,17,0,0},  // 158 
  {12096,17,17,0,0},  // 159 
  {12192,17,17,0,0},  // 160 
  {12288,17,17,0,0},  // 161 
  {12384,17,17,0,0},  // 162 
  {12480,17,17,0,0},  // 163 
  {12576,17,17,0,0},  // 164 
  {12672,17,17,0,0},  // 165 
  {12768,17,17,0,0},  // 166 
  {12864,17,17,0,0},  // 167 
  {12960,17,17,0,0},  // 168 
  {13056,17,17,0,0},  // 169 
  {13152,17,17,0,0},  // 170 
  {13248,17,17,0,0},  // 171 
  {13344,17,18,1,0},  // 172 
  {13440,1,1,0,0},  // 173 
  {13472,17,17,0,0},  // 174 
  {13568,17,19,1,1},  // 175 
  {13664,17,17,0,0},  // 176 
  {13760,17,17,0,0},  // 177 
  {13856,17,17,0,0},  // 178 
  {13952,17,17,0,0},  // 179 
  {14048,17,17,0,0},  // 180 
  {14144,17,17,0,0},  // 181 
  {14240,17,17,0,0},  // 182 
  {14336,17,17,0,0},  // 183 
  {14432,17,17,0,0},  // 184 
  {14528,17,17,0,0},  // 185 
  {14624,17,17,0,0},  // 186 
  {14720,17,17,0,0},  // 187 
  {14816,17,17,0,0},  // 188 
  {14912,17,18,1,0},  // 189 
  {15008,17,17,0,0},  // 190 
  {15104,17,17,0,0},  // 191 
  {15200,17,19,1,1},  // 192 
  {15296,17,19,1,1},  // 193 
  {15392,17,19,1,1},  // 194 
  {15488,17,19,1,1},  // 195 
  {15584,17,19,1,1},  // 196 
  {15680,17,19,1,1},  // 197 
  {15776,17,18,1,0},  // 198 
  {15872,17,17,0,0},  // 199 
  {15968,17,17,0,0},  // 200 
  {16064,17,17,0,0},  // 201 
  {16160,17,17,0,0},  // 202 
  {16256,17,17,0,0},  // 203 
  {16352,17,17,0,0},  // 204 
  {16448,17,17,0,0},  // 205 
  {16544,17,17,0,0},  // 206 
  {16640,17,17,0,0},  // 207 
  {16736,17,18,1,0},  // 208 
  {16832,17,18,1,0},  // 209 
  {16928,17,17,0,0},  // 210 
  {17024,17,17,0,0},  // 211 
  {17120,17,17,0,0},  // 212 
  {17216,17,17,0,0},  // 213 
  {17312,17,17,0,0},  // 214 
  {17408,17,17,0,0},  // 215 
  {17504,17,17,0,0},  // 216 
  {17600,17,17,0,0},  // 217 
  {17696,17,17,0,0},  // 218 
  {17792,17,17,0,0},  // 219 
  {17888,17,17,0,0},  // 220 
  {17984,17,17,0,0},  // 221 
  {18080,17,17,0,0},  // 222 
  {18176,17,17,0,0},  // 223 
  {18272,17,17,0,0},  // 224 
  {18368,17,17,0,0},  // 225 
  {18464,17,17,0,0},  // 226 
  {18560,17,17,0,0},  // 227 
  {18656,17,17,0,0},  // 228 
  {18752,17,17,0,0},  // 229 
  {18848,17,18,1,0},  // 230 
  {18944,17,17,0,0},  // 231 
  {19040,17,17,0,0},  // 232 
  {19136,17,17,0,0},  // 233 
  {19232,17,17,0,0},  // 234 
  {19328,17,17,0,0},  // 235 
  {19424,17,17,0,0},  // 236 
  {19520,17,17,0,0},  // 237 
  {19616,17,17,0,0},  // 238 
  {19712,17,17,0,0},  // 239 
  {19808,17,17,0,0},  // 240 
  {19904,17,17,0,0},  // 241 
  {20000,17,17,0,0},  // 242 
  {20096,17,17,0,0},  // 243 
  {20192,17,17,0,0},  // 244 
  {20288,17,17,0,0},  // 245 
  {20384,17,17,0,0},  // 246 
  {20480,17,17,0,0},  // 247 
  {20576,17,17,0,0},  // 248 
  {20672,17,17,0,0},  // 249 
  {20768,17,17,0,0},  // 250 
  {20864,17,17,0,0},  // 251 
  {20960,17,17,0,0},  // 252 
  {21056,17,17,0,0},  // 253 
  {21152,17,18,1,0},  // 254 
  {21248,17,17,0,0},  // 255 
};
static const NextionFont nextion_font5 = {32, 32, 255, 224, nextion_font5_glyphs, nextion_font5_bits, 21344};

// font 6: Arial28iso-8859-1  h=28  chars 32..255  (14196 bytes)
static const uint8_t nextion_font6_bits[14196] PROGMEM = {
  0x00,0x00,0x00,0x00,0x00,0x00,0x00,0x00,0x00,0x00,0x00,0x00,0x00,0x00,0x00,0x00,0x00,0x00,0x00,0x00,0x00,0x00,0x00,0x00,
  0x00,0x00,0x00,0x00,0x00,0x00,0x00,0x00,0x00,0x38,0x38,0x38,0x38,0x38,0x38,0x38,0x38,0x38,0x38,0x38,0x38,0x38,0x00,0x00,
  0x38,0x38,0x00,0x00,0x00,0x00,0x00,0x00,0x00,0x00,0x00,0x00,0x00,0x00,0x00,0x00,0x00,0x00,0x66,0x00,0x66,0x00,0x66,0x00,
  0x66,0x00,0x62,0x00,0x22,0x00,0x00,0x00,0x00,0x00,0x00,0x00,0x00,0x00,0x00,0x00,0x00,0x00,0x00,0x00,0x00,0x00,0x00,0x00,
  0x00,0x00,0x00,0x00,0x00,0x00,0x00,0x00,0x00,0x00,0x00,0x00,0x00,0x00,0x00,0x00,0x00,0x00,0x00,0x00,0x00,0x00,0x00,0x00,
  0x00,0x00,0x04,0x30,0x0c,0x30,0x0c,0x20,0x0c,0x20,0x08,0x60,0xff,0xf8,0xff,0xf8,0x18,0x40,0x18,0x40,0x10,0xc0,0x10,0xc0,
  0xff,0xf8,0xff,0xf8,0x21,0x80,0x21,0x80,0x61,0x80,0x61,0x00,0x00,0x00,0x00,0x00,0x00,0x00,0x00,0x00,0x00,0x00,0x00,0x00,
  0x00,0x00,0x00,0x00,0x00,0x00,0x00,0x00,0x02,0x00,0x0f,0x80,0x1f,0xe0,0x3a,0x60,0x32,0x30,0x22,0x00,0x32,0x00,0x3a,0x00,
  0x1f,0x00,0x07,0xe0,0x03,0xf0,0x02,0x30,0x02,0x30,0x62,0x30,0x72,0x30,0x3a,0x70,0x1f,0xe0,0x0f,0x80,0x02,0x00,0x02,0x00,
  0x00,0x00,0x00,0x00,0x00,0x00,0x00,0x00,0x00,0x00,0x00,0x00,0x00,0x00,0x00,0x00,0x00,0x00,0x00,0x00,0x00,0x00,0x00,0x1e,
  0x03,0x00,0x33,0x02,0x00,0x31,0x86,0x00,0x21,0x84,0x00,0x21,0x8c,0x00,0x21,0x88,0x00,0x31,0x98,0x00,0x33,0x30,0x00,0x1e,
  0x33,0xc0,0x00,0x66,0x60,0x00,0x44,0x30,0x00,0xcc,0x30,0x00,0x8c,0x30,0x01,0x8c,0x30,0x01,0x04,0x20,0x03,0x06,0x60,0x02,
  0x03,0xc0,0x00,0x00,0x00,0x00,0x00,0x00,0x00,0x00,0x00,0x00,0x00,0x00,0x00,0x00,0x00,0x00,0x00,0x00,0x00,0x00,0x00,0x00,
  0x00,0x00,0x00,0x00,0x00,0x00,0x00,0x00,0x00,0x00,0x00,0x07,0x80,0x00,0x0f,0xe0,0x00,0x1c,0x60,0x00,0x18,0x60,0x00,0x1c,
  0x60,0x00,0x0e,0xe0,0x00,0x07,0xc0,0x00,0x07,0x00,0x00,0x1f,0x80,0x00,0x39,0xcc,0x00,0x70,0xec,0x00,0x60,0x7c,0x00,0x60,
  0x38,0x00,0x70,0x38,0x00,0x38,0x7c,0x00,0x1f,0xee,0x00,0x0f,0x84,0x00,0x00,0x00,0x00,0x00,0x00,0x00,0x00,0x00,0x00,0x00,
  0x00,0x00,0x00,0x00,0x00,0x00,0x00,0x00,0x00,0x00,0x00,0x00,0x00,0x60,0x60,0x60,0x60,0x60,0x20,0x00,0x00,0x00,0x00,0x00,
  0x00,0x00,0x00,0x00,0x00,0x00,0x00,0x00,0x00,0x00,0x00,0x00,0x00,0x00,0x00,0x00,0x00,0x00,0x00,0x00,0x00,0x00,0x06,0x00,
  0x04,0x00,0x0c,0x00,0x08,0x00,0x18,0x00,0x10,0x00,0x30,0x00,0x30,0x00,0x30,0x00,0x30,0x00,0x30,0x00,0x30,0x00,0x30,0x00,
  0x30,0x00,0x30,0x00,0x30,0x00,0x10,0x00,0x18,0x00,0x08,0x00,0x0c,0x00,0x04,0x00,0x06,0x00,0x00,0x00,0x00,0x00,0x00,0x00,
  0x00,0x00,0x00,0x00,0x00,0x00,0x20,0x00,0x30,0x00,0x18,0x00,0x18,0x00,0x0c,0x00,0x0c,0x00,0x04,0x00,0x06,0x00,0x06,0x00,
  0x06,0x00,0x06,0x00,0x06,0x00,0x06,0x00,0x06,0x00,0x06,0x00,0x0c,0x00,0x0c,0x00,0x0c,0x00,0x18,0x00,0x18,0x00,0x30,0x00,
  0x20,0x00,0x00,0x00,0x00,0x00,0x00,0x00,0x00,0x00,0x00,0x00,0x00,0x00,0x08,0x00,0x08,0x00,0x7f,0x00,0x1c,0x00,0x1e,0x00,
  0x36,0x00,0x02,0x00,0x00,0x00,0x00,0x00,0x00,0x00,0x00,0x00,0x00,0x00,0x00,0x00,0x00,0x00,0x00,0x00,0x00,0x00,0x00,0x00,
  0x00,0x00,0x00,0x00,0x00,0x00,0x00,0x00,0x00,0x00,0x00,0x00,0x00,0x00,0x00,0x00,0x00,0x00,0x00,0x00,0x00,0x00,0x00,0x00,
  0x00,0x00,0x00,0x00,0x03,0x00,0x03,0x00,0x03,0x00,0x03,0x00,0x03,0x00,0x7f,0xf8,0x7f,0xf8,0x03,0x00,0x03,0x00,0x03,0x00,
  0x03,0x00,0x03,0x00,0x00,0x00,0x00,0x00,0x00,0x00,0x00,0x00,0x00,0x00,0x00,0x00,0x00,0x00,0x00,0x00,0x00,0x00,0x00,0x00,
  0x00,0x00,0x00,0x00,0x00,0x00,0x00,0x00,0x00,0x00,0x00,0x00,0x00,0x00,0x00,0x00,0x30,0x30,0x10,0x10,0x10,0x00,0x00,0x00,
  0x00,0x00,0x00,0x00,0x00,0x00,0x00,0x00,0x00,0x00,0x00,0x00,0x00,0x00,0x00,0x00,0x00,0x00,0x00,0x00,0x00,0x00,0x00,0x00,
  0x00,0x00,0x00,0x00,0x00,0x00,0xff,0x00,0xff,0x00,0x00,0x00,0x00,0x00,0x00,0x00,0x00,0x00,0x00,0x00,0x00,0x00,0x00,0x00,
  0x00,0x00,0x00,0x00,0x00,0x00,0x00,0x00,0x00,0x00,0x00,0x00,0x00,0x00,0x00,0x00,0x00,0x00,0x00,0x00,0x00,0x00,0x00,0x00,
  0x00,0x00,0x00,0x00,0x38,0x38,0x00,0x00,0x00,0x00,0x00,0x00,0x00,0x00,0x00,0x00,0x00,0x04,0x04,0x0c,0x0c,0x08,0x18,0x18,
  0x10,0x10,0x30,0x30,0x20,0x60,0x60,0x40,0x40,0xc0,0x00,0x00,0x00,0x00,0x00,0x00,0x00,0x00,0x00,0x00,0x00,0x00,0x00,0x00,
  0x00,0x00,0x07,0x80,0x1f,0xc0,0x38,0xe0,0x30,0x60,0x30,0x30,0x60,0x30,0x60,0x30,0x60,0x30,0x60,0x30,0x60,0x30,0x60,0x30,
  0x60,0x30,0x30,0x30,0x30,0x60,0x38,0xe0,0x1f,0xc0,0x0f,0x80,0x00,0x00,0x00,0x00,0x00,0x00,0x00,0x00,0x00,0x00,0x00,0x00,
  0x00,0x00,0x00,0x00,0x00,0x00,0x00,0x00,0x00,0x00,0x01,0x80,0x03,0x80,0x07,0x80,0x0f,0x80,0x1d,0x80,0x11,0x80,0x01,0x80,
  0x01,0x80,0x01,0x80,0x01,0x80,0x01,0x80,0x01,0x80,0x01,0x80,0x01,0x80,0x01,0x80,0x01,0x80,0x01,0x80,0x00,0x00,0x00,0x00,
  0x00,0x00,0x00,0x00,0x00,0x00,0x00,0x00,0x00,0x00,0x00,0x00,0x00,0x00,0x00,0x00,0x00,0x00,0x0f,0x80,0x3f,0xc0,0x30,0xe0,
  0x60,0x70,0x60,0x30,0x00,0x30,0x00,0x60,0x00,0x60,0x00,0xc0,0x01,0x80,0x03,0x00,0x06,0x00,0x1c,0x00,0x38,0x00,0x30,0x00,
  0x7f,0xf0,0x7f,0xf0,0x00,0x00,0x00,0x00,0x00,0x00,0x00,0x00,0x00,0x00,0x00,0x00,0x00,0x00,0x00,0x00,0x00,0x00,0x00,0x00,
  0x00,0x00,0x0f,0x80,0x1f,0xc0,0x30,0xe0,0x30,0x60,0x00,0x60,0x00,0x60,0x00,0xc0,0x03,0x80,0x07,0xc0,0x00,0x60,0x00,0x30,
  0x00,0x30,0x60,0x30,0x30,0x30,0x38,0x60,0x1f,0xe0,0x0f,0x80,0x00,0x00,0x00,0x00,0x00,0x00,0x00,0x00,0x00,0x00,0x00,0x00,
  0x00,0x00,0x00,0x00,0x00,0x00,0x00,0x00,0x00,0x00,0x00,0xc0,0x01,0xc0,0x01,0xc0,0x03,0xc0,0x06,0xc0,0x06,0xc0,0x0c,0xc0,
  0x18,0xc0,0x30,0xc0,0x30,0xc0,0x60,0xc0,0x7f,0xf0,0x7f,0xf0,0x00,0xc0,0x00,0xc0,0x00,0xc0,0x00,0xc0,0x00,0x00,0x00,0x00,
  0x00,0x00,0x00,0x00,0x00,0x00,0x00,0x00,0x00,0x00,0x00,0x00,0x00,0x00,0x00,0x00,0x00,0x00,0x1f,0xe0,0x1f,0xe0,0x18,0x00,
  0x10,0x00,0x30,0x00,0x37,0x80,0x3f,0xe0,0x38,0x60,0x30,0x30,0x00,0x30,0x00,0x30,0x00,0x30,0x60,0x30,0x30,0x70,0x38,0xe0,
  0x1f,0xc0,0x0f,0x80,0x00,0x00,0x00,0x00,0x00,0x00,0x00,0x00,0x00,0x00,0x00,0x00,0x00,0x00,0x00,0x00,0x00,0x00,0x00,0x00,
  0x00,0x00,0x07,0x80,0x1f,0xe0,0x38,0x60,0x30,0x30,0x60,0x00,0x60,0x00,0x67,0x80,0x7f,0xe0,0x78,0x60,0x70,0x30,0x60,0x30,
  0x60,0x30,0x60,0x30,0x70,0x30,0x38,0x60,0x1f,0xe0,0x0f,0x80,0x00,0x00,0x00,0x00,0x00,0x00,0x00,0x00,0x00,0x00,0x00,0x00,
  0x00,0x00,0x00,0x00,0x00,0x00,0x00,0x00,0x00,0x00,0x7f,0xf0,0x7f,0xf0,0x00,0x60,0x00,0xe0,0x00,0xc0,0x01,0x80,0x01,0x80,
  0x03,0x00,0x03,0x00,0x07,0x00,0x06,0x00,0x06,0x00,0x0c,0x00,0x0c,0x00,0x0c,0x00,0x0c,0x00,0x0c,0x00,0x00,0x00,0x00,0x00,
  0x00,0x00,0x00,0x00,0x00,0x00,0x00,0x00,0x00,0x00,0x00,0x00,0x00,0x00,0x00,0x00,0x00,0x00,0x0f,0x80,0x1f,0xc0,0x38,0xe0,
  0x30,0x60,0x30,0x20,0x30,0x60,0x38,0x60,0x0f,0xc0,0x1f,0xc0,0x38,0x60,0x70,0x30,0x60,0x30,0x60,0x30,0x70,0x30,0x38,0x60,
  0x1f,0xe0,0x0f,0x80,0x00,0x00,0x00,0x00,0x00,0x00,0x00,0x00,0x00,0x00,0x00,0x00,0x00,0x00,0x00,0x00,0x00,0x00,0x00,0x00,
  0x00,0x00,0x0f,0x80,0x1f,0xc0,0x38,0x60,0x30,0x30,0x60,0x30,0x60,0x30,0x60,0x30,0x70,0x30,0x38,0x70,0x1f,0xb0,0x0f,0x30,
  0x00,0x30,0x00,0x30,0x30,0x60,0x30,0xe0,0x1f,0xc0,0x0f,0x00,0x00,0x00,0x00,0x00,0x00,0x00,0x00,0x00,0x00,0x00,0x00,0x00,
  0x00,0x00,0x00,0x00,0x00,0x00,0x00,0x00,0x00,0x38,0x38,0x00,0x00,0x00,0x00,0x00,0x00,0x00,0x00,0x00,0x38,0x38,0x00,0x00,
  0x00,0x00,0x00,0x00,0x00,0x00,0x00,0x00,0x00,0x00,0x00,0x00,0x00,0x30,0x30,0x00,0x00,0x00,0x00,0x00,0x00,0x00,0x00,0x00,
  0x30,0x30,0x10,0x10,0x10,0x00,0x00,0x00,0x00,0x00,0x00,0x00,0x00,0x00,0x00,0x00,0x00,0x00,0x00,0x00,0x00,0x00,0x00,0x00,
  0x00,0x08,0x00,0x78,0x01,0xe0,0x07,0x80,0x1c,0x00,0x70,0x00,0x1c,0x00,0x07,0x80,0x01,0xe0,0x00,0x78,0x00,0x08,0x00,0x00,
  0x00,0x00,0x00,0x00,0x00,0x00,0x00,0x00,0x00,0x00,0x00,0x00,0x00,0x00,0x00,0x00,0x00,0x00,0x00,0x00,0x00,0x00,0x00,0x00,
  0x00,0x00,0x00,0x00,0x00,0x00,0x00,0x00,0x00,0x00,0x00,0x00,0x7f,0xf8,0x7f,0xf8,0x00,0x00,0x00,0x00,0x00,0x00,0x7f,0xf8,
  0x7f,0xf8,0x00,0x00,0x00,0x00,0x00,0x00,0x00,0x00,0x00,0x00,0x00,0x00,0x00,0x00,0x00,0x00,0x00,0x00,0x00,0x00,0x00,0x00,
  0x00,0x00,0x00,0x00,0x00,0x00,0x00,0x00,0x00,0x00,0x00,0x00,0x00,0x00,0x00,0x00,0x40,0x00,0x78,0x00,0x1e,0x00,0x03,0x80,
  0x00,0xe0,0x00,0x38,0x00,0xe0,0x03,0x80,0x1e,0x00,0x78,0x00,0x40,0x00,0x00,0x00,0x00,0x00,0x00,0x00,0x00,0x00,0x00,0x00,
  0x00,0x00,0x00,0x00,0x00,0x00,0x00,0x00,0x00,0x00,0x00,0x00,0x00,0x00,0x00,0x00,0x00,0x00,0x0f,0x80,0x1f,0xe0,0x38,0x70,
  0x70,0x30,0x60,0x30,0x00,0x30,0x00,0x70,0x00,0xe0,0x01,0xc0,0x03,0x80,0x03,0x00,0x03,0x00,0x02,0x00,0x00,0x00,0x00,0x00,
  0x06,0x00,0x06,0x00,0x00,0x00,0x00,0x00,0x00,0x00,0x00,0x00,0x00,0x00,0x00,0x00,0x00,0x00,0x00,0x00,0x00,0x00,0x00,0x00,
  0x00,0x00,0x00,0x00,0x00,0x00,0x00,0x00,0x00,0x00,0x00,0x00,0x00,0x7f,0x00,0x00,0x01,0xff,0xe0,0x00,0x07,0x80,0xf0,0x00,
  0x0e,0x00,0x38,0x00,0x0c,0x38,0xdc,0x00,0x18,0xfe,0x8c,0x00,0x10,0xc7,0x84,0x00,0x31,0x83,0x86,0x00,0x23,0x81,0x86,0x00,
  0x23,0x01,0x86,0x00,0x63,0x01,0x06,0x00,0x63,0x03,0x04,0x00,0x63,0x03,0x0c,0x00,0x23,0x07,0x18,0x00,0x23,0x8f,0x38,0x00,
  0x31,0xfb,0xf0,0x00,0x30,0xf3,0xc0,0x00,0x18,0x00,0x06,0x00,0x0e,0x00,0x0c,0x00,0x07,0x80,0x78,0x00,0x03,0xff,0xf0,0x00,
  0x00,0x7f,0x80,0x00,0x00,0x00,0x00,0x00,0x00,0x00,0x00,0x00,0x00,0x00,0x00,0x00,0x00,0x00,0x00,0x00,0x00,0x00,0x00,0x01,
  0xc0,0x00,0x01,0xc0,0x00,0x01,0xe0,0x00,0x03,0x60,0x00,0x03,0x70,0x00,0x06,0x30,0x00,0x06,0x30,0x00,0x06,0x18,0x00,0x0c,
  0x18,0x00,0x0c,0x1c,0x00,0x1f,0xfc,0x00,0x1f,0xfc,0x00,0x18,0x06,0x00,0x30,0x06,0x00,0x30,0x07,0x00,0x70,0x03,0x00,0x60,
  0x03,0x80,0x00,0x00,0x00,0x00,0x00,0x00,0x00,0x00,0x00,0x00,0x00,0x00,0x00,0x00,0x00,0x00,0x00,0x00,0x00,0x00,0x00,0x00,
  0x00,0x00,0x00,0x00,0x00,0x00,0x00,0x00,0x00,0x00,0x00,0x3f,0xe0,0x00,0x3f,0xf8,0x00,0x30,0x1c,0x00,0x30,0x0c,0x00,0x30,
  0x0c,0x00,0x30,0x0c,0x00,0x30,0x18,0x00,0x3f,0xf0,0x00,0x3f,0xf8,0x00,0x30,0x1c,0x00,0x30,0x0c,0x00,0x30,0x06,0x00,0x30,
  0x06,0x00,0x30,0x0c,0x00,0x30,0x1c,0x00,0x3f,0xf8,0x00,0x3f,0xf0,0x00,0x00,0x00,0x00,0x00,0x00,0x00,0x00,0x00,0x00,0x00,
  0x00,0x00,0x00,0x00,0x00,0x00,0x00,0x00,0x00,0x00,0x00,0x00,0x00,0x00,0x00,0x00,0x00,0x00,0x00,0x00,0x00,0x00,0x00,0x03,
  0xf0,0x00,0x0f,0xfc,0x00,0x1c,0x0e,0x00,0x38,0x06,0x00,0x30,0x07,0x00,0x70,0x00,0x00,0x60,0x00,0x00,0x60,0x00,0x00,0x60,
  0x00,0x00,0x60,0x00,0x00,0x60,0x00,0x00,0x30,0x03,0x00,0x30,0x03,0x00,0x38,0x06,0x00,0x1c,0x0e,0x00,0x0f,0xfc,0x00,0x03,
  0xf0,0x00,0x00,0x00,0x00,0x00,0x00,0x00,0x00,0x00,0x00,0x00,0x00,0x00,0x00,0x00,0x00,0x00,0x00,0x00,0x00,0x00,0x00,0x00,
  0x00,0x00,0x00,0x00,0x00,0x00,0x00,0x00,0x00,0x00,0x00,0x3f,0xe0,0x00,0x3f,0xf8,0x00,0x30,0x1c,0x00,0x30,0x0e,0x00,0x30,
  0x06,0x00,0x30,0x03,0x00,0x30,0x03,0x00,0x30,0x03,0x00,0x30,0x03,0x00,0x30,0x03,0x00,0x30,0x03,0x00,0x30,0x03,0x00,0x30,
  0x06,0x00,0x30,0x0e,0x00,0x30,0x1c,0x00,0x3f,0xf8,0x00,0x3f,0xe0,0x00,0x00,0x00,0x00,0x00,0x00,0x00,0x00,0x00,0x00,0x00,
  0x00,0x00,0x00,0x00,0x00,0x00,0x00,0x00,0x00,0x00,0x00,0x00,0x00,0x00,0x00,0x00,0x00,0x00,0x00,0x00,0x00,0x00,0x00,0x3f,
  0xfc,0x00,0x3f,0xfc,0x00,0x30,0x00,0x00,0x30,0x00,0x00,0x30,0x00,0x00,0x30,0x00,0x00,0x30,0x00,0x00,0x3f,0xfc,0x00,0x3f,
  0xfc,0x00,0x30,0x00,0x00,0x30,0x00,0x00,0x30,0x00,0x00,0x30,0x00,0x00,0x30,0x00,0x00,0x30,0x00,0x00,0x3f,0xfe,0x00,0x3f,
  0xfe,0x00,0x00,0x00,0x00,0x00,0x00,0x00,0x00,0x00,0x00,0x00,0x00,0x00,0x00,0x00,0x00,0x00,0x00,0x00,0x00,0x00,0x00,0x00,
  0x00,0x00,0x00,0x00,0x00,0x00,0x3f,0xfc,0x3f,0xfc,0x30,0x00,0x30,0x00,0x30,0x00,0x30,0x00,0x30,0x00,0x3f,0xf8,0x3f,0xf8,
  0x30,0x00,0x30,0x00,0x30,0x00,0x30,0x00,0x30,0x00,0x30,0x00,0x30,0x00,0x30,0x00,0x00,0x00,0x00,0x00,0x00,0x00,0x00,0x00,
  0x00,0x00,0x00,0x00,0x00,0x00,0x00,0x00,0x00,0x00,0x00,0x00,0x00,0x00,0x00,0x00,0x00,0x00,0x00,0x01,0xf8,0x00,0x07,0xfe,
  0x00,0x1e,0x07,0x00,0x18,0x03,0x00,0x30,0x01,0x80,0x30,0x00,0x00,0x30,0x00,0x00,0x60,0x00,0x00,0x60,0x3f,0x80,0x60,0x3f,
  0x80,0x30,0x01,0x80,0x30,0x01,0x80,0x30,0x01,0x80,0x18,0x01,0x80,0x0e,0x07,0x80,0x07,0xfe,0x00,0x01,0xf8,0x00,0x00,0x00,
  0x00,0x00,0x00,0x00,0x00,0x00,0x00,0x00,0x00,0x00,0x00,0x00,0x00,0x00,0x00,0x00,0x00,0x00,0x00,0x00,0x00,0x00,0x00,0x00,
  0x00,0x00,0x00,0x00,0x00,0x00,0x00,0x30,0x06,0x00,0x30,0x06,0x00,0x30,0x06,0x00,0x30,0x06,0x00,0x30,0x06,0x00,0x30,0x06,
  0x00,0x30,0x06,0x00,0x3f,0xfe,0x00,0x3f,0xfe,0x00,0x30,0x06,0x00,0x30,0x06,0x00,0x30,0x06,0x00,0x30,0x06,0x00,0x30,0x06,
  0x00,0x30,0x06,0x00,0x30,0x06,0x00,0x30,0x06,0x00,0x00,0x00,0x00,0x00,0x00,0x00,0x00,0x00,0x00,0x00,0x00,0x00,0x00,0x00,
  0x00,0x00,0x00,0x00,0x00,0x00,0x00,0x00,0x00,0x30,0x30,0x30,0x30,0x30,0x30,0x30,0x30,0x30,0x30,0x30,0x30,0x30,0x30,0x30,
  0x30,0x30,0x00,0x00,0x00,0x00,0x00,0x00,0x00,0x00,0x00,0x00,0x00,0x00,0x00,0x00,0x00,0x00,0x00,0xc0,0x00,0xc0,0x00,0xc0,
  0x00,0xc0,0x00,0xc0,0x00,0xc0,0x00,0xc0,0x00,0xc0,0x00,0xc0,0x00,0xc0,0x00,0xc0,0x00,0xc0,0x60,0xc0,0x60,0xc0,0x71,0xc0,
  0x3f,0x80,0x1f,0x00,0x00,0x00,0x00,0x00,0x00,0x00,0x00,0x00,0x00,0x00,0x00,0x00,0x00,0x00,0x00,0x00,0x00,0x00,0x00,0x00,
  0x00,0x00,0x00,0x00,0x00,0x00,0x00,0x30,0x0e,0x00,0x30,0x1c,0x00,0x30,0x38,0x00,0x30,0x70,0x00,0x30,0xe0,0x00,0x31,0xc0,
  0x00,0x33,0x80,0x00,0x37,0x80,0x00,0x3f,0xc0,0x00,0x3c,0xc0,0x00,0x38,0xe0,0x00,0x30,0x70,0x00,0x30,0x38,0x00,0x30,0x18,
  0x00,0x30,0x1c,0x00,0x30,0x0e,0x00,0x30,0x07,0x00,0x00,0x00,0x00,0x00,0x00,0x00,0x00,0x00,0x00,0x00,0x00,0x00,0x00,0x00,
  0x00,0x00,0x00,0x00,0x00,0x00,0x00,0x00,0x00,0x00,0x00,0x00,0x00,0x00,0x30,0x00,0x30,0x00,0x30,0x00,0x30,0x00,0x30,0x00,
  0x30,0x00,0x30,0x00,0x30,0x00,0x30,0x00,0x30,0x00,0x30,0x00,0x30,0x00,0x30,0x00,0x30,0x00,0x30,0x00,0x3f,0xf8,0x3f,0xf8,
  0x00,0x00,0x00,0x00,0x00,0x00,0x00,0x00,0x00,0x00,0x00,0x00,0x00,0x00,0x00,0x00,0x00,0x00,0x00,0x00,0x00,0x00,0x00,0x00,
  0x00,0x00,0x00,0x30,0x00,0xc0,0x3c,0x03,0xc0,0x3c,0x03,0xc0,0x34,0x03,0xc0,0x36,0x06,0xc0,0x36,0x06,0xc0,0x36,0x04,0xc0,
  0x33,0x0c,0xc0,0x33,0x0c,0xc0,0x33,0x08,0xc0,0x31,0x98,0xc0,0x31,0x98,0xc0,0x31,0x90,0xc0,0x30,0xb0,0xc0,0x30,0xf0,0xc0,
  0x30,0xe0,0xc0,0x30,0x60,0xc0,0x00,0x00,0x00,0x00,0x00,0x00,0x00,0x00,0x00,0x00,0x00,0x00,0x00,0x00,0x00,0x00,0x00,0x00,
  0x00,0x00,0x00,0x00,0x00,0x00,0x00,0x00,0x00,0x00,0x00,0x00,0x00,0x00,0x00,0x30,0x06,0x00,0x38,0x06,0x00,0x3c,0x06,0x00,
  0x3c,0x06,0x00,0x36,0x06,0x00,0x37,0x06,0x00,0x33,0x06,0x00,0x31,0x86,0x00,0x31,0xc6,0x00,0x30,0xe6,0x00,0x30,0x66,0x00,
  0x30,0x76,0x00,0x30,0x3e,0x00,0x30,0x1e,0x00,0x30,0x0e,0x00,0x30,0x0e,0x00,0x30,0x06,0x00,0x00,0x00,0x00,0x00,0x00,0x00,
  0x00,0x00,0x00,0x00,0x00,0x00,0x00,0x00,0x00,0x00,0x00,0x00,0x00,0x00,0x00,0x00,0x00,0x00,0x00,0x00,0x00,0x00,0x00,0x00,
  0x00,0x00,0x00,0x03,0xf0,0x00,0x0f,0xfc,0x00,0x1e,0x0e,0x00,0x18,0x03,0x00,0x30,0x01,0x80,0x30,0x01,0x80,0x60,0x01,0x80,
  0x60,0x00,0xc0,0x60,0x00,0xc0,0x60,0x00,0xc0,0x60,0x01,0x80,0x30,0x01,0x80,0x30,0x01,0x80,0x18,0x03,0x00,0x1e,0x0e,0x00,
  0x07,0xfc,0x00,0x01,0xf0,0x00,0x00,0x00,0x00,0x00,0x00,0x00,0x00,0x00,0x00,0x00,0x00,0x00,0x00,0x00,0x00,0x00,0x00,0x00,
  0x00,0x00,0x00,0x00,0x00,0x00,0x00,0x00,0x00,0x00,0x00,0x00,0x00,0x00,0x00,0x3f,0xf0,0x00,0x3f,0xfc,0x00,0x30,0x0c,0x00,
  0x30,0x06,0x00,0x30,0x06,0x00,0x30,0x06,0x00,0x30,0x06,0x00,0x30,0x0c,0x00,0x3f,0xfc,0x00,0x3f,0xf0,0x00,0x30,0x00,0x00,
  0x30,0x00,0x00,0x30,0x00,0x00,0x30,0x00,0x00,0x30,0x00,0x00,0x30,0x00,0x00,0x30,0x00,0x00,0x00,0x00,0x00,0x00,0x00,0x00,
  0x00,0x00,0x00,0x00,0x00,0x00,0x00,0x00,0x00,0x00,0x00,0x00,0x00,0x00,0x00,0x00,0x00,0x00,0x00,0x00,0x00,0x00,0x00,0x00,
  0x00,0x00,0x00,0x03,0xf0,0x00,0x0f,0xfc,0x00,0x1c,0x0e,0x00,0x38,0x07,0x00,0x30,0x03,0x00,0x30,0x01,0x80,0x60,0x01,0x80,
  0x60,0x01,0x80,0x60,0x01,0x80,0x60,0x01,0x80,0x60,0x01,0x80,0x30,0x01,0x80,0x30,0x23,0x00,0x18,0x3f,0x00,0x1c,0x1e,0x00,
  0x0f,0xff,0x00,0x03,0xf3,0x80,0x00,0x00,0x80,0x00,0x00,0x00,0x00,0x00,0x00,0x00,0x00,0x00,0x00,0x00,0x00,0x00,0x00,0x00,
  0x00,0x00,0x00,0x00,0x00,0x00,0x00,0x00,0x00,0x00,0x00,0x00,0x00,0x00,0x00,0x3f,0xf8,0x00,0x3f,0xfc,0x00,0x30,0x0e,0x00,
  0x30,0x06,0x00,0x30,0x06,0x00,0x30,0x06,0x00,0x30,0x0e,0x00,0x3f,0xfc,0x00,0x3f,0xf0,0x00,0x30,0x60,0x00,0x30,0x30,0x00,
  0x30,0x18,0x00,0x30,0x1c,0x00,0x30,0x0c,0x00,0x30,0x06,0x00,0x30,0x07,0x00,0x30,0x03,0x00,0x00,0x00,0x00,0x00,0x00,0x00,
  0x00,0x00,0x00,0x00,0x00,0x00,0x00,0x00,0x00,0x00,0x00,0x00,0x00,0x00,0x00,0x00,0x00,0x00,0x00,0x00,0x00,0x00,0x00,0x00,
  0x00,0x00,0x00,0x07,0xe0,0x00,0x1f,0xf8,0x00,0x38,0x18,0x00,0x30,0x0c,0x00,0x30,0x0c,0x00,0x30,0x00,0x00,0x3c,0x00,0x00,
  0x1f,0xc0,0x00,0x07,0xf0,0x00,0x00,0x7c,0x00,0x00,0x0c,0x00,0x60,0x06,0x00,0x60,0x06,0x00,0x30,0x0c,0x00,0x38,0x1c,0x00,
  0x1f,0xf8,0x00,0x07,0xe0,0x00,0x00,0x00,0x00,0x00,0x00,0x00,0x00,0x00,0x00,0x00,0x00,0x00,0x00,0x00,0x00,0x00,0x00,0x00,
  0x00,0x00,0x00,0x00,0x00,0x00,0x00,0x00,0x00,0x00,0x7f,0xfc,0x7f,0xfc,0x03,0x00,0x03,0x00,0x03,0x00,0x03,0x00,0x03,0x00,
  0x03,0x00,0x03,0x00,0x03,0x00,0x03,0x00,0x03,0x00,0x03,0x00,0x03,0x00,0x03,0x00,0x03,0x00,0x03,0x00,0x00,0x00,0x00,0x00,
  0x00,0x00,0x00,0x00,0x00,0x00,0x00,0x00,0x00,0x00,0x00,0x00,0x00,0x00,0x00,0x00,0x00,0x00,0x00,0x00,0x00,0x00,0x00,0x30,
  0x06,0x00,0x30,0x06,0x00,0x30,0x06,0x00,0x30,0x06,0x00,0x30,0x06,0x00,0x30,0x06,0x00,0x30,0x06,0x00,0x30,0x06,0x00,0x30,
  0x06,0x00,0x30,0x06,0x00,0x30,0x06,0x00,0x30,0x06,0x00,0x30,0x06,0x00,0x18,0x06,0x00,0x1c,0x1c,0x00,0x0f,0xf8,0x00,0x03,
  0xf0,0x00,0x00,0x00,0x00,0x00,0x00,0x00,0x00,0x00,0x00,0x00,0x00,0x00,0x00,0x00,0x00,0x00,0x00,0x00,0x00,0x00,0x00,0x00,
  0x00,0x00,0x00,0x00,0x00,0x00,0x00,0x00,0x00,0x00,0x00,0xe0,0x02,0x00,0x60,0x06,0x00,0x60,0x06,0x00,0x30,0x0c,0x00,0x30,
  0x0c,0x00,0x18,0x08,0x00,0x18,0x18,0x00,0x18,0x18,0x00,0x0c,0x30,0x00,0x0c,0x30,0x00,0x06,0x20,0x00,0x06,0x60,0x00,0x06,
  0x40,0x00,0x03,0xc0,0x00,0x03,0xc0,0x00,0x01,0x80,0x00,0x01,0x80,0x00,0x00,0x00,0x00,0x00,0x00,0x00,0x00,0x00,0x00,0x00,
  0x00,0x00,0x00,0x00,0x00,0x00,0x00,0x00,0x00,0x00,0x00,0x00,0x00,0x00,0x00,0x00,0x00,0x00,0x00,0x00,0x00,0x00,0x00,0x60,
  0x38,0x04,0x60,0x38,0x0c,0x60,0x7c,0x0c,0x60,0x6c,0x0c,0x30,0x6c,0x18,0x30,0x64,0x18,0x30,0xc6,0x18,0x30,0xc6,0x10,0x18,
  0xc6,0x30,0x18,0x83,0x30,0x19,0x83,0x20,0x09,0x83,0x20,0x0d,0x83,0x60,0x0d,0x01,0x60,0x0f,0x01,0xc0,0x07,0x01,0xc0,0x07,
  0x00,0xc0,0x00,0x00,0x00,0x00,0x00,0x00,0x00,0x00,0x00,0x00,0x00,0x00,0x00,0x00,0x00,0x00,0x00,0x00,0x00,0x00,0x00,0x00,
  0x00,0x00,0x00,0x00,0x00,0x00,0x00,0x00,0x00,0x00,0x00,0x70,0x0e,0x00,0x38,0x0c,0x00,0x18,0x18,0x00,0x1c,0x38,0x00,0x0e,
  0x70,0x00,0x06,0x60,0x00,0x03,0xc0,0x00,0x03,0xc0,0x00,0x03,0xc0,0x00,0x03,0xc0,0x00,0x06,0xe0,0x00,0x0e,0x70,0x00,0x1c,
  0x30,0x00,0x18,0x38,0x00,0x30,0x1c,0x00,0x70,0x0c,0x00,0xe0,0x06,0x00,0x00,0x00,0x00,0x00,0x00,0x00,0x00,0x00,0x00,0x00,
  0x00,0x00,0x00,0x00,0x00,0x00,0x00,0x00,0x00,0x00,0x00,0x00,0x00,0x00,0x00,0x00,0x00,0x00,0x00,0x00,0x00,0x00,0x00,0x60,
  0x06,0x00,0x70,0x0c,0x00,0x30,0x1c,0x00,0x18,0x18,0x00,0x1c,0x30,0x00,0x0c,0x70,0x00,0x06,0x60,0x00,0x07,0xc0,0x00,0x03,
  0xc0,0x00,0x01,0x80,0x00,0x01,0x80,0x00,0x01,0x80,0x00,0x01,0x80,0x00,0x01,0x80,0x00,0x01,0x80,0x00,0x01,0x80,0x00,0x01,
  0x80,0x00,0x00,0x00,0x00,0x00,0x00,0x00,0x00,0x00,0x00,0x00,0x00,0x00,0x00,0x00,0x00,0x00,0x00,0x00,0x00,0x00,0x00,0x00,
  0x00,0x00,0x00,0x00,0x00,0x00,0x3f,0xfc,0x3f,0xfc,0x00,0x18,0x00,0x30,0x00,0x70,0x00,0xe0,0x01,0xc0,0x01,0x80,0x03,0x00,
  0x06,0x00,0x0e,0x00,0x1c,0x00,0x18,0x00,0x30,0x00,0x60,0x00,0x7f,0xfc,0x7f,0xfc,0x00,0x00,0x00,0x00,0x00,0x00,0x00,0x00,
  0x00,0x00,0x00,0x00,0x00,0x00,0x00,0x00,0x00,0x3c,0x3c,0x30,0x30,0x30,0x30,0x30,0x30,0x30,0x30,0x30,0x30,0x30,0x30,0x30,
  0x30,0x30,0x30,0x30,0x30,0x3c,0x3c,0x00,0x00,0x00,0x00,0x00,0x00,0xc0,0x40,0x40,0x60,0x60,0x20,0x30,0x30,0x10,0x10,0x18,
  0x18,0x08,0x0c,0x0c,0x04,0x04,0x00,0x00,0x00,0x00,0x00,0x00,0x00,0x00,0x00,0x00,0x00,0x78,0x78,0x18,0x18,0x18,0x18,0x18,
  0x18,0x18,0x18,0x18,0x18,0x18,0x18,0x18,0x18,0x18,0x18,0x18,0x18,0x78,0x78,0x00,0x00,0x00,0x00,0x00,0x00,0x00,0x00,0x00,
  0x00,0x00,0x0c,0x00,0x0e,0x00,0x1a,0x00,0x1b,0x00,0x13,0x00,0x31,0x80,0x31,0x80,0x60,0xc0,0x60,0xc0,0x00,0x00,0x00,0x00,
  0x00,0x00,0x00,0x00,0x00,0x00,0x00,0x00,0x00,0x00,0x00,0x00,0x00,0x00,0x00,0x00,0x00,0x00,0x00,0x00,0x00,0x00,0x00,0x00,
  0x00,0x00,0x00,0x00,0x00,0x00,0x00,0x00,0x00,0x00,0x00,0x00,0x00,0x00,0x00,0x00,0x00,0x00,0x00,0x00,0x00,0x00,0x00,0x00,
  0x00,0x00,0x00,0x00,0x00,0x00,0x00,0x00,0x00,0x00,0x00,0x00,0x00,0x00,0x00,0x00,0x00,0x00,0x00,0x00,0x00,0x00,0x00,0x00,
  0x00,0x00,0xff,0xfe,0xff,0xfe,0x00,0x00,0x00,0x00,0x00,0x00,0x00,0x00,0x00,0x00,0x00,0x00,0x70,0x00,0x30,0x00,0x18,0x00,
  0x00,0x00,0x00,0x00,0x00,0x00,0x00,0x00,0x00,0x00,0x00,0x00,0x00,0x00,0x00,0x00,0x00,0x00,0x00,0x00,0x00,0x00,0x00,0x00,
  0x00,0x00,0x00,0x00,0x00,0x00,0x00,0x00,0x00,0x00,0x00,0x00,0x00,0x00,0x00,0x00,0x00,0x00,0x00,0x00,0x00,0x00,0x00,0x00,
  0x00,0x00,0x00,0x00,0x00,0x00,0x00,0x00,0x00,0x00,0x0f,0xc0,0x1f,0xe0,0x30,0x60,0x30,0x70,0x00,0x30,0x00,0xf0,0x1f,0xf0,
  0x3c,0x30,0x60,0x30,0x60,0x70,0x70,0xf0,0x3f,0xb0,0x1e,0x30,0x00,0x00,0x00,0x00,0x00,0x00,0x00,0x00,0x00,0x00,0x00,0x00,
  0x00,0x00,0x00,0x00,0x00,0x00,0x00,0x00,0x00,0x00,0x30,0x00,0x30,0x00,0x30,0x00,0x30,0x00,0x37,0x80,0x3f,0xe0,0x38,0x60,
  0x30,0x30,0x30,0x30,0x30,0x30,0x20,0x30,0x20,0x30,0x30,0x30,0x30,0x30,0x38,0x60,0x3f,0xe0,0x37,0x80,0x00,0x00,0x00,0x00,
  0x00,0x00,0x00,0x00,0x00,0x00,0x00,0x00,0x00,0x00,0x00,0x00,0x00,0x00,0x00,0x00,0x00,0x00,0x00,0x00,0x00,0x00,0x00,0x00,
  0x00,0x00,0x0f,0x80,0x1f,0xc0,0x38,0xe0,0x30,0x60,0x60,0x00,0x60,0x00,0x60,0x00,0x60,0x00,0x60,0x00,0x30,0x30,0x38,0x60,
  0x1f,0xe0,0x0f,0x80,0x00,0x00,0x00,0x00,0x00,0x00,0x00,0x00,0x00,0x00,0x00,0x00,0x00,0x00,0x00,0x00,0x00,0x00,0x00,0x00,
  0x00,0x00,0x00,0x30,0x00,0x30,0x00,0x30,0x00,0x30,0x0f,0x30,0x1f,0xf0,0x38,0xf0,0x30,0x70,0x60,0x30,0x60,0x30,0x60,0x30,
  0x60,0x30,0x60,0x30,0x30,0x70,0x38,0xf0,0x1f,0xb0,0x0f,0x30,0x00,0x00,0x00,0x00,0x00,0x00,0x00,0x00,0x00,0x00,0x00,0x00,
  0x00,0x00,0x00,0x00,0x00,0x00,0x00,0x00,0x00,0x00,0x00,0x00,0x00,0x00,0x00,0x00,0x00,0x00,0x0f,0x80,0x1f,0xe0,0x38,0x60,
  0x30,0x30,0x60,0x30,0x7f,0xf0,0x7f,0xf0,0x60,0x00,0x60,0x00,0x30,0x30,0x38,0x70,0x1f,0xe0,0x0f,0x80,0x00,0x00,0x00,0x00,
  0x00,0x00,0x00,0x00,0x00,0x00,0x00,0x00,0x00,0x00,0x00,0x00,0x00,0x0e,0x1e,0x38,0x30,0x7e,0x7e,0x30,0x30,0x30,0x30,0x30,
  0x30,0x30,0x30,0x30,0x30,0x30,0x00,0x00,0x00,0x00,0x00,0x00,0x00,0x00,0x00,0x00,0x00,0x00,0x00,0x00,0x00,0x00,0x00,0x00,
  0x00,0x00,0x00,0x00,0x00,0x00,0x0f,0x30,0x1f,0xf0,0x38,0xf0,0x30,0x70,0x60,0x30,0x60,0x30,0x60,0x30,0x60,0x30,0x60,0x30,
  0x30,0x70,0x38,0xf0,0x1f,0xf0,0x0f,0x30,0x00,0x30,0x60,0x60,0x30,0xe0,0x3f,0xc0,0x0f,0x80,0x00,0x00,0x00,0x00,0x00,0x00,
  0x00,0x00,0x00,0x00,0x00,0x00,0x30,0x00,0x30,0x00,0x30,0x00,0x30,0x00,0x33,0xc0,0x3f,0xe0,0x38,0x60,0x30,0x60,0x30,0x30,
  0x30,0x30,0x30,0x30,0x30,0x30,0x30,0x30,0x30,0x30,0x30,0x30,0x30,0x30,0x30,0x30,0x00,0x00,0x00,0x00,0x00,0x00,0x00,0x00,
  0x00,0x00,0x00,0x00,0x00,0x00,0x00,0x00,0x00,0x30,0x30,0x00,0x00,0x30,0x30,0x30,0x30,0x30,0x30,0x30,0x30,0x30,0x30,0x30,
  0x30,0x30,0x00,0x00,0x00,0x00,0x00,0x00,0x00,0x00,0x00,0x00,0x00,0x18,0x18,0x00,0x00,0x18,0x18,0x18,0x18,0x18,0x18,0x18,
  0x18,0x18,0x18,0x18,0x18,0x18,0x18,0x18,0x30,0xf0,0xe0,0x00,0x00,0x00,0x00,0x00,0x00,0x00,0x00,0x00,0x00,0x00,0x30,0x00,
  0x30,0x00,0x30,0x00,0x30,0x00,0x30,0x60,0x30,0xc0,0x31,0x80,0x33,0x00,0x36,0x00,0x3e,0x00,0x3f,0x00,0x33,0x00,0x31,0x80,
  0x31,0xc0,0x30,0xc0,0x30,0xe0,0x30,0x60,0x00,0x00,0x00,0x00,0x00,0x00,0x00,0x00,0x00,0x00,0x00,0x00,0x00,0x00,0x00,0x00,
  0x00,0x30,0x30,0x30,0x30,0x30,0x30,0x30,0x30,0x30,0x30,0x30,0x30,0x30,0x30,0x30,0x30,0x30,0x00,0x00,0x00,0x00,0x00,0x00,
  0x00,0x00,0x00,0x00,0x00,0x00,0x00,0x00,0x00,0x00,0x00,0x00,0x00,0x00,0x00,0x00,0x00,0x00,0x00,0x00,0x00,0x00,0x00,0x00,
  0x00,0x00,0x00,0x37,0x87,0x80,0x3f,0xdf,0xc0,0x38,0xf0,0xc0,0x30,0x60,0xc0,0x30,0x60,0xc0,0x30,0x60,0xc0,0x30,0x60,0xc0,
  0x30,0x60,0xc0,0x30,0x60,0xc0,0x30,0x60,0xc0,0x30,0x60,0xc0,0x30,0x60,0xc0,0x30,0x60,0xc0,0x00,0x00,0x00,0x00,0x00,0x00,
  0x00,0x00,0x00,0x00,0x00,0x00,0x00,0x00,0x00,0x00,0x00,0x00,0x00,0x00,0x00,0x00,0x00,0x00,0x00,0x00,0x00,0x00,0x00,0x00,
  0x00,0x00,0x00,0x00,0x00,0x00,0x37,0xc0,0x3f,0xe0,0x38,0x60,0x30,0x70,0x30,0x30,0x30,0x30,0x30,0x30,0x30,0x30,0x30,0x30,
  0x30,0x30,0x30,0x30,0x30,0x30,0x30,0x30,0x00,0x00,0x00,0x00,0x00,0x00,0x00,0x00,0x00,0x00,0x00,0x00,0x00,0x00,0x00,0x00,
  0x00,0x00,0x00,0x00,0x00,0x00,0x00,0x00,0x00,0x00,0x00,0x00,0x00,0x00,0x0f,0x80,0x1f,0xe0,0x38,0x60,0x30,0x30,0x60,0x30,
  0x60,0x30,0x60,0x30,0x60,0x30,0x60,0x30,0x30,0x30,0x38,0x60,0x1f,0xe0,0x0f,0x80,0x00,0x00,0x00,0x00,0x00,0x00,0x00,0x00,
  0x00,0x00,0x00,0x00,0x00,0x00,0x00,0x00,0x00,0x00,0x00,0x00,0x00,0x00,0x00,0x00,0x00,0x00,0x00,0x00,0x00,0x00,0x37,0x80,
  0x3f,0xe0,0x38,0x60,0x30,0x30,0x30,0x30,0x30,0x30,0x30,0x30,0x30,0x30,0x30,0x30,0x30,0x30,0x38,0x60,0x3f,0xe0,0x37,0x80,
  0x30,0x00,0x30,0x00,0x30,0x00,0x30,0x00,0x30,0x00,0x00,0x00,0x00,0x00,0x00,0x00,0x00,0x00,0x00,0x00,0x00,0x00,0x00,0x00,
  0x00,0x00,0x00,0x00,0x00,0x00,0x0f,0x30,0x1f,0xb0,0x38,0xf0,0x30,0x70,0x60,0x30,0x60,0x30,0x60,0x30,0x60,0x30,0x60,0x30,
  0x30,0x70,0x38,0xf0,0x1f,0xf0,0x0f,0x30,0x00,0x30,0x00,0x30,0x00,0x30,0x00,0x30,0x00,0x30,0x00,0x00,0x00,0x00,0x00,0x00,
  0x00,0x00,0x00,0x00,0x00,0x00,0x00,0x00,0x00,0x00,0x00,0x00,0x00,0x00,0x27,0x00,0x3f,0x00,0x38,0x00,0x30,0x00,0x30,0x00,
  0x30,0x00,0x30,0x00,0x30,0x00,0x30,0x00,0x30,0x00,0x30,0x00,0x30,0x00,0x30,0x00,0x00,0x00,0x00,0x00,0x00,0x00,0x00,0x00,
  0x00,0x00,0x00,0x00,0x00,0x00,0x00,0x00,0x00,0x00,0x00,0x00,0x00,0x00,0x00,0x00,0x00,0x00,0x00,0x00,0x00,0x00,0x1f,0x00,
  0x3f,0x80,0x71,0xc0,0x60,0xc0,0x70,0x00,0x3e,0x00,0x1f,0xc0,0x03,0xe0,0x00,0x60,0x60,0x60,0x70,0xe0,0x3f,0xc0,0x1f,0x00,
  0x00,0x00,0x00,0x00,0x00,0x00,0x00,0x00,0x00,0x00,0x00,0x00,0x00,0x00,0x00,0x00,0x00,0x10,0x30,0x30,0x30,0xfc,0xfc,0x30,
  0x30,0x30,0x30,0x30,0x30,0x30,0x30,0x30,0x3c,0x1c,0x00,0x00,0x00,0x00,0x00,0x00,0x00,0x00,0x00,0x00,0x00,0x00,0x00,0x00,
  0x00,0x00,0x00,0x00,0x00,0x00,0x00,0x00,0x00,0x00,0x30,0x30,0x30,0x30,0x30,0x30,0x30,0x30,0x30,0x30,0x30,0x30,0x30,0x30,
  0x30,0x30,0x30,0x30,0x30,0x70,0x38,0xf0,0x1f,0xf0,0x0f,0x30,0x00,0x00,0x00,0x00,0x00,0x00,0x00,0x00,0x00,0x00,0x00,0x00,
  0x00,0x00,0x00,0x00,0x00,0x00,0x00,0x00,0x00,0x00,0x00,0x00,0x00,0x00,0x00,0x00,0x00,0x00,0x60,0x20,0x60,0x60,0x60,0x60,
  0x30,0xc0,0x30,0xc0,0x30,0xc0,0x19,0x80,0x19,0x80,0x09,0x80,0x0f,0x00,0x0f,0x00,0x07,0x00,0x06,0x00,0x00,0x00,0x00,0x00,
  0x00,0x00,0x00,0x00,0x00,0x00,0x00,0x00,0x00,0x00,0x00,0x00,0x00,0x00,0x00,0x00,0x00,0x00,0x00,0x00,0x00,0x00,0x00,0x00,
  0x00,0x00,0x00,0x00,0x00,0x00,0x00,0x00,0x00,0x00,0x00,0xc0,0xc1,0x80,0x41,0xc1,0x80,0x61,0xc1,0x00,0x61,0xe3,0x00,0x61,
  0x63,0x00,0x33,0x62,0x00,0x33,0x66,0x00,0x32,0x36,0x00,0x12,0x36,0x00,0x1e,0x3c,0x00,0x1e,0x3c,0x00,0x0c,0x1c,0x00,0x0c,
  0x18,0x00,0x00,0x00,0x00,0x00,0x00,0x00,0x00,0x00,0x00,0x00,0x00,0x00,0x00,0x00,0x00,0x00,0x00,0x00,0x00,0x00,0x00,0x00,
  0x00,0x00,0x00,0x00,0x00,0x00,0x00,0x00,0x00,0x00,0x00,0x00,0x00,0x00,0x60,0x60,0x30,0xc0,0x39,0x80,0x19,0x80,0x0f,0x00,
  0x0e,0x00,0x06,0x00,0x0f,0x00,0x1b,0x80,0x19,0x80,0x30,0xc0,0x60,0xe0,0x60,0x60,0x00,0x00,0x00,0x00,0x00,0x00,0x00,0x00,
  0x00,0x00,0x00,0x00,0x00,0x00,0x00,0x00,0x00,0x00,0x00,0x00,0x00,0x00,0x00,0x00,0x00,0x00,0x00,0x00,0x00,0x00,0x60,0x60,
  0x60,0x60,0x20,0x60,0x30,0xc0,0x30,0xc0,0x10,0xc0,0x19,0x80,0x19,0x80,0x09,0x80,0x0d,0x00,0x0f,0x00,0x07,0x00,0x06,0x00,
  0x06,0x00,0x06,0x00,0x0c,0x00,0x7c,0x00,0x30,0x00,0x00,0x00,0x00,0x00,0x00,0x00,0x00,0x00,0x00,0x00,0x00,0x00,0x00,0x00,
  0x00,0x00,0x00,0x00,0x00,0x00,0x7f,0xe0,0x7f,0xe0,0x00,0xc0,0x01,0x80,0x03,0x00,0x07,0x00,0x0e,0x00,0x0c,0x00,0x18,0x00,
  0x30,0x00,0x60,0x00,0xff,0xe0,0xff,0xe0,0x00,0x00,0x00,0x00,0x00,0x00,0x00,0x00,0x00,0x00,0x00,0x00,0x00,0x00,0x00,0x00,
  0x00,0x00,0x00,0x00,0x00,0x00,0x06,0x00,0x0e,0x00,0x18,0x00,0x18,0x00,0x18,0x00,0x18,0x00,0x18,0x00,0x18,0x00,0x18,0x00,
  0x30,0x00,0x60,0x00,0x60,0x00,0x30,0x00,0x18,0x00,0x18,0x00,0x18,0x00,0x18,0x00,0x18,0x00,0x18,0x00,0x18,0x00,0x0e,0x00,
  0x06,0x00,0x00,0x00,0x00,0x00,0x00,0x00,0x00,0x30,0x30,0x30,0x30,0x30,0x30,0x30,0x30,0x30,0x30,0x30,0x30,0x30,0x30,0x30,
  0x30,0x30,0x30,0x30,0x30,0x30,0x30,0x30,0x00,0x00,0x00,0x00,0x00,0x00,0x00,0x00,0x00,0x00,0x60,0x00,0x70,0x00,0x18,0x00,
  0x18,0x00,0x18,0x00,0x18,0x00,0x18,0x00,0x18,0x00,0x18,0x00,0x0c,0x00,0x06,0x00,0x06,0x00,0x0c,0x00,0x18,0x00,0x18,0x00,
  0x18,0x00,0x18,0x00,0x18,0x00,0x18,0x00,0x18,0x00,0x70,0x00,0x60,0x00,0x00,0x00,0x00,0x00,0x00,0x00,0x00,0x00,0x00,0x00,
  0x00,0x00,0x00,0x00,0x00,0x00,0x00,0x00,0x00,0x00,0x00,0x00,0x00,0x00,0x00,0x00,0x1c,0x00,0x7f,0x08,0x43,0xf8,0x00,0xe0,
  0x00,0x00,0x00,0x00,0x00,0x00,0x00,0x00,0x00,0x00,0x00,0x00,0x00,0x00,0x00,0x00,0x00,0x00,0x00,0x00,0x00,0x00,0x00,0x00,
  0x00,0x00,0x00,0x00,0x00,0x00,0x00,0x00,0x00,0x00,0x00,0x00,0x00,0x00,0x00,0x00,0x00,0x00,0x00,0x00,0x00,0x00,0x00,0x00,
  0x00,0x00,0x00,0x00,0x00,0x00,0x00,0x00,0x00,0x00,0x00,0x00,0x00,0x00,0x00,0x00,0x00,0x00,0x00,0x00,0x00,0x00,0x00,0x00,
  0x00,0x00,0x00,0x00,0x00,0x00,0x00,0x00,0x00,0x00,0x00,0x00,0x00,0x00,0x00,0x00,0x00,0x00,0x00,0x00,0x00,0x00,0x00,0x00,
  0x00,0x00,0x1f,0xfe,0x00,0x10,0x00,0x00,0x10,0x00,0x00,0x10,0x00,0x00,0x10,0x00,0x00,0x10,0x00,0x00,0x10,0x00,0x00,0x10,
  0x00,0x00,0x10,0x00,0x00,0x10,0x00,0x00,0x10,0x00,0x00,0x10,0x00,0x00,0x10,0x00,0x00,0x10,0x00,0x00,0x10,0x00,0x00,0x1f,
  0xfe,0x00,0x00,0x00,0x00,0x00,0x00,0x00,0x00,0x00,0x00,0x00,0x00,0x00,0x00,0x00,0x00,0x00,0x00,0x00,0x00,0x00,0x00,0x00,
  0x00,0x00,0x00,0x00,0x00,0x00,0x00,0x00,0x00,0x00,0x00,0x00,0x00,0x00,0x1f,0xfe,0x00,0x10,0x00,0x00,0x10,0x00,0x00,0x10,
  0x00,0x00,0x10,0x00,0x00,0x10,0x00,0x00,0x10,0x00,0x00,0x10,0x00,0x00,0x10,0x00,0x00,0x10,0x00,0x00,0x10,0x00,0x00,0x10,
  0x00,0x00,0x10,0x00,0x00,0x10,0x00,0x00,0x10,0x00,0x00,0x1f,0xfe,0x00,0x00,0x00,0x00,0x00,0x00,0x00,0x00,0x00,0x00,0x00,
  0x00,0x00,0x00,0x00,0x00,0x00,0x00,0x00,0x00,0x00,0x00,0x00,0x00,0x00,0x00,0x00,0x00,0x00,0x00,0x00,0x00,0x00,0x00,0x00,
  0x00,0x00,0x1f,0xfe,0x00,0x10,0x00,0x00,0x10,0x00,0x00,0x10,0x00,0x00,0x10,0x00,0x00,0x10,0x00,0x00,0x10,0x00,0x00,0x10,
  0x00,0x00,0x10,0x00,0x00,0x10,0x00,0x00,0x10,0x00,0x00,0x10,0x00,0x00,0x10,0x00,0x00,0x10,0x00,0x00,0x10,0x00,0x00,0x1f,
  0xfe,0x00,0x00,0x00,0x00,0x00,0x00,0x00,0x00,0x00,0x00,0x00,0x00,0x00,0x00,0x00,0x00,0x00,0x00,0x00,0x00,0x00,0x00,0x00,
  0x00,0x00,0x00,0x00,0x00,0x00,0x00,0x00,0x00,0x00,0x00,0x00,0x00,0x00,0x1f,0xfe,0x00,0x10,0x00,0x00,0x10,0x00,0x00,0x10,
  0x00,0x00,0x10,0x00,0x00,0x10,0x00,0x00,0x10,0x00,0x00,0x10,0x00,0x00,0x10,0x00,0x00,0x10,0x00,0x00,0x10,0x00,0x00,0x10,
  0x00,0x00,0x10,0x00,0x00,0x10,0x00,0x00,0x10,0x00,0x00,0x1f,0xfe,0x00,0x00,0x00,0x00,0x00,0x00,0x00,0x00,0x00,0x00,0x00,
  0x00,0x00,0x00,0x00,0x00,0x00,0x00,0x00,0x00,0x00,0x00,0x00,0x00,0x00,0x00,0x00,0x00,0x00,0x00,0x00,0x1f,0xfe,0x10,0x00,
  0x10,0x00,0x10,0x00,0x10,0x00,0x10,0x00,0x10,0x00,0x10,0x00,0x10,0x00,0x10,0x00,0x10,0x00,0x10,0x00,0x10,0x00,0x10,0x00,
  0x10,0x00,0x1f,0xfe,0x00,0x00,0x00,0x00,0x00,0x00,0x00,0x00,0x00,0x00,0x00,0x00,0x00,0x00,0x00,0x00,0x00,0x00,0x00,0x00,
  0x00,0x00,0x00,0x00,0x00,0x00,0x00,0x00,0x00,0x00,0x00,0x00,0x00,0x00,0x00,0x00,0x00,0x00,0x00,0x00,0x00,0x00,0x00,0x00,
  0x00,0x00,0x00,0x00,0x00,0x00,0x00,0x00,0x00,0x00,0x00,0x00,0x00,0x00,0x1f,0xfe,0x00,0x10,0x00,0x00,0x10,0x00,0x00,0x10,
  0x00,0x00,0x10,0x00,0x00,0x10,0x00,0x00,0x10,0x00,0x00,0x10,0x00,0x00,0x10,0x00,0x00,0x10,0x00,0x00,0x10,0x00,0x00,0x10,
  0x00,0x00,0x10,0x00,0x00,0x10,0x00,0x00,0x10,0x00,0x00,0x1f,0xfe,0x00,0x00,0x00,0x00,0x00,0x00,0x00,0x00,0x00,0x00,0x00,
  0x00,0x00,0x00,0x00,0x00,0x00,0x00,0x00,0x00,0x00,0x00,0x00,0x00,0x00,0x00,0x00,0x00,0x00,0x00,0x00,0x00,0x00,0x00,0x00,
  0x00,0x00,0x1f,0xfe,0x00,0x10,0x00,0x00,0x10,0x00,0x00,0x10,0x00,0x00,0x10,0x00,0x00,0x10,0x00,0x00,0x10,0x00,0x00,0x10,
  0x00,0x00,0x10,0x00,0x00,0x10,0x00,0x00,0x10,0x00,0x00,0x10,0x00,0x00,0x10,0x00,0x00,0x10,0x00,0x00,0x10,0x00,0x00,0x1f,
  0xfe,0x00,0x00,0x00,0x00,0x00,0x00,0x00,0x00,0x00,0x00,0x00,0x00,0x00,0x00,0x00,0x00,0x00,0x00,0x00,0x00,0x00,0x00,0x00,
  0x00,0x00,0x00,0x00,0x00,0x00,0x00,0x00,0x00,0x00,0x00,0x00,0x00,0x00,0x1f,0xfe,0x00,0x10,0x00,0x00,0x10,0x00,0x00,0x10,
  0x00,0x00,0x10,0x00,0x00,0x10,0x00,0x00,0x10,0x00,0x00,0x10,0x00,0x00,0x10,0x00,0x00,0x10,0x00,0x00,0x10,0x00,0x00,0x10,
  0x00,0x00,0x10,0x00,0x00,0x10,0x00,0x00,0x10,0x00,0x00,0x1f,0xfe,0x00,0x00,0x00,0x00,0x00,0x00,0x00,0x00,0x00,0x00,0x00,
  0x00,0x00,0x00,0x00,0x00,0x00,0x00,0x00,0x00,0x00,0x00,0x00,0x00,0x00,0x00,0x00,0x00,0x00,0x00,0x00,0x00,0x00,0x00,0x00,
  0x00,0x00,0x1f,0xfe,0x00,0x10,0x00,0x00,0x10,0x00,0x00,0x10,0x00,0x00,0x10,0x00,0x00,0x10,0x00,0x00,0x10,0x00,0x00,0x10,
  0x00,0x00,0x10,0x00,0x00,0x10,0x00,0x00,0x10,0x00,0x00,0x10,0x00,0x00,0x10,0x00,0x00,0x10,0x00,0x00,0x10,0x00,0x00,0x1f,
  0xfe,0x00,0x00,0x00,0x00,0x00,0x00,0x00,0x00,0x00,0x00,0x00,0x00,0x00,0x00,0x00,0x00,0x00,0x00,0x00,0x00,0x00,0x00,0x00,
  0x00,0x00,0x00,0x00,0x00,0x00,0x00,0x00,0x00,0x00,0x00,0x00,0x00,0x00,0x1f,0xfe,0x00,0x10,0x00,0x00,0x10,0x00,0x00,0x10,
  0x00,0x00,0x10,0x00,0x00,0x10,0x00,0x00,0x10,0x00,0x00,0x10,0x00,0x00,0x10,0x00,0x00,0x10,0x00,0x00,0x10,0x00,0x00,0x10,
  0x00,0x00,0x10,0x00,0x00,0x10,0x00,0x00,0x10,0x00,0x00,0x1f,0xfe,0x00,0x00,0x00,0x00,0x00,0x00,0x00,0x00,0x00,0x00,0x00,
  0x00,0x00,0x00,0x00,0x00,0x00,0x00,0x00,0x00,0x00,0x00,0x00,0x00,0x00,0x00,0x00,0x00,0x00,0x00,0x00,0x00,0x00,0x00,0x00,
  0x00,0x00,0x1f,0xfe,0x00,0x10,0x00,0x00,0x10,0x00,0x00,0x10,0x00,0x00,0x10,0x00,0x00,0x10,0x00,0x00,0x10,0x00,0x00,0x10,
  0x00,0x00,0x10,0x00,0x00,0x10,0x00,0x00,0x10,0x00,0x00,0x10,0x00,0x00,0x10,0x00,0x00,0x10,0x00,0x00,0x10,0x00,0x00,0x1f,
  0xfe,0x00,0x00,0x00,0x00,0x00,0x00,0x00,0x00,0x00,0x00,0x00,0x00,0x00,0x00,0x00,0x00,0x00,0x00,0x00,0x00,0x00,0x00,0x00,
  0x00,0x00,0x00,0x00,0x00,0x00,0x00,0x00,0x00,0x00,0x00,0x00,0x00,0x00,0x1f,0xfe,0x00,0x10,0x00,0x00,0x10,0x00,0x00,0x10,
  0x00,0x00,0x10,0x00,0x00,0x10,0x00,0x00,0x10,0x00,0x00,0x10,0x00,0x00,0x10,0x00,0x00,0x10,0x00,0x00,0x10,0x00,0x00,0x10,
  0x00,0x00,0x10,0x00,0x00,0x10,0x00,0x00,0x10,0x00,0x00,0x1f,0xfe,0x00,0x00,0x00,0x00,0x00,0x00,0x00,0x00,0x00,0x00,0x00,
  0x00,0x00,0x00,0x00,0x00,0x00,0x00,0x00,0x00,0x00,0x00,0x00,0x00,0x00,0x00,0x00,0x00,0x00,0x00,0x00,0x00,0x00,0x00,0x00,
  0x00,0x00,0x1f,0xfe,0x00,0x10,0x00,0x00,0x10,0x00,0x00,0x10,0x00,0x00,0x10,0x00,0x00,0x10,0x00,0x00,0x10,0x00,0x00,0x10,
  0x00,0x00,0x10,0x00,0x00,0x10,0x00,0x00,0x10,0x00,0x00,0x10,0x00,0x00,0x10,0x00,0x00,0x10,0x00,0x00,0x10,0x00,0x00,0x1f,
  0xfe,0x00,0x00,0x00,0x00,0x00,0x00,0x00,0x00,0x00,0x00,0x00,0x00,0x00,0x00,0x00,0x00,0x00,0x00,0x00,0x00,0x00,0x00,0x00,
  0x00,0x00,0x00,0x00,0x00,0x00,0x00,0x00,0x00,0x00,0x00,0x00,0x00,0x00,0x1f,0xfe,0x00,0x10,0x00,0x00,0x10,0x00,0x00,0x10,
  0x00,0x00,0x10,0x00,0x00,0x10,0x00,0x00,0x10,0x00,0x00,0x10,0x00,0x00,0x10,0x00,0x00,0x10,0x00,0x00,0x10,0x00,0x00,0x10,
  0x00,0x00,0x10,0x00,0x00,0x10,0x00,0x00,0x10,0x00,0x00,0x1f,0xfe,0x00,0x00,0x00,0x00,0x00,0x00,0x00,0x00,0x00,0x00,0x00,
  0x00,0x00,0x00,0x00,0x00,0x00,0x00,0x00,0x00,0x00,0x00,0x00,0x00,0x00,0x00,0x00,0x00,0x00,0x00,0x00,0x00,0x00,0x00,0x00,
  0x00,0x00,0x1f,0xfe,0x00,0x10,0x00,0x00,0x10,0x00,0x00,0x10,0x00,0x00,0x10,0x00,0x00,0x10,0x00,0x00,0x10,0x00,0x00,0x10,
  0x00,0x00,0x10,0x00,0x00,0x10,0x00,0x00,0x10,0x00,0x00,0x10,0x00,0x00,0x10,0x00,0x00,0x10,0x00,0x00,0x10,0x00,0x00,0x1f,
  0xfe,0x00,0x00,0x00,0x00,0x00,0x00,0x00,0x00,0x00,0x00,0x00,0x00,0x00,0x00,0x00,0x00,0x00,0x00,0x00,0x00,0x00,0x00,0x00,
  0x00,0x00,0x00,0x00,0x00,0x00,0x00,0x00,0x00,0x00,0x00,0x00,0x00,0x00,0x1f,0xfe,0x00,0x10,0x00,0x00,0x10,0x00,0x00,0x10,
  0x00,0x00,0x10,0x00,0x00,0x10,0x00,0x00,0x10,0x00,0x00,0x10,0x00,0x00,0x10,0x00,0x00,0x10,0x00,0x00,0x10,0x00,0x00,0x10,
  0x00,0x00,0x10,0x00,0x00,0x10,0x00,0x00,0x10,0x00,0x00,0x1f,0xfe,0x00,0x00,0x00,0x00,0x00,0x00,0x00,0x00,0x00,0x00,0x00,
  0x00,0x00,0x00,0x00,0x00,0x00,0x00,0x00,0x00,0x00,0x00,0x00,0x00,0x00,0x00,0x00,0x00,0x00,0x00,0x00,0x00,0x00,0x00,0x00,
  0x00,0x00,0x1f,0xfe,0x00,0x10,0x00,0x00,0x10,0x00,0x00,0x10,0x00,0x00,0x10,0x00,0x00,0x10,0x00,0x00,0x10,0x00,0x00,0x10,
  0x00,0x00,0x10,0x00,0x00,0x10,0x00,0x00,0x10,0x00,0x00,0x10,0x00,0x00,0x10,0x00,0x00,0x10,0x00,0x00,0x10,0x00,0x00,0x1f,
  0xfe,0x00,0x00,0x00,0x00,0x00,0x00,0x00,0x00,0x00,0x00,0x00,0x00,0x00,0x00,0x00,0x00,0x00,0x00,0x00,0x00,0x00,0x00,0x00,
  0x00,0x00,0x00,0x00,0x00,0x00,0x00,0x00,0x00,0x00,0x00,0x00,0x00,0x00,0x1f,0xfe,0x00,0x10,0x00,0x00,0x10,0x00,0x00,0x10,
  0x00,0x00,0x10,0x00,0x00,0x10,0x00,0x00,0x10,0x00,0x00,0x10,0x00,0x00,0x10,0x00,0x00,0x10,0x00,0x00,0x10,0x00,0x00,0x10,
  0x00,0x00,0x10,0x00,0x00,0x10,0x00,0x00,0x10,0x00,0x00,0x1f,0xfe,0x00,0x00,0x00,0x00,0x00,0x00,0x00,0x00,0x00,0x00,0x00,
  0x00,0x00,0x00,0x00,0x00,0x00,0x00,0x00,0x00,0x00,0x00,0x00,0x00,0x00,0x00,0x00,0x00,0x00,0x00,0x00,0x00,0x00,0x00,0x00,
  0x00,0x00,0x1f,0xfe,0x00,0x10,0x00,0x00,0x10,0x00,0x00,0x10,0x00,0x00,0x10,0x00,0x00,0x10,0x00,0x00,0x10,0x00,0x00,0x10,
  0x00,0x00,0x10,0x00,0x00,0x10,0x00,0x00,0x10,0x00,0x00,0x10,0x00,0x00,0x10,0x00,0x00,0x10,0x00,0x00,0x10,0x00,0x00,0x1f,
  0xfe,0x00,0x00,0x00,0x00,0x00,0x00,0x00,0x00,0x00,0x00,0x00,0x00,0x00,0x00,0x00,0x00,0x00,0x00,0x00,0x00,0x00,0x00,0x00,
  0x00,0x00,0x00,0x00,0x00,0x00,0x00,0x00,0x00,0x00,0x00,0x00,0x00,0x00,0x1f,0xfe,0x00,0x10,0x00,0x00,0x10,0x00,0x00,0x10,
  0x00,0x00,0x10,0x00,0x00,0x10,0x00,0x00,0x10,0x00,0x00,0x10,0x00,0x00,0x10,0x00,0x00,0x10,0x00,0x00,0x10,0x00,0x00,0x10,
  0x00,0x00,0x10,0x00,0x00,0x10,0x00,0x00,0x10,0x00,0x00,0x1f,0xfe,0x00,0x00,0x00,0x00,0x00,0x00,0x00,0x00,0x00,0x00,0x00,
  0x00,0x00,0x00,0x00,0x00,0x00,0x00,0x00,0x00,0x00,0x00,0x00,0x00,0x00,0x00,0x00,0x00,0x00,0x00,0x00,0x00,0x00,0x00,0x00,
  0x00,0x00,0x1f,0xfe,0x00,0x10,0x00,0x00,0x10,0x00,0x00,0x10,0x00,0x00,0x10,0x00,0x00,0x10,0x00,0x00,0x10,0x00,0x00,0x10,
  0x00,0x00,0x10,0x00,0x00,0x10,0x00,0x00,0x10,0x00,0x00,0x10,0x00,0x00,0x10,0x00,0x00,0x10,0x00,0x00,0x10,0x00,0x00,0x1f,
  0xfe,0x00,0x00,0x00,0x00,0x00,0x00,0x00,0x00,0x00,0x00,0x00,0x00,0x00,0x00,0x00,0x00,0x00,0x00,0x00,0x00,0x00,0x00,0x00,
  0x00,0x00,0x00,0x00,0x00,0x00,0x00,0x00,0x00,0x00,0x00,0x00,0x00,0x00,0x1f,0xfe,0x00,0x10,0x00,0x00,0x10,0x00,0x00,0x10,
  0x00,0x00,0x10,0x00,0x00,0x10,0x00,0x00,0x10,0x00,0x00,0x10,0x00,0x00,0x10,0x00,0x00,0x10,0x00,0x00,0x10,0x00,0x00,0x10,
  0x00,0x00,0x10,0x00,0x00,0x10,0x00,0x00,0x10,0x00,0x00,0x1f,0xfe,0x00,0x00,0x00,0x00,0x00,0x00,0x00,0x00,0x00,0x00,0x00,
  0x00,0x00,0x00,0x00,0x00,0x00,0x00,0x00,0x00,0x00,0x00,0x00,0x00,0x00,0x00,0x00,0x00,0x00,0x00,0x00,0x00,0x00,0x00,0x00,
  0x00,0x00,0x1f,0xfe,0x00,0x10,0x00,0x00,0x10,0x00,0x00,0x10,0x00,0x00,0x10,0x00,0x00,0x10,0x00,0x00,0x10,0x00,0x00,0x10,
  0x00,0x00,0x10,0x00,0x00,0x10,0x00,0x00,0x10,0x00,0x00,0x10,0x00,0x00,0x10,0x00,0x00,0x10,0x00,0x00,0x10,0x00,0x00,0x1f,
  0xfe,0x00,0x00,0x00,0x00,0x00,0x00,0x00,0x00,0x00,0x00,0x00,0x00,0x00,0x00,0x00,0x00,0x00,0x00,0x00,0x00,0x00,0x00,0x00,
  0x00,0x00,0x00,0x00,0x00,0x00,0x00,0x00,0x00,0x00,0x00,0x00,0x00,0x00,0x1f,0xfe,0x00,0x10,0x00,0x00,0x10,0x00,0x00,0x10,
  0x00,0x00,0x10,0x00,0x00,0x10,0x00,0x00,0x10,0x00,0x00,0x10,0x00,0x00,0x10,0x00,0x00,0x10,0x00,0x00,0x10,0x00,0x00,0x10,
  0x00,0x00,0x10,0x00,0x00,0x10,0x00,0x00,0x10,0x00,0x00,0x1f,0xfe,0x00,0x00,0x00,0x00,0x00,0x00,0x00,0x00,0x00,0x00,0x00,
  0x00,0x00,0x00,0x00,0x00,0x00,0x00,0x00,0x00,0x00,0x00,0x00,0x00,0x00,0x00,0x00,0x00,0x00,0x00,0x00,0x00,0x00,0x00,0x00,
  0x00,0x00,0x1f,0xfe,0x00,0x10,0x00,0x00,0x10,0x00,0x00,0x10,0x00,0x00,0x10,0x00,0x00,0x10,0x00,0x00,0x10,0x00,0x00,0x10,
  0x00,0x00,0x10,0x00,0x00,0x10,0x00,0x00,0x10,0x00,0x00,0x10,0x00,0x00,0x10,0x00,0x00,0x10,0x00,0x00,0x10,0x00,0x00,0x1f,
  0xfe,0x00,0x00,0x00,0x00,0x00,0x00,0x00,0x00,0x00,0x00,0x00,0x00,0x00,0x00,0x00,0x00,0x00,0x00,0x00,0x00,0x00,0x00,0x00,
  0x00,0x00,0x00,0x00,0x00,0x00,0x00,0x00,0x00,0x00,0x00,0x00,0x00,0x00,0x1f,0xfe,0x00,0x10,0x00,0x00,0x10,0x00,0x00,0x10,
  0x00,0x00,0x10,0x00,0x00,0x10,0x00,0x00,0x10,0x00,0x00,0x10,0x00,0x00,0x10,0x00,0x00,0x10,0x00,0x00,0x10,0x00,0x00,0x10,
  0x00,0x00,0x10,0x00,0x00,0x10,0x00,0x00,0x10,0x00,0x00,0x1f,0xfe,0x00,0x00,0x00,0x00,0x00,0x00,0x00,0x00,0x00,0x00,0x00,
  0x00,0x00,0x00,0x00,0x00,0x00,0x00,0x00,0x00,0x00,0x00,0x00,0x00,0x00,0x00,0x00,0x00,0x00,0x00,0x00,0x00,0x00,0x00,0x00,
  0x00,0x00,0x1f,0xfe,0x00,0x10,0x00,0x00,0x10,0x00,0x00,0x10,0x00,0x00,0x10,0x00,0x00,0x10,0x00,0x00,0x10,0x00,0x00,0x10,
  0x00,0x00,0x10,0x00,0x00,0x10,0x00,0x00,0x10,0x00,0x00,0x10,0x00,0x00,0x10,0x00,0x00,0x10,0x00,0x00,0x10,0x00,0x00,0x1f,
  0xfe,0x00,0x00,0x00,0x00,0x00,0x00,0x00,0x00,0x00,0x00,0x00,0x00,0x00,0x00,0x00,0x00,0x00,0x00,0x00,0x00,0x00,0x00,0x00,
  0x00,0x00,0x00,0x00,0x00,0x00,0x00,0x00,0x00,0x00,0x00,0x00,0x00,0x00,0x1f,0xfe,0x00,0x10,0x00,0x00,0x10,0x00,0x00,0x10,
  0x00,0x00,0x10,0x00,0x00,0x10,0x00,0x00,0x10,0x00,0x00,0x10,0x00,0x00,0x10,0x00,0x00,0x10,0x00,0x00,0x10,0x00,0x00,0x10,
  0x00,0x00,0x10,0x00,0x00,0x10,0x00,0x00,0x10,0x00,0x00,0x1f,0xfe,0x00,0x00,0x00,0x00,0x00,0x00,0x00,0x00,0x00,0x00,0x00,
  0x00,0x00,0x00,0x00,0x00,0x00,0x00,0x00,0x00,0x00,0x00,0x00,0x00,0x00,0x00,0x00,0x00,0x00,0x00,0x00,0x00,0x00,0x00,0x00,
  0x00,0x00,0x1f,0xfe,0x00,0x10,0x00,0x00,0x10,0x00,0x00,0x10,0x00,0x00,0x10,0x00,0x00,0x10,0x00,0x00,0x10,0x00,0x00,0x10,
  0x00,0x00,0x10,0x00,0x00,0x10,0x00,0x00,0x10,0x00,0x00,0x10,0x00,0x00,0x10,0x00,0x00,0x10,0x00,0x00,0x10,0x00,0x00,0x1f,
  0xfe,0x00,0x00,0x00,0x00,0x00,0x00,0x00,0x00,0x00,0x00,0x00,0x00,0x00,0x00,0x00,0x00,0x00,0x00,0x00,0x00,0x00,0x00,0x00,
  0x00,0x00,0x00,0x00,0x00,0x00,0x00,0x00,0x00,0x00,0x00,0x00,0x00,0x00,0x1f,0xfe,0x00,0x10,0x00,0x00,0x10,0x00,0x00,0x10,
  0x00,0x00,0x10,0x00,0x00,0x10,0x00,0x00,0x10,0x00,0x00,0x10,0x00,0x00,0x10,0x00,0x00,0x10,0x00,0x00,0x10,0x00,0x00,0x10,
  0x00,0x00,0x10,0x00,0x00,0x10,0x00,0x00,0x10,0x00,0x00,0x1f,0xfe,0x00,0x00,0x00,0x00,0x00,0x00,0x00,0x00,0x00,0x00,0x00,
  0x00,0x00,0x00,0x00,0x00,0x00,0x00,0x00,0x00,0x00,0x00,0x00,0x00,0x00,0x00,0x00,0x00,0x00,0x00,0x00,0x00,0x00,0x00,0x00,
  0x00,0x00,0x1f,0xfe,0x00,0x10,0x00,0x00,0x10,0x00,0x00,0x10,0x00,0x00,0x10,0x00,0x00,0x10,0x00,0x00,0x10,0x00,0x00,0x10,
  0x00,0x00,0x10,0x00,0x00,0x10,0x00,0x00,0x10,0x00,0x00,0x10,0x00,0x00,0x10,0x00,0x00,0x10,0x00,0x00,0x10,0x00,0x00,0x1f,
  0xfe,0x00,0x00,0x00,0x00,0x00,0x00,0x00,0x00,0x00,0x00,0x00,0x00,0x00,0x00,0x00,0x00,0x00,0x00,0x00,0x00,0x00,0x00,0x00,
  0x00,0x00,0x00,0x00,0x00,0x00,0x00,0x00,0x00,0x00,0x00,0x00,0x00,0x00,0x00,0x00,0x00,0x00,0x00,0x00,0x00,0x00,0x00,0x00,
  0x00,0x00,0x00,0x00,0x00,0x00,0x00,0x00,0x00,0x00,0x00,0x00,0x00,0x00,0x00,0x00,0x00,0x00,0x18,0x00,0x18,0x00,0x00,0x00,
  0x00,0x00,0x18,0x00,0x18,0x00,0x18,0x00,0x18,0x00,0x18,0x00,0x18,0x00,0x18,0x00,0x18,0x00,0x18,0x00,0x18,0x00,0x18,0x00,
  0x18,0x00,0x18,0x00,0x18,0x00,0x00,0x00,0x00,0x00,0x00,0x00,0x00,0x00,0x00,0x00,0x00,0x00,0x00,0x40,0x00,0x40,0x00,0xc0,
  0x00,0x80,0x07,0x80,0x1f,0xc0,0x39,0xe0,0x31,0x70,0x61,0x00,0x63,0x00,0x62,0x00,0x62,0x00,0x72,0x30,0x34,0x60,0x3c,0x60,
  0x1f,0xc0,0x0f,0x80,0x08,0x00,0x08,0x00,0x18,0x00,0x10,0x00,0x10,0x00,0x00,0x00,0x00,0x00,0x00,0x00,0x00,0x00,0x00,0x00,
  0x00,0x00,0x07,0x80,0x1f,0xe0,0x38,0x70,0x30,0x30,0x30,0x00,0x30,0x00,0x30,0x00,0x30,0x00,0x7f,0x00,0x7f,0x00,0x18,0x00,
  0x18,0x00,0x18,0x00,0x30,0x00,0x7e,0x10,0x7f,0xf0,0x40,0xf0,0x00,0x00,0x00,0x00,0x00,0x00,0x00,0x00,0x00,0x00,0x00,0x00,
  0x00,0x00,0x00,0x00,0x00,0x00,0x00,0x00,0x00,0x00,0x00,0x00,0x00,0x00,0x00,0x00,0x20,0x20,0x67,0x30,0x3f,0xe0,0x18,0xc0,
  0x30,0x60,0x30,0x60,0x30,0x60,0x30,0x60,0x18,0xe0,0x3f,0xe0,0x67,0x30,0x20,0x20,0x00,0x00,0x00,0x00,0x00,0x00,0x00,0x00,
  0x00,0x00,0x00,0x00,0x00,0x00,0x00,0x00,0x00,0x00,0x00,0x00,0x00,0x00,0x00,0x00,0x00,0x00,0xc0,0x38,0x60,0x30,0x60,0x60,
  0x30,0x60,0x18,0xc0,0x18,0xc0,0x0d,0x80,0x0f,0x80,0x7f,0xf0,0x7f,0xf0,0x02,0x00,0x02,0x00,0x7f,0xf0,0x7f,0xf0,0x02,0x00,
  0x02,0x00,0x02,0x00,0x00,0x00,0x00,0x00,0x00,0x00,0x00,0x00,0x00,0x00,0x00,0x00,0x00,0x00,0x00,0x00,0x00,0x30,0x30,0x30,
  0x30,0x30,0x30,0x30,0x30,0x30,0x30,0x00,0x00,0x00,0x00,0x30,0x30,0x30,0x30,0x30,0x30,0x30,0x30,0x30,0x00,0x00,0x00,0x00,
  0x00,0x00,0x00,0x00,0x00,0x00,0x0f,0x80,0x1f,0xc0,0x38,0xe0,0x30,0x60,0x38,0x00,0x1c,0x00,0x1e,0x00,0x33,0x80,0x61,0xc0,
  0x60,0x70,0x70,0x30,0x38,0x30,0x1c,0x30,0x0f,0x60,0x03,0xc0,0x01,0xc0,0x00,0x60,0x30,0x60,0x30,0x60,0x38,0xe0,0x1f,0xc0,
  0x0f,0x80,0x00,0x00,0x00,0x00,0x00,0x00,0x00,0x00,0x00,0x00,0x00,0x00,0xe6,0x00,0xe6,0x00,0x00,0x00,0x00,0x00,0x00,0x00,
  0x00,0x00,0x00,0x00,0x00,0x00,0x00,0x00,0x00,0x00,0x00,0x00,0x00,0x00,0x00,0x00,0x00,0x00,0x00,0x00,0x00,0x00,0x00,0x00,
  0x00,0x00,0x00,0x00,0x00,0x00,0x00,0x00,0x00,0x00,0x00,0x00,0x00,0x00,0x00,0x00,0x00,0x00,0x00,0x00,0x00,0x00,0x00,0x00,
  0x00,0x00,0x00,0x03,0xe0,0x00,0x0f,0xfc,0x00,0x1c,0x0e,0x00,0x31,0xe3,0x00,0x67,0xf1,0x80,0x46,0x19,0x80,0xcc,0x00,0x80,
  0xcc,0x00,0x80,0xcc,0x00,0x80,0xcc,0x00,0x80,0xc6,0x18,0x80,0x47,0xf1,0x80,0x61,0xe1,0x80,0x30,0x03,0x00,0x1c,0x0e,0x00,
  0x0f,0xfc,0x00,0x03,0xf0,0x00,0x00,0x00,0x00,0x00,0x00,0x00,0x00,0x00,0x00,0x00,0x00,0x00,0x00,0x00,0x00,0x00,0x00,0x00,
  0x00,0x00,0x00,0x00,0x00,0x00,0x00,0x00,0x00,0x00,0x3c,0x00,0x7e,0x00,0x63,0x00,0x03,0x00,0x3f,0x00,0x63,0x00,0x47,0x00,
  0x7f,0x00,0x3b,0x00,0x00,0x00,0x00,0x00,0x00,0x00,0x00,0x00,0x00,0x00,0x00,0x00,0x00,0x00,0x00,0x00,0x00,0x00,0x00,0x00,
  0x00,0x00,0x00,0x00,0x00,0x00,0x00,0x00,0x00,0x00,0x00,0x00,0x00,0x00,0x00,0x00,0x00,0x00,0x00,0x00,0x00,0x00,0x00,0x00,
  0x00,0x00,0x00,0x00,0x06,0x20,0x0c,0x60,0x0c,0xc0,0x18,0xc0,0x31,0x80,0x33,0x80,0x31,0x80,0x18,0xc0,0x0c,0xc0,0x0c,0x60,
  0x06,0x20,0x00,0x00,0x00,0x00,0x00,0x00,0x00,0x00,0x00,0x00,0x00,0x00,0x00,0x00,0x00,0x00,0x00,0x00,0x00,0x00,0x00,0x00,
  0x00,0x00,0x00,0x00,0x00,0x00,0x00,0x00,0x00,0x00,0x00,0x00,0x7f,0xf8,0x7f,0xf8,0x00,0x18,0x00,0x18,0x00,0x18,0x00,0x18,
  0x00,0x18,0x00,0x00,0x00,0x00,0x00,0x00,0x00,0x00,0x00,0x00,0x00,0x00,0x00,0x00,0x00,0x00,0x00,0x00,0x00,0x00,0x00,0x00,
  0x00,0x00,0x00,0x00,0x00,0x00,0x00,0x00,0x00,0x00,0x00,0x00,0x00,0x00,0x00,0x00,0x00,0x00,0x00,0x00,0x00,0x00,0x00,0x00,
  0x00,0x00,0x00,0x00,0x00,0x00,0x00,0x00,0x00,0x00,0x00,0x00,0x00,0x00,0x00,0x00,0x00,0x00,0x00,0x03,0xe0,0x00,0x0f,0xfc,
  0x00,0x1c,0x0e,0x00,0x30,0x03,0x00,0x67,0xe1,0x80,0x47,0xf1,0x80,0xc6,0x10,0x80,0xc6,0x10,0x80,0xc7,0xf0,0x80,0xc7,0xe0,
  0x80,0xc6,0x40,0x80,0x46,0x31,0x80,0x66,0x19,0x80,0x30,0x03,0x00,0x1c,0x0e,0x00,0x0f,0xfc,0x00,0x03,0xf0,0x00,0x00,0x00,
  0x00,0x00,0x00,0x00,0x00,0x00,0x00,0x00,0x00,0x00,0x00,0x00,0x00,0x00,0x00,0x00,0x00,0x00,0x00,0x00,0xff,0xfe,0xff,0xfe,
  0x00,0x00,0x00,0x00,0x00,0x00,0x00,0x00,0x00,0x00,0x00,0x00,0x00,0x00,0x00,0x00,0x00,0x00,0x00,0x00,0x00,0x00,0x00,0x00,
  0x00,0x00,0x00,0x00,0x00,0x00,0x00,0x00,0x00,0x00,0x00,0x00,0x00,0x00,0x00,0x00,0x00,0x00,0x00,0x00,0x00,0x00,0x00,0x00,
  0x00,0x00,0x00,0x00,0x00,0x00,0x00,0x00,0x00,0x00,0x1c,0x00,0x32,0x00,0x21,0x00,0x21,0x00,0x21,0x00,0x32,0x00,0x1c,0x00,
  0x00,0x00,0x00,0x00,0x00,0x00,0x00,0x00,0x00,0x00,0x00,0x00,0x00,0x00,0x00,0x00,0x00,0x00,0x00,0x00,0x00,0x00,0x00,0x00,
  0x00,0x00,0x00,0x00,0x00,0x00,0x00,0x00,0x00,0x00,0x00,0x00,0x00,0x00,0x00,0x00,0x00,0x00,0x00,0x00,0x00,0x00,0x00,0x00,
  0x03,0x00,0x03,0x00,0x03,0x00,0x03,0x00,0x03,0x00,0x7f,0xf0,0x7f,0xf0,0x03,0x00,0x03,0x00,0x03,0x00,0x03,0x00,0x03,0x00,
  0x7f,0xf0,0x7f,0xf0,0x00,0x00,0x00,0x00,0x00,0x00,0x00,0x00,0x00,0x00,0x00,0x00,0x00,0x00,0x00,0x00,0x00,0x00,0x00,0x00,
  0x00,0x00,0x3c,0x00,0x66,0x00,0x02,0x00,0x06,0x00,0x0e,0x00,0x1c,0x00,0x38,0x00,0x70,0x00,0xff,0x00,0x00,0x00,0x00,0x00,
  0x00,0x00,0x00,0x00,0x00,0x00,0x00,0x00,0x00,0x00,0x00,0x00,0x00,0x00,0x00,0x00,0x00,0x00,0x00,0x00,0x00,0x00,0x00,0x00,
  0x00,0x00,0x00,0x00,0x00,0x00,0x00,0x00,0x00,0x00,0x3c,0x00,0x66,0x00,0x06,0x00,0x06,0x00,0x1c,0x00,0x06,0x00,0x02,0x00,
  0x46,0x00,0x3c,0x00,0x00,0x00,0x00,0x00,0x00,0x00,0x00,0x00,0x00,0x00,0x00,0x00,0x00,0x00,0x00,0x00,0x00,0x00,0x00,0x00,
  0x00,0x00,0x00,0x00,0x00,0x00,0x00,0x00,0x00,0x00,0x00,0x00,0x00,0x00,0x00,0x00,0x00,0x00,0x0c,0x00,0x18,0x00,0x18,0x00,
  0x00,0x00,0x00,0x00,0x00,0x00,0x00,0x00,0x00,0x00,0x00,0x00,0x00,0x00,0x00,0x00,0x00,0x00,0x00,0x00,0x00,0x00,0x00,0x00,
  0x00,0x00,0x00,0x00,0x00,0x00,0x00,0x00,0x00,0x00,0x00,0x00,0x00,0x00,0x00,0x00,0x00,0x00,0x00,0x00,0x00,0x00,0x00,0x00,
  0x00,0x00,0x00,0x00,0x00,0x00,0x00,0x00,0x00,0x00,0x30,0x30,0x30,0x30,0x30,0x30,0x30,0x30,0x30,0x30,0x30,0x30,0x30,0x30,
  0x30,0x30,0x30,0x30,0x30,0x70,0x38,0xf0,0x3f,0xf0,0x37,0x30,0x30,0x00,0x30,0x00,0x30,0x00,0x30,0x00,0x30,0x00,0x00,0x00,
  0x00,0x00,0x00,0x00,0x00,0x00,0x00,0x00,0x00,0x00,0x1f,0xf8,0x7f,0xf8,0x7e,0x60,0xfe,0x60,0xfe,0x60,0xfe,0x60,0xfe,0x60,
  0x7e,0x60,0x7e,0x60,0x1e,0x60,0x06,0x60,0x06,0x60,0x06,0x60,0x06,0x60,0x06,0x60,0x06,0x60,0x06,0x60,0x06,0x60,0x06,0x60,
  0x06,0x60,0x06,0x60,0x06,0x60,0x00,0x00,0x00,0x00,0x00,0x00,0x00,0x00,0x00,0x00,0x00,0x00,0x00,0x00,0x00,0x00,0x00,0x00,
  0x00,0x00,0x00,0x00,0x00,0x00,0x00,0x00,0x00,0x00,0x3c,0x00,0x3c,0x00,0x00,0x00,0x00,0x00,0x00,0x00,0x00,0x00,0x00,0x00,
  0x00,0x00,0x00,0x00,0x00,0x00,0x00,0x00,0x00,0x00,0x00,0x00,0x00,0x00,0x00,0x00,0x00,0x00,0x00,0x00,0x00,0x00,0x00,0x00,
  0x00,0x00,0x00,0x00,0x00,0x00,0x00,0x00,0x00,0x00,0x00,0x00,0x00,0x00,0x00,0x00,0x00,0x00,0x00,0x00,0x00,0x00,0x00,0x00,
  0x00,0x00,0x00,0x00,0x00,0x00,0x00,0x00,0x00,0x00,0x00,0x00,0x10,0x00,0x1c,0x00,0x0c,0x00,0x78,0x00,0x00,0x00,0x00,0x00,
  0x00,0x00,0x00,0x00,0x00,0x00,0x00,0x00,0x00,0x00,0x0c,0x00,0x1c,0x00,0x7c,0x00,0x4c,0x00,0x0c,0x00,0x0c,0x00,0x0c,0x00,
  0x0c,0x00,0x0c,0x00,0x00,0x00,0x00,0x00,0x00,0x00,0x00,0x00,0x00,0x00,0x00,0x00,0x00,0x00,0x00,0x00,0x00,0x00,0x00,0x00,
  0x00,0x00,0x00,0x00,0x00,0x00,0x00,0x00,0x00,0x00,0x00,0x00,0x00,0x00,0x00,0x00,0x00,0x00,0x1c,0x00,0x3e,0x00,0x63,0x00,
  0x43,0x00,0x41,0x00,0x43,0x00,0x63,0x00,0x3e,0x00,0x1c,0x00,0x00,0x00,0x00,0x00,0x00,0x00,0x00,0x00,0x00,0x00,0x00,0x00,
  0x00,0x00,0x00,0x00,0x00,0x00,0x00,0x00,0x00,0x00,0x00,0x00,0x00,0x00,0x00,0x00,0x00,0x00,0x00,0x00,0x00,0x00,0x00,0x00,
  0x00,0x00,0x00,0x00,0x00,0x00,0x00,0x00,0x00,0x00,0x00,0x00,0x31,0x00,0x11,0x80,0x18,0xc0,0x0c,0xc0,0x0e,0x60,0x06,0x70,
  0x0e,0x60,0x0c,0xc0,0x18,0xc0,0x11,0x80,0x31,0x00,0x00,0x00,0x00,0x00,0x00,0x00,0x00,0x00,0x00,0x00,0x00,0x00,0x00,0x00,
  0x00,0x00,0x00,0x00,0x00,0x00,0x00,0x00,0x00,0x00,0x00,0x00,0x00,0x00,0x00,0x08,0x01,0x80,0x38,0x01,0x00,0x78,0x03,0x00,
  0x48,0x06,0x00,0x08,0x0c,0x00,0x08,0x08,0x00,0x08,0x18,0x00,0x08,0x30,0x00,0x08,0x60,0x40,0x00,0x40,0xc0,0x00,0xc1,0xc0,
  0x01,0x83,0x40,0x03,0x02,0x40,0x02,0x04,0x40,0x06,0x0f,0xf0,0x0c,0x00,0x40,0x18,0x00,0x40,0x00,0x00,0x00,0x00,0x00,0x00,
  0x00,0x00,0x00,0x00,0x00,0x00,0x00,0x00,0x00,0x00,0x00,0x00,0x00,0x00,0x00,0x00,0x00,0x00,0x00,0x00,0x00,0x00,0x00,0x00,
  0x00,0x00,0x00,0x0c,0x01,0x80,0x1c,0x01,0x00,0x7c,0x02,0x00,0x4c,0x06,0x00,0x0c,0x0c,0x00,0x0c,0x18,0x00,0x0c,0x10,0x00,
  0x0c,0x30,0x00,0x0c,0x63,0xc0,0x00,0xc4,0x60,0x00,0x80,0x60,0x01,0x80,0x60,0x03,0x00,0xe0,0x06,0x01,0xc0,0x04,0x03,0x80,
  0x0c,0x06,0x00,0x18,0x0f,0xe0,0x00,0x00,0x00,0x00,0x00,0x00,0x00,0x00,0x00,0x00,0x00,0x00,0x00,0x00,0x00,0x00,0x00,0x00,
  0x00,0x00,0x00,0x00,0x00,0x00,0x00,0x00,0x00,0x00,0x00,0x00,0x00,0x00,0x00,0x3c,0x00,0x80,0x66,0x01,0x80,0x06,0x03,0x00,
  0x06,0x06,0x00,0x1c,0x04,0x00,0x06,0x08,0x00,0x02,0x18,0x00,0x46,0x30,0x00,0x3c,0x60,0x40,0x00,0x40,0xc0,0x00,0xc1,0xc0,
  0x01,0x83,0x40,0x03,0x06,0x40,0x02,0x0c,0x40,0x06,0x0f,0xe0,0x0c,0x00,0x40,0x18,0x00,0x40,0x00,0x00,0x00,0x00,0x00,0x00,
  0x00,0x00,0x00,0x00,0x00,0x00,0x00,0x00,0x00,0x00,0x00,0x00,0x00,0x00,0x00,0x00,0x00,0x00,0x00,0x00,0x00,0x00,0x00,0x00,
  0x00,0x00,0x00,0x00,0x00,0x00,0x03,0x00,0x03,0x00,0x00,0x00,0x00,0x00,0x03,0x00,0x03,0x00,0x03,0x00,0x07,0x00,0x0e,0x00,
  0x0c,0x00,0x18,0x00,0x38,0x00,0x30,0x00,0x30,0x18,0x30,0x30,0x18,0x70,0x1f,0xe0,0x07,0xc0,0x00,0x00,0x00,0x00,0x00,0x01,
  0x80,0x00,0x00,0xc0,0x00,0x00,0x40,0x00,0x00,0x00,0x00,0x01,0xc0,0x00,0x01,0xc0,0x00,0x01,0xe0,0x00,0x03,0x60,0x00,0x03,
  0x70,0x00,0x06,0x30,0x00,0x06,0x30,0x00,0x06,0x18,0x00,0x0c,0x18,0x00,0x0c,0x1c,0x00,0x1f,0xfc,0x00,0x1f,0xfc,0x00,0x18,
  0x06,0x00,0x30,0x06,0x00,0x30,0x07,0x00,0x70,0x03,0x00,0x60,0x03,0x80,0x00,0x00,0x00,0x00,0x00,0x00,0x00,0x00,0x00,0x00,
  0x00,0x00,0x00,0x00,0x00,0x00,0x00,0x00,0x00,0x00,0x00,0x00,0x60,0x00,0x00,0xc0,0x00,0x00,0x80,0x00,0x00,0x00,0x00,0x01,
  0xc0,0x00,0x01,0xc0,0x00,0x01,0xe0,0x00,0x03,0x60,0x00,0x03,0x70,0x00,0x06,0x30,0x00,0x06,0x30,0x00,0x06,0x18,0x00,0x0c,
  0x18,0x00,0x0c,0x1c,0x00,0x1f,0xfc,0x00,0x1f,0xfc,0x00,0x18,0x06,0x00,0x30,0x06,0x00,0x30,0x07,0x00,0x70,0x03,0x00,0x60,
  0x03,0x80,0x00,0x00,0x00,0x00,0x00,0x00,0x00,0x00,0x00,0x00,0x00,0x00,0x00,0x00,0x00,0x00,0x00,0x00,0x00,0x00,0x00,0x01,
  0xc0,0x00,0x03,0x60,0x00,0x03,0x30,0x00,0x00,0x00,0x00,0x01,0xc0,0x00,0x01,0xc0,0x00,0x01,0xe0,0x00,0x03,0x60,0x00,0x03,
  0x70,0x00,0x06,0x30,0x00,0x06,0x30,0x00,0x06,0x18,0x00,0x0c,0x18,0x00,0x0c,0x1c,0x00,0x1f,0xfc,0x00,0x1f,0xfc,0x00,0x18,
  0x06,0x00,0x30,0x06,0x00,0x30,0x07,0x00,0x70,0x03,0x00,0x60,0x03,0x80,0x00,0x00,0x00,0x00,0x00,0x00,0x00,0x00,0x00,0x00,
  0x00,0x00,0x00,0x00,0x00,0x00,0x00,0x00,0x00,0x00,0x00,0x01,0x88,0x00,0x03,0xf8,0x00,0x02,0x70,0x00,0x00,0x00,0x00,0x01,
  0xc0,0x00,0x01,0xc0,0x00,0x01,0xe0,0x00,0x03,0x60,0x00,0x03,0x70,0x00,0x06,0x30,0x00,0x06,0x30,0x00,0x06,0x18,0x00,0x0c,
  0x18,0x00,0x0c,0x1c,0x00,0x1f,0xfc,0x00,0x1f,0xfc,0x00,0x18,0x06,0x00,0x30,0x06,0x00,0x30,0x07,0x00,0x70,0x03,0x00,0x60,
  0x03,0x80,0x00,0x00,0x00,0x00,0x00,0x00,0x00,0x00,0x00,0x00,0x00,0x00,0x00,0x00,0x00,0x00,0x00,0x00,0x00,0x00,0x00,0x00,
  0x00,0x00,0x03,0x30,0x00,0x03,0x30,0x00,0x00,0x00,0x00,0x01,0xc0,0x00,0x01,0xc0,0x00,0x01,0xe0,0x00,0x03,0x60,0x00,0x03,
  0x70,0x00,0x06,0x30,0x00,0x06,0x30,0x00,0x06,0x18,0x00,0x0c,0x18,0x00,0x0c,0x1c,0x00,0x1f,0xfc,0x00,0x1f,0xfc,0x00,0x18,
  0x06,0x00,0x30,0x06,0x00,0x30,0x07,0x00,0x70,0x03,0x00,0x60,0x03,0x80,0x00,0x00,0x00,0x00,0x00,0x00,0x00,0x00,0x00,0x00,
  0x00,0x00,0x00,0x00,0x00,0x00,0x00,0x00,0x00,0x00,0x00,0x01,0xc0,0x00,0x01,0x40,0x00,0x02,0x20,0x00,0x01,0x40,0x00,0x01,
  0xc0,0x00,0x01,0xc0,0x00,0x01,0xe0,0x00,0x03,0x60,0x00,0x03,0x70,0x00,0x06,0x30,0x00,0x06,0x30,0x00,0x06,0x18,0x00,0x0c,
  0x18,0x00,0x0c,0x1c,0x00,0x1f,0xfc,0x00,0x1f,0xfc,0x00,0x18,0x06,0x00,0x30,0x06,0x00,0x30,0x07,0x00,0x70,0x03,0x00,0x60,
  0x03,0x80,0x00,0x00,0x00,0x00,0x00,0x00,0x00,0x00,0x00,0x00,0x00,0x00,0x00,0x00,0x00,0x00,0x00,0x00,0x00,0x00,0x00,0x00,
  0x00,0x00,0x00,0x00,0x00,0x00,0x00,0x00,0x00,0x00,0x00,0x00,0x00,0x00,0x00,0x00,0x00,0xff,0xfc,0x00,0x00,0xff,0xfc,0x00,
  0x01,0x88,0x00,0x00,0x01,0x88,0x00,0x00,0x03,0x08,0x00,0x00,0x03,0x08,0x00,0x00,0x06,0x08,0x00,0x00,0x06,0x0f,0xfc,0x00,
  0x0c,0x0f,0xfc,0x00,0x0c,0x08,0x00,0x00,0x1f,0xf8,0x00,0x00,0x1f,0xf8,0x00,0x00,0x38,0x08,0x00,0x00,0x30,0x08,0x00,0x00,
  0x70,0x08,0x00,0x00,0x60,0x0f,0xfe,0x00,0xe0,0x0f,0xfe,0x00,0x00,0x00,0x00,0x00,0x00,0x00,0x00,0x00,0x00,0x00,0x00,0x00,
  0x00,0x00,0x00,0x00,0x00,0x00,0x00,0x00,0x00,0x00,0x00,0x00,0x00,0x00,0x00,0x00,0x00,0x00,0x00,0x00,0x00,0x00,0x00,0x00,
  0x00,0x00,0x00,0x03,0xf0,0x00,0x0f,0xfc,0x00,0x1c,0x0e,0x00,0x38,0x06,0x00,0x30,0x07,0x00,0x70,0x00,0x00,0x60,0x00,0x00,
  0x60,0x00,0x00,0x60,0x00,0x00,0x60,0x00,0x00,0x60,0x00,0x00,0x30,0x03,0x00,0x30,0x03,0x00,0x38,0x06,0x00,0x1c,0x0e,0x00,
  0x0f,0xfc,0x00,0x03,0xf0,0x00,0x00,0x80,0x00,0x01,0xc0,0x00,0x00,0x60,0x00,0x03,0xc0,0x00,0x00,0x00,0x00,0x00,0x00,0x00,
  0x00,0x00,0x00,0x03,0x00,0x00,0x01,0x80,0x00,0x00,0x80,0x00,0x00,0x00,0x00,0x3f,0xfc,0x00,0x3f,0xfc,0x00,0x30,0x00,0x00,
  0x30,0x00,0x00,0x30,0x00,0x00,0x30,0x00,0x00,0x30,0x00,0x00,0x3f,0xfc,0x00,0x3f,0xfc,0x00,0x30,0x00,0x00,0x30,0x00,0x00,
  0x30,0x00,0x00,0x30,0x00,0x00,0x30,0x00,0x00,0x30,0x00,0x00,0x3f,0xfe,0x00,0x3f,0xfe,0x00,0x00,0x00,0x00,0x00,0x00,0x00,
  0x00,0x00,0x00,0x00,0x00,0x00,0x00,0x00,0x00,0x00,0x00,0x00,0x00,0x00,0x00,0x00,0xc0,0x00,0x01,0x80,0x00,0x01,0x00,0x00,
  0x00,0x00,0x00,0x3f,0xfc,0x00,0x3f,0xfc,0x00,0x30,0x00,0x00,0x30,0x00,0x00,0x30,0x00,0x00,0x30,0x00,0x00,0x30,0x00,0x00,
  0x3f,0xfc,0x00,0x3f,0xfc,0x00,0x30,0x00,0x00,0x30,0x00,0x00,0x30,0x00,0x00,0x30,0x00,0x00,0x30,0x00,0x00,0x30,0x00,0x00,
  0x3f,0xfe,0x00,0x3f,0xfe,0x00,0x00,0x00,0x00,0x00,0x00,0x00,0x00,0x00,0x00,0x00,0x00,0x00,0x00,0x00,0x00,0x00,0x00,0x00,
  0x00,0x00,0x00,0x03,0xc0,0x00,0x03,0xc0,0x00,0x06,0x60,0x00,0x00,0x00,0x00,0x3f,0xfc,0x00,0x3f,0xfc,0x00,0x30,0x00,0x00,
  0x30,0x00,0x00,0x30,0x00,0x00,0x30,0x00,0x00,0x30,0x00,0x00,0x3f,0xfc,0x00,0x3f,0xfc,0x00,0x30,0x00,0x00,0x30,0x00,0x00,
  0x30,0x00,0x00,0x30,0x00,0x00,0x30,0x00,0x00,0x30,0x00,0x00,0x3f,0xfe,0x00,0x3f,0xfe,0x00,0x00,0x00,0x00,0x00,0x00,0x00,
  0x00,0x00,0x00,0x00,0x00,0x00,0x00,0x00,0x00,0x00,0x00,0x00,0x00,0x00,0x00,0x00,0x00,0x00,0x06,0x60,0x00,0x06,0x60,0x00,
  0x00,0x00,0x00,0x3f,0xfc,0x00,0x3f,0xfc,0x00,0x30,0x00,0x00,0x30,0x00,0x00,0x30,0x00,0x00,0x30,0x00,0x00,0x30,0x00,0x00,
  0x3f,0xfc,0x00,0x3f,0xfc,0x00,0x30,0x00,0x00,0x30,0x00,0x00,0x30,0x00,0x00,0x30,0x00,0x00,0x30,0x00,0x00,0x30,0x00,0x00,
  0x3f,0xfe,0x00,0x3f,0xfe,0x00,0x00,0x00,0x00,0x00,0x00,0x00,0x00,0x00,0x00,0x00,0x00,0x00,0x00,0x00,0x00,0x00,0x00,0x00,
  0x00,0x60,0x30,0x10,0x00,0x30,0x30,0x30,0x30,0x30,0x30,0x30,0x30,0x30,0x30,0x30,0x30,0x30,0x30,0x30,0x30,0x30,0x00,0x00,
  0x00,0x00,0x00,0x00,0x00,0x18,0x30,0x20,0x00,0x30,0x30,0x30,0x30,0x30,0x30,0x30,0x30,0x30,0x30,0x30,0x30,0x30,0x30,0x30,
  0x30,0x30,0x00,0x00,0x00,0x00,0x00,0x00,0x00,0x3c,0x3c,0x66,0x00,0x18,0x18,0x18,0x18,0x18,0x18,0x18,0x18,0x18,0x18,0x18,
  0x18,0x18,0x18,0x18,0x18,0x18,0x00,0x00,0x00,0x00,0x00,0x00,0x00,0x00,0x66,0x66,0x00,0x18,0x18,0x18,0x18,0x18,0x18,0x18,
  0x18,0x18,0x18,0x18,0x18,0x18,0x18,0x18,0x18,0x18,0x00,0x00,0x00,0x00,0x00,0x00,0x00,0x00,0x00,0x00,0x00,0x00,0x00,0x00,
  0x00,0x00,0x00,0x00,0x00,0x00,0x00,0x3f,0xe0,0x00,0x3f,0xf8,0x00,0x30,0x1c,0x00,0x30,0x0e,0x00,0x30,0x06,0x00,0x30,0x03,
  0x00,0x30,0x03,0x00,0xff,0x83,0x00,0xff,0x83,0x00,0x30,0x03,0x00,0x30,0x03,0x00,0x30,0x03,0x00,0x30,0x06,0x00,0x30,0x0e,
  0x00,0x30,0x1c,0x00,0x3f,0xf8,0x00,0x3f,0xe0,0x00,0x00,0x00,0x00,0x00,0x00,0x00,0x00,0x00,0x00,0x00,0x00,0x00,0x00,0x00,
  0x00,0x00,0x00,0x00,0x00,0x00,0x00,0x01,0x88,0x00,0x03,0xf8,0x00,0x02,0x70,0x00,0x00,0x00,0x00,0x30,0x06,0x00,0x38,0x06,
  0x00,0x3c,0x06,0x00,0x3c,0x06,0x00,0x36,0x06,0x00,0x37,0x06,0x00,0x33,0x06,0x00,0x31,0x86,0x00,0x31,0xc6,0x00,0x30,0xe6,
  0x00,0x30,0x66,0x00,0x30,0x76,0x00,0x30,0x3e,0x00,0x30,0x1e,0x00,0x30,0x0e,0x00,0x30,0x0e,0x00,0x30,0x06,0x00,0x00,0x00,
  0x00,0x00,0x00,0x00,0x00,0x00,0x00,0x00,0x00,0x00,0x00,0x00,0x00,0x00,0x00,0x00,0x00,0x00,0x00,0x01,0x80,0x00,0x00,0xc0,
  0x00,0x00,0x40,0x00,0x00,0x00,0x00,0x03,0xf0,0x00,0x0f,0xfc,0x00,0x1e,0x0e,0x00,0x18,0x03,0x00,0x30,0x01,0x80,0x30,0x01,
  0x80,0x60,0x01,0x80,0x60,0x00,0xc0,0x60,0x00,0xc0,0x60,0x00,0xc0,0x60,0x01,0x80,0x30,0x01,0x80,0x30,0x01,0x80,0x18,0x03,
  0x00,0x1e,0x0e,0x00,0x07,0xfc,0x00,0x01,0xf0,0x00,0x00,0x00,0x00,0x00,0x00,0x00,0x00,0x00,0x00,0x00,0x00,0x00,0x00,0x00,
  0x00,0x00,0x00,0x00,0x00,0x00,0x00,0x00,0x60,0x00,0x00,0xc0,0x00,0x00,0x80,0x00,0x00,0x00,0x00,0x03,0xf0,0x00,0x0f,0xfc,
  0x00,0x1e,0x0e,0x00,0x18,0x03,0x00,0x30,0x01,0x80,0x30,0x01,0x80,0x60,0x01,0x80,0x60,0x00,0xc0,0x60,0x00,0xc0,0x60,0x00,
  0xc0,0x60,0x01,0x80,0x30,0x01,0x80,0x30,0x01,0x80,0x18,0x03,0x00,0x1e,0x0e,0x00,0x07,0xfc,0x00,0x01,0xf0,0x00,0x00,0x00,
  0x00,0x00,0x00,0x00,0x00,0x00,0x00,0x00,0x00,0x00,0x00,0x00,0x00,0x00,0x00,0x00,0x00,0x00,0x00,0x00,0xe0,0x00,0x01,0xb0,
  0x00,0x03,0x18,0x00,0x00,0x00,0x00,0x03,0xf0,0x00,0x0f,0xfc,0x00,0x1e,0x0e,0x00,0x18,0x03,0x00,0x30,0x01,0x80,0x30,0x01,
  0x80,0x60,0x01,0x80,0x60,0x00,0xc0,0x60,0x00,0xc0,0x60,0x00,0xc0,0x60,0x01,0x80,0x30,0x01,0x80,0x30,0x01,0x80,0x18,0x03,
  0x00,0x1e,0x0e,0x00,0x07,0xfc,0x00,0x01,0xf0,0x00,0x00,0x00,0x00,0x00,0x00,0x00,0x00,0x00,0x00,0x00,0x00,0x00,0x00,0x00,
  0x00,0x00,0x00,0x00,0x00,0x00,0x00,0x01,0x88,0x00,0x03,0xf8,0x00,0x02,0x70,0x00,0x00,0x00,0x00,0x03,0xf0,0x00,0x0f,0xfc,
  0x00,0x1e,0x0e,0x00,0x18,0x03,0x00,0x30,0x01,0x80,0x30,0x01,0x80,0x60,0x01,0x80,0x60,0x00,0xc0,0x60,0x00,0xc0,0x60,0x00,
  0xc0,0x60,0x01,0x80,0x30,0x01,0x80,0x30,0x01,0x80,0x18,0x03,0x00,0x1e,0x0e,0x00,0x07,0xfc,0x00,0x01,0xf0,0x00,0x00,0x00,
  0x00,0x00,0x00,0x00,0x00,0x00,0x00,0x00,0x00,0x00,0x00,0x00,0x00,0x00,0x00,0x00,0x00,0x00,0x00,0x00,0x00,0x00,0x03,0x30,
  0x00,0x03,0x30,0x00,0x00,0x00,0x00,0x03,0xf0,0x00,0x0f,0xfc,0x00,0x1e,0x0e,0x00,0x18,0x03,0x00,0x30,0x01,0x80,0x30,0x01,
  0x80,0x60,0x01,0x80,0x60,0x00,0xc0,0x60,0x00,0xc0,0x60,0x00,0xc0,0x60,0x01,0x80,0x30,0x01,0x80,0x30,0x01,0x80,0x18,0x03,
  0x00,0x1e,0x0e,0x00,0x07,0xfc,0x00,0x01,0xf0,0x00,0x00,0x00,0x00,0x00,0x00,0x00,0x00,0x00,0x00,0x00,0x00,0x00,0x00,0x00,
  0x00,0x00,0x00,0x00,0x00,0x00,0x00,0x00,0x00,0x00,0x00,0x00,0x00,0x00,0x00,0x00,0x00,0x00,0x00,0x00,0x00,0x00,0x10,0x20,
  0x38,0x60,0x0c,0xc0,0x07,0x80,0x07,0x00,0x07,0x80,0x0c,0xc0,0x38,0x60,0x10,0x20,0x00,0x00,0x00,0x00,0x00,0x00,0x00,0x00,
  0x00,0x00,0x00,0x00,0x00,0x00,0x00,0x00,0x00,0x00,0x00,0x00,0x00,0x00,0x00,0x00,0x00,0x00,0x00,0x00,0x00,0x00,0x00,0x00,
  0x00,0x00,0x00,0x01,0xf0,0xc0,0x0f,0xff,0x80,0x1e,0x0f,0x00,0x18,0x07,0x00,0x30,0x0f,0x80,0x30,0x19,0x80,0x60,0x31,0x80,
  0x60,0x60,0xc0,0x60,0xe0,0xc0,0x61,0xc0,0xc0,0x63,0x81,0x80,0x73,0x01,0x80,0x36,0x01,0x80,0x1c,0x03,0x00,0x1c,0x0e,0x00,
  0x3f,0xfc,0x00,0x63,0xf0,0x00,0x00,0x00,0x00,0x00,0x00,0x00,0x00,0x00,0x00,0x00,0x00,0x00,0x00,0x00,0x00,0x00,0x00,0x00,
  0x00,0x00,0x00,0x03,0x00,0x00,0x01,0x80,0x00,0x00,0x80,0x00,0x00,0x00,0x00,0x30,0x06,0x00,0x30,0x06,0x00,0x30,0x06,0x00,
  0x30,0x06,0x00,0x30,0x06,0x00,0x30,0x06,0x00,0x30,0x06,0x00,0x30,0x06,0x00,0x30,0x06,0x00,0x30,0x06,0x00,0x30,0x06,0x00,
  0x30,0x06,0x00,0x30,0x06,0x00,0x18,0x06,0x00,0x1c,0x1c,0x00,0x0f,0xf8,0x00,0x03,0xf0,0x00,0x00,0x00,0x00,0x00,0x00,0x00,
  0x00,0x00,0x00,0x00,0x00,0x00,0x00,0x00,0x00,0x00,0x00,0x00,0x00,0x00,0x00,0x00,0x60,0x00,0x00,0xc0,0x00,0x00,0x80,0x00,
  0x00,0x00,0x00,0x30,0x06,0x00,0x30,0x06,0x00,0x30,0x06,0x00,0x30,0x06,0x00,0x30,0x06,0x00,0x30,0x06,0x00,0x30,0x06,0x00,
  0x30,0x06,0x00,0x30,0x06,0x00,0x30,0x06,0x00,0x30,0x06,0x00,0x30,0x06,0x00,0x30,0x06,0x00,0x18,0x06,0x00,0x1c,0x1c,0x00,
  0x0f,0xf8,0x00,0x03,0xf0,0x00,0x00,0x00,0x00,0x00,0x00,0x00,0x00,0x00,0x00,0x00,0x00,0x00,0x00,0x00,0x00,0x00,0x00,0x00,
  0x00,0x00,0x00,0x01,0xe0,0x00,0x01,0xe0,0x00,0x03,0x30,0x00,0x00,0x00,0x00,0x30,0x06,0x00,0x30,0x06,0x00,0x30,0x06,0x00,
  0x30,0x06,0x00,0x30,0x06,0x00,0x30,0x06,0x00,0x30,0x06,0x00,0x30,0x06,0x00,0x30,0x06,0x00,0x30,0x06,0x00,0x30,0x06,0x00,
  0x30,0x06,0x00,0x30,0x06,0x00,0x18,0x06,0x00,0x1c,0x1c,0x00,0x0f,0xf8,0x00,0x03,0xf0,0x00,0x00,0x00,0x00,0x00,0x00,0x00,
  0x00,0x00,0x00,0x00,0x00,0x00,0x00,0x00,0x00,0x00,0x00,0x00,0x00,0x00,0x00,0x00,0x00,0x00,0x03,0x30,0x00,0x03,0x30,0x00,
  0x00,0x00,0x00,0x30,0x06,0x00,0x30,0x06,0x00,0x30,0x06,0x00,0x30,0x06,0x00,0x30,0x06,0x00,0x30,0x06,0x00,0x30,0x06,0x00,
  0x30,0x06,0x00,0x30,0x06,0x00,0x30,0x06,0x00,0x30,0x06,0x00,0x30,0x06,0x00,0x30,0x06,0x00,0x18,0x06,0x00,0x1c,0x1c,0x00,
  0x0f,0xf8,0x00,0x03,0xf0,0x00,0x00,0x00,0x00,0x00,0x00,0x00,0x00,0x00,0x00,0x00,0x00,0x00,0x00,0x00,0x00,0x00,0x00,0x00,
  0x00,0x00,0x00,0x00,0xc0,0x00,0x01,0x80,0x00,0x01,0x00,0x00,0x00,0x00,0x00,0x60,0x06,0x00,0x70,0x0c,0x00,0x30,0x1c,0x00,
  0x18,0x18,0x00,0x1c,0x30,0x00,0x0c,0x70,0x00,0x06,0x60,0x00,0x07,0xc0,0x00,0x03,0xc0,0x00,0x01,0x80,0x00,0x01,0x80,0x00,
  0x01,0x80,0x00,0x01,0x80,0x00,0x01,0x80,0x00,0x01,0x80,0x00,0x01,0x80,0x00,0x01,0x80,0x00,0x00,0x00,0x00,0x00,0x00,0x00,
  0x00,0x00,0x00,0x00,0x00,0x00,0x00,0x00,0x00,0x00,0x00,0x00,0x00,0x00,0x00,0x00,0x00,0x00,0x00,0x00,0x00,0x00,0x00,0x00,
  0x00,0x00,0x00,0x30,0x00,0x00,0x30,0x00,0x00,0x30,0x00,0x00,0x3f,0xf0,0x00,0x3f,0xf8,0x00,0x30,0x0c,0x00,0x30,0x0e,0x00,
  0x30,0x06,0x00,0x30,0x06,0x00,0x30,0x06,0x00,0x30,0x0e,0x00,0x30,0x1c,0x00,0x3f,0xf8,0x00,0x3f,0xf0,0x00,0x30,0x00,0x00,
  0x30,0x00,0x00,0x30,0x00,0x00,0x00,0x00,0x00,0x00,0x00,0x00,0x00,0x00,0x00,0x00,0x00,0x00,0x00,0x00,0x00,0x00,0x00,0x00,
  0x00,0x00,0x00,0x00,0x00,0x00,0x00,0x00,0x00,0x00,0x07,0x80,0x1f,0xe0,0x38,0x60,0x30,0x60,0x30,0x60,0x30,0x60,0x30,0xc0,
  0x31,0xc0,0x31,0xc0,0x30,0xe0,0x30,0x70,0x30,0x18,0x30,0x0c,0x30,0x0c,0x33,0x1c,0x33,0xf8,0x30,0xf0,0x00,0x00,0x00,0x00,
  0x00,0x00,0x00,0x00,0x00,0x00,0x00,0x00,0x00,0x00,0x00,0x00,0x00,0x00,0x00,0x00,0x00,0x00,0x06,0x00,0x03,0x00,0x01,0x00,
  0x00,0x00,0x0f,0xc0,0x1f,0xe0,0x30,0x60,0x30,0x70,0x00,0x30,0x00,0xf0,0x1f,0xf0,0x3c,0x30,0x60,0x30,0x60,0x70,0x70,0xf0,
  0x3f,0xb0,0x1e,0x30,0x00,0x00,0x00,0x00,0x00,0x00,0x00,0x00,0x00,0x00,0x00,0x00,0x00,0x00,0x00,0x00,0x00,0x00,0x00,0x00,
  0x00,0x00,0x01,0x80,0x03,0x00,0x02,0x00,0x00,0x00,0x0f,0xc0,0x1f,0xe0,0x30,0x60,0x30,0x70,0x00,0x30,0x00,0xf0,0x1f,0xf0,
  0x3c,0x30,0x60,0x30,0x60,0x70,0x70,0xf0,0x3f,0xb0,0x1e,0x30,0x00,0x00,0x00,0x00,0x00,0x00,0x00,0x00,0x00,0x00,0x00,0x00,
  0x00,0x00,0x00,0x00,0x00,0x00,0x00,0x00,0x00,0x00,0x03,0x80,0x06,0xc0,0x0c,0xc0,0x00,0x00,0x0f,0xc0,0x1f,0xe0,0x30,0x60,
  0x30,0x70,0x00,0x30,0x00,0xf0,0x1f,0xf0,0x3c,0x30,0x60,0x30,0x60,0x70,0x70,0xf0,0x3f,0xb0,0x1e,0x30,0x00,0x00,0x00,0x00,
  0x00,0x00,0x00,0x00,0x00,0x00,0x00,0x00,0x00,0x00,0x00,0x00,0x00,0x00,0x00,0x00,0x00,0x00,0x0c,0x40,0x1f,0xc0,0x13,0x80,
  0x00,0x00,0x0f,0xc0,0x1f,0xe0,0x30,0x60,0x30,0x70,0x00,0x30,0x00,0xf0,0x1f,0xf0,0x3c,0x30,0x60,0x30,0x60,0x70,0x70,0xf0,
  0x3f,0xb0,0x1e,0x30,0x00,0x00,0x00,0x00,0x00,0x00,0x00,0x00,0x00,0x00,0x00,0x00,0x00,0x00,0x00,0x00,0x00,0x00,0x00,0x00,
  0x00,0x00,0x00,0x00,0x0c,0xc0,0x0c,0xc0,0x00,0x00,0x0f,0xc0,0x1f,0xe0,0x30,0x60,0x30,0x70,0x00,0x30,0x00,0xf0,0x1f,0xf0,
  0x3c,0x30,0x60,0x30,0x60,0x70,0x70,0xf0,0x3f,0xb0,0x1e,0x30,0x00,0x00,0x00,0x00,0x00,0x00,0x00,0x00,0x00,0x00,0x00,0x00,
  0x00,0x00,0x00,0x00,0x00,0x00,0x07,0x00,0x05,0x00,0x08,0x80,0x05,0x00,0x07,0x00,0x00,0x00,0x0f,0xc0,0x1f,0xe0,0x30,0x60,
  0x30,0x70,0x00,0x30,0x00,0xf0,0x1f,0xf0,0x3c,0x30,0x60,0x30,0x60,0x70,0x70,0xf0,0x3f,0xb0,0x1e,0x30,0x00,0x00,0x00,0x00,
  0x00,0x00,0x00,0x00,0x00,0x00,0x00,0x00,0x00,0x00,0x00,0x00,0x00,0x00,0x00,0x00,0x00,0x00,0x00,0x00,0x00,0x00,0x00,0x00,
  0x00,0x00,0x00,0x00,0x00,0x00,0x00,0x00,0x00,0x00,0x00,0x0f,0x87,0x80,0x1f,0xff,0xe0,0x30,0x78,0x60,0x30,0x70,0x30,0x00,
  0xe0,0x30,0x1f,0xff,0xf0,0x3e,0x7f,0xf0,0x70,0x60,0x00,0x60,0x60,0x00,0x60,0x70,0x30,0x70,0xf8,0x70,0x3f,0x9f,0xe0,0x1f,
  0x07,0x80,0x00,0x00,0x00,0x00,0x00,0x00,0x00,0x00,0x00,0x00,0x00,0x00,0x00,0x00,0x00,0x00,0x00,0x00,0x00,0x00,0x00,0x00,
  0x00,0x00,0x00,0x00,0x00,0x00,0x00,0x00,0x00,0x00,0x00,0x00,0x00,0x00,0x0f,0x80,0x1f,0xc0,0x38,0xe0,0x30,0x60,0x60,0x00,
  0x60,0x00,0x60,0x00,0x60,0x00,0x60,0x00,0x30,0x30,0x38,0x60,0x1f,0xe0,0x0f,0x80,0x04,0x00,0x06,0x00,0x03,0x00,0x1e,0x00,
  0x00,0x00,0x00,0x00,0x00,0x00,0x00,0x00,0x00,0x00,0x00,0x00,0x00,0x00,0x0c,0x00,0x06,0x00,0x02,0x00,0x00,0x00,0x0f,0x80,
  0x1f,0xe0,0x38,0x60,0x30,0x30,0x60,0x30,0x7f,0xf0,0x7f,0xf0,0x60,0x00,0x60,0x00,0x30,0x30,0x38,0x70,0x1f,0xe0,0x0f,0x80,
  0x00,0x00,0x00,0x00,0x00,0x00,0x00,0x00,0x00,0x00,0x00,0x00,0x00,0x00,0x00,0x00,0x00,0x00,0x00,0x00,0x00,0x00,0x01,0x80,
  0x03,0x00,0x02,0x00,0x00,0x00,0x0f,0x80,0x1f,0xe0,0x38,0x60,0x30,0x30,0x60,0x30,0x7f,0xf0,0x7f,0xf0,0x60,0x00,0x60,0x00,
  0x30,0x30,0x38,0x70,0x1f,0xe0,0x0f,0x80,0x00,0x00,0x00,0x00,0x00,0x00,0x00,0x00,0x00,0x00,0x00,0x00,0x00,0x00,0x00,0x00,
  0x00,0x00,0x00,0x00,0x00,0x00,0x07,0x80,0x07,0x80,0x0c,0xc0,0x00,0x00,0x0f,0x80,0x1f,0xe0,0x38,0x60,0x30,0x30,0x60,0x30,
  0x7f,0xf0,0x7f,0xf0,0x60,0x00,0x60,0x00,0x30,0x30,0x38,0x70,0x1f,0xe0,0x0f,0x80,0x00,0x00,0x00,0x00,0x00,0x00,0x00,0x00,
  0x00,0x00,0x00,0x00,0x00,0x00,0x00,0x00,0x00,0x00,0x00,0x00,0x00,0x00,0x00,0x00,0x0c,0xc0,0x0c,0xc0,0x00,0x00,0x0f,0x80,
  0x1f,0xe0,0x38,0x60,0x30,0x30,0x60,0x30,0x7f,0xf0,0x7f,0xf0,0x60,0x00,0x60,0x00,0x30,0x30,0x38,0x70,0x1f,0xe0,0x0f,0x80,
  0x00,0x00,0x00,0x00,0x00,0x00,0x00,0x00,0x00,0x00,0x00,0x00,0x00,0x00,0x00,0x00,0x00,0x60,0x30,0x10,0x00,0x30,0x30,0x30,
  0x30,0x30,0x30,0x30,0x30,0x30,0x30,0x30,0x30,0x30,0x00,0x00,0x00,0x00,0x00,0x00,0x00,0x00,0x00,0x00,0x00,0x0c,0x18,0x10,
  0x00,0x30,0x30,0x30,0x30,0x30,0x30,0x30,0x30,0x30,0x30,0x30,0x30,0x30,0x00,0x00,0x00,0x00,0x00,0x00,0x00,0x00,0x00,0x00,
  0x00,0x38,0x6c,0xc6,0x00,0x30,0x30,0x30,0x30,0x30,0x30,0x30,0x30,0x30,0x30,0x30,0x30,0x30,0x00,0x00,0x00,0x00,0x00,0x00,
  0x00,0x00,0x00,0x00,0x00,0x00,0x66,0x66,0x00,0x18,0x18,0x18,0x18,0x18,0x18,0x18,0x18,0x18,0x18,0x18,0x18,0x18,0x00,0x00,
  0x00,0x00,0x00,0x00,0x00,0x00,0x00,0x00,0x00,0x00,0x00,0x00,0x00,0x00,0x06,0x40,0x03,0xc0,0x0f,0x80,0x08,0xc0,0x0f,0xc0,
  0x1f,0xe0,0x38,0x60,0x30,0x30,0x60,0x30,0x60,0x30,0x60,0x30,0x60,0x30,0x60,0x30,0x30,0x30,0x38,0x60,0x1f,0xe0,0x0f,0x80,
  0x00,0x00,0x00,0x00,0x00,0x00,0x00,0x00,0x00,0x00,0x00,0x00,0x00,0x00,0x00,0x00,0x00,0x00,0x00,0x00,0x00,0x00,0x06,0x20,
  0x0f,0xe0,0x09,0xc0,0x00,0x00,0x37,0xc0,0x3f,0xe0,0x38,0x60,0x30,0x70,0x30,0x30,0x30,0x30,0x30,0x30,0x30,0x30,0x30,0x30,
  0x30,0x30,0x30,0x30,0x30,0x30,0x30,0x30,0x00,0x00,0x00,0x00,0x00,0x00,0x00,0x00,0x00,0x00,0x00,0x00,0x00,0x00,0x00,0x00,
  0x00,0x00,0x00,0x00,0x00,0x00,0x0c,0x00,0x06,0x00,0x02,0x00,0x00,0x00,0x0f,0x80,0x1f,0xe0,0x38,0x60,0x30,0x30,0x60,0x30,
  0x60,0x30,0x60,0x30,0x60,0x30,0x60,0x30,0x30,0x30,0x38,0x60,0x1f,0xe0,0x0f,0x80,0x00,0x00,0x00,0x00,0x00,0x00,0x00,0x00,
  0x00,0x00,0x00,0x00,0x00,0x00,0x00,0x00,0x00,0x00,0x00,0x00,0x00,0x00,0x01,0x80,0x03,0x00,0x02,0x00,0x00,0x00,0x0f,0x80,
  0x1f,0xe0,0x38,0x60,0x30,0x30,0x60,0x30,0x60,0x30,0x60,0x30,0x60,0x30,0x60,0x30,0x30,0x30,0x38,0x60,0x1f,0xe0,0x0f,0x80,
  0x00,0x00,0x00,0x00,0x00,0x00,0x00,0x00,0x00,0x00,0x00,0x00,0x00,0x00,0x00,0x00,0x00,0x00,0x00,0x00,0x00,0x00,0x07,0x00,
  0x05,0x80,0x0c,0xc0,0x00,0x00,0x0f,0x80,0x1f,0xe0,0x38,0x60,0x30,0x30,0x60,0x30,0x60,0x30,0x60,0x30,0x60,0x30,0x60,0x30,
  0x30,0x30,0x38,0x60,0x1f,0xe0,0x0f,0x80,0x00,0x00,0x00,0x00,0x00,0x00,0x00,0x00,0x00,0x00,0x00,0x00,0x00,0x00,0x00,0x00,
  0x00,0x00,0x00,0x00,0x00,0x00,0x0c,0x40,0x1f,0xc0,0x13,0x80,0x00,0x00,0x0f,0x80,0x1f,0xe0,0x38,0x60,0x30,0x30,0x60,0x30,
  0x60,0x30,0x60,0x30,0x60,0x30,0x60,0x30,0x30,0x30,0x38,0x60,0x1f,0xe0,0x0f,0x80,0x00,0x00,0x00,0x00,0x00,0x00,0x00,0x00,
  0x00,0x00,0x00,0x00,0x00,0x00,0x00,0x00,0x00,0x00,0x00,0x00,0x00,0x00,0x00,0x00,0x0c,0xc0,0x0c,0xc0,0x00,0x00,0x0f,0x80,
  0x1f,0xe0,0x38,0x60,0x30,0x30,0x60,0x30,0x60,0x30,0x60,0x30,0x60,0x30,0x60,0x30,0x30,0x30,0x38,0x60,0x1f,0xe0,0x0f,0x80,
  0x00,0x00,0x00,0x00,0x00,0x00,0x00,0x00,0x00,0x00,0x00,0x00,0x00,0x00,0x00,0x00,0x00,0x00,0x00,0x00,0x00,0x00,0x00,0x00,
  0x00,0x00,0x00,0x00,0x00,0x00,0x03,0x00,0x03,0x00,0x00,0x00,0x7f,0xf8,0x7f,0xf8,0x00,0x00,0x03,0x00,0x03,0x00,0x00,0x00,
  0x00,0x00,0x00,0x00,0x00,0x00,0x00,0x00,0x00,0x00,0x00,0x00,0x00,0x00,0x00,0x00,0x00,0x00,0x00,0x00,0x00,0x00,0x00,0x00,
  0x00,0x00,0x00,0x00,0x00,0x00,0x00,0x00,0x00,0x00,0x00,0x00,0x00,0x08,0x07,0x98,0x1f,0xf0,0x18,0x70,0x30,0x78,0x30,0xd8,
  0x31,0x98,0x31,0x18,0x32,0x18,0x36,0x18,0x3c,0x38,0x38,0x70,0x1f,0xe0,0x37,0xc0,0x20,0x00,0x00,0x00,0x00,0x00,0x00,0x00,
  0x00,0x00,0x00,0x00,0x00,0x00,0x00,0x00,0x00,0x00,0x00,0x00,0x00,0x00,0x06,0x00,0x03,0x00,0x01,0x00,0x00,0x00,0x30,0x30,
  0x30,0x30,0x30,0x30,0x30,0x30,0x30,0x30,0x30,0x30,0x30,0x30,0x30,0x30,0x30,0x30,0x30,0x70,0x38,0xf0,0x1f,0xf0,0x0f,0x30,
  0x00,0x00,0x00,0x00,0x00,0x00,0x00,0x00,0x00,0x00,0x00,0x00,0x00,0x00,0x00,0x00,0x00,0x00,0x00,0x00,0x00,0x00,0x01,0x80,
  0x03,0x00,0x02,0x00,0x00,0x00,0x30,0x30,0x30,0x30,0x30,0x30,0x30,0x30,0x30,0x30,0x30,0x30,0x30,0x30,0x30,0x30,0x30,0x30,
  0x30,0x70,0x38,0xf0,0x1f,0xf0,0x0f,0x30,0x00,0x00,0x00,0x00,0x00,0x00,0x00,0x00,0x00,0x00,0x00,0x00,0x00,0x00,0x00,0x00,
  0x00,0x00,0x00,0x00,0x00,0x00,0x07,0x80,0x07,0x80,0x0c,0xc0,0x00,0x00,0x30,0x30,0x30,0x30,0x30,0x30,0x30,0x30,0x30,0x30,
  0x30,0x30,0x30,0x30,0x30,0x30,0x30,0x30,0x30,0x70,0x38,0xf0,0x1f,0xf0,0x0f,0x30,0x00,0x00,0x00,0x00,0x00,0x00,0x00,0x00,
  0x00,0x00,0x00,0x00,0x00,0x00,0x00,0x00,0x00,0x00,0x00,0x00,0x00,0x00,0x00,0x00,0x18,0xc0,0x18,0xc0,0x00,0x00,0x30,0x30,
  0x30,0x30,0x30,0x30,0x30,0x30,0x30,0x30,0x30,0x30,0x30,0x30,0x30,0x30,0x30,0x30,0x30,0x70,0x38,0xf0,0x1f,0xf0,0x0f,0x30,
  0x00,0x00,0x00,0x00,0x00,0x00,0x00,0x00,0x00,0x00,0x00,0x00,0x00,0x00,0x00,0x00,0x00,0x00,0x00,0x00,0x00,0x00,0x01,0x80,
  0x03,0x00,0x02,0x00,0x00,0x00,0x60,0x60,0x60,0x60,0x20,0x60,0x30,0xc0,0x30,0xc0,0x10,0xc0,0x19,0x80,0x19,0x80,0x09,0x80,
  0x0d,0x00,0x0f,0x00,0x07,0x00,0x06,0x00,0x06,0x00,0x06,0x00,0x0c,0x00,0x7c,0x00,0x30,0x00,0x00,0x00,0x00,0x00,0x00,0x00,
  0x00,0x00,0x00,0x00,0x00,0x00,0x30,0x00,0x30,0x00,0x30,0x00,0x30,0x00,0x37,0x80,0x3f,0xe0,0x38,0x60,0x30,0x30,0x30,0x30,
  0x20,0x30,0x20,0x30,0x20,0x30,0x30,0x30,0x30,0x30,0x38,0x60,0x3f,0xe0,0x37,0x80,0x30,0x00,0x30,0x00,0x30,0x00,0x30,0x00,
  0x30,0x00,0x00,0x00,0x00,0x00,0x00,0x00,0x00,0x00,0x00,0x00,0x00,0x00,0x00,0x00,0x19,0x80,0x19,0x80,0x00,0x00,0x60,0x60,
  0x60,0x60,0x20,0x60,0x30,0xc0,0x30,0xc0,0x10,0xc0,0x19,0x80,0x19,0x80,0x09,0x80,0x0d,0x00,0x0f,0x00,0x07,0x00,0x06,0x00,
  0x06,0x00,0x06,0x00,0x0c,0x00,0x7c,0x00,0x30,0x00,0x00,0x00,
};
static const NextionGlyph nextion_font6_glyphs[224] PROGMEM = {
  {0,7,7,0,0},  // 32 
  {28,7,7,0,0},  // 33 '!'
  {56,9,9,0,0},  // 34 '"'
  {112,14,14,0,0},  // 35 '#'
  {168,14,14,0,0},  // 36 '$'
  {224,22,22,0,0},  // 37 '%'
  {308,17,17,0,0},  // 38 '&'
  {392,5,5,0,0},  // 39 "'"
  {420,9,9,0,0},  // 40 '('
  {476,9,9,0,0},  // 41 ')'
  {532,10,10,0,0},  // 42 '*'
  {588,15,15,0,0},  // 43 '+'
  {644,7,7,0,0},  // 44 ','
  {672,9,9,0,0},  // 45 '-'
  {728,7,7,0,0},  // 46 '.'
  {756,7,7,0,0},  // 47 '/'
  {784,14,14,0,0},  // 48 '0'
  {840,14,14,0,0},  // 49 '1'
  {896,14,14,0,0},  // 50 '2'
  {952,14,14,0,0},  // 51 '3'
  {1008,14,14,0,0},  // 52 '4'
  {1064,14,14,0,0},  // 53 '5'
  {1120,14,14,0,0},  // 54 '6'
  {1176,14,14,0,0},  // 55 '7'
  {1232,14,14,0,0},  // 56 '8'
  {1288,14,14,0,0},  // 57 '9'
  {1344,7,7,0,0},  // 58 ':'
  {1372,7,7,0,0},  // 59 ';'
  {1400,15,15,0,0},  // 60 '<'
  {1456,15,15,0,0},  // 61 '='
  {1512,15,15,0,0},  // 62 '>'
  {1568,14,14,0,0},  // 63 '?'
  {1624,25,25,0,0},  // 64 '@'
  {1736,17,18,1,0},  // 65 'A'
  {1820,17,17,0,0},  // 66 'B'
  {1904,18,18,0,0},  // 67 'C'
  {1988,18,18,0,0},  // 68 'D'
  {2072,17,17,0,0},  // 69 'E'
  {2156,15,15,0,0},  // 70 'F'
  {2212,19,19,0,0},  // 71 'G'
  {2296,18,18,0,0},  // 72 'H'
  {2380,7,7,0,0},  // 73 'I'
  {2408,13,13,0,0},  // 74 'J'
  {2464,17,17,0,0},  // 75 'K'
  {2548,14,14,0,0},  // 76 'L'
  {2604,21,21,0,0},  // 77 'M'
  {2688,18,18,0,0},  // 78 'N'
  {2772,19,19,0,0},  // 79 'O'
  {2856,17,17,0,0},  // 80 'P'
  {2940,19,19,0,0},  // 81 'Q'
  {3024,18,18,0,0},  // 82 'R'
  {3108,17,17,0,0},  // 83 'S'
  {3192,15,15,0,0},  // 84 'T'
  {3248,18,18,0,0},  // 85 'U'
  {3332,17,17,0,0},  // 86 'V'
  {3416,23,23,0,0},  // 87 'W'
  {3500,17,17,0,0},  // 88 'X'
  {3584,17,17,0,0},  // 89 'Y'
  {3668,15,15,0,0},  // 90 'Z'
  {3724,7,7,0,0},  // 91 '['
  {3752,7,7,0,0},  // 92 '\\'
  {3780,7,7,0,0},  // 93 ']'
  {3808,12,12,0,0},  // 94 '^'
  {3864,14,15,1,0},  // 95 '_'
  {3920,9,9,0,0},  // 96 '`'
  {3976,14,14,0,0},  // 97 'a'
  {4032,14,14,0,0},  // 98 'b'
  {4088,13,13,0,0},  // 99 'c'
  {4144,14,14,0,0},  // 100 'd'
  {4200,14,14,0,0},  // 101 'e'
  {4256,7,8,0,1},  // 102 'f'
  {4284,14,14,0,0},  // 103 'g'
  {4340,14,14,0,0},  // 104 'h'
  {4396,6,6,0,0},  // 105 'i'
  {4424,6,7,1,0},  // 106 'j'
  {4452,13,13,0,0},  // 107 'k'
  {4508,6,6,0,0},  // 108 'l'
  {4536,21,21,0,0},  // 109 'm'
  {4620,14,14,0,0},  // 110 'n'
  {4676,14,14,0,0},  // 111 'o'
  {4732,14,14,0,0},  // 112 'p'
  {4788,14,14,0,0},  // 113 'q'
  {4844,9,9,0,0},  // 114 'r'
  {4900,13,13,0,0},  // 115 's'
  {4956,7,7,0,0},  // 116 't'
  {4984,14,14,0,0},  // 117 'u'
  {5040,13,13,0,0},  // 118 'v'
  {5096,18,18,0,0},  // 119 'w'
  {5180,13,13,0,0},  // 120 'x'
  {5236,13,13,0,0},  // 121 'y'
  {5292,13,13,0,0},  // 122 'z'
  {5348,9,9,0,0},  // 123 '{'
  {5404,7,7,0,0},  // 124 '|'
  {5432,9,9,0,0},  // 125 '}'
  {5488,15,15,0,0},  // 126 '~'
  {5544,14,14,0,0},  // 127 
  {5600,19,19,0,0},  // 128 
  {5684,19,19,0,0},  // 129 
  {5768,19,19,0,0},  // 130 
  {5852,19,19,0,0},  // 131 
  {5936,7,15,0,8},  // 132 
  {5992,1,1,0,0},  // 133 
  {6020,19,19,0,0},  // 134 
  {6104,19,19,0,0},  // 135 
  {6188,19,19,0,0},  // 136 
  {6272,19,19,0,0},  // 137 
  {6356,19,19,0,0},  // 138 
  {6440,19,19,0,0},  // 139 
  {6524,19,19,0,0},  // 140 
  {6608,19,19,0,0},  // 141 
  {6692,19,19,0,0},  // 142 
  {6776,19,19,0,0},  // 143 
  {6860,19,19,0,0},  // 144 
  {6944,19,19,0,0},  // 145 
  {7028,19,19,0,0},  // 146 
  {7112,19,19,0,0},  // 147 
  {7196,19,19,0,0},  // 148 
  {7280,19,19,0,0},  // 149 
  {7364,19,19,0,0},  // 150 
  {7448,19,19,0,0},  // 151 
  {7532,19,19,0,0},  // 152 
  {7616,19,19,0,0},  // 153 
  {7700,19,19,0,0},  // 154 
  {7784,19,19,0,0},  // 155 
  {7868,19,19,0,0},  // 156 
  {7952,19,19,0,0},  // 157 
  {8036,19,19,0,0},  // 158 
  {8120,19,19,0,0},  // 159 
  {8204,7,7,0,0},  // 160 
  {8232,9,9,0,0},  // 161 
  {8288,14,14,0,0},  // 162 
  {8344,14,14,0,0},  // 163 
  {8400,14,14,0,0},  // 164 
  {8456,14,14,0,0},  // 165 
  {8512,7,7,0,0},  // 166 
  {8540,14,14,0,0},  // 167 
  {8596,9,9,0,0},  // 168 
  {8652,18,18,0,0},  // 169 
  {8736,9,9,0,0},  // 170 
  {8792,14,14,0,0},  // 171 
  {8848,15,15,0,0},  // 172 
  {8904,1,1,0,0},  // 173 
  {8932,18,18,0,0},  // 174 
  {9016,14,15,1,0},  // 175 
  {9072,10,10,0,0},  // 176 
  {9128,14,14,0,0},  // 177 
  {9184,9,9,0,0},  // 178 
  {9240,9,9,0,0},  // 179 
  {9296,9,9,0,0},  // 180 
  {9352,14,14,0,0},  // 181 
  {9408,14,14,0,0},  // 182 
  {9464,9,9,0,0},  // 183 
  {9520,9,9,0,0},  // 184 
  {9576,9,9,0,0},  // 185 
  {9632,9,9,0,0},  // 186 
  {9688,14,14,0,0},  // 187 
  {9744,21,21,0,0},  // 188 
  {9828,21,21,0,0},  // 189 
  {9912,21,21,0,0},  // 190 
  {9996,15,15,0,0},  // 191 
  {10052,17,18,1,0},  // 192 
  {10136,17,18,1,0},  // 193 
  {10220,17,18,1,0},  // 194 
  {10304,17,18,1,0},  // 195 
  {10388,17,18,1,0},  // 196 
  {10472,17,18,1,0},  // 197 
  {10556,25,25,0,0},  // 198 
  {10668,18,18,0,0},  // 199 
  {10752,17,17,0,0},  // 200 
  {10836,17,17,0,0},  // 201 
  {10920,17,17,0,0},  // 202 
  {11004,17,17,0,0},  // 203 
  {11088,7,7,0,0},  // 204 
  {11116,7,7,0,0},  // 205 
  {11144,7,8,1,0},  // 206 
  {11172,7,8,1,0},  // 207 
  {11200,18,18,0,0},  // 208 
  {11284,18,18,0,0},  // 209 
  {11368,19,19,0,0},  // 210 
  {11452,19,19,0,0},  // 211 
  {11536,19,19,0,0},  // 212 
  {11620,19,19,0,0},  // 213 
  {11704,19,19,0,0},  // 214 
  {11788,15,15,0,0},  // 215 
  {11844,19,19,0,0},  // 216 
  {11928,18,18,0,0},  // 217 
  {12012,18,18,0,0},  // 218 
  {12096,18,18,0,0},  // 219 
  {12180,18,18,0,0},  // 220 
  {12264,17,17,0,0},  // 221 
  {12348,17,17,0,0},  // 222 
  {12432,15,15,0,0},  // 223 
  {12488,14,14,0,0},  // 224 
  {12544,14,14,0,0},  // 225 
  {12600,14,14,0,0},  // 226 
  {12656,14,14,0,0},  // 227 
  {12712,14,14,0,0},  // 228 
  {12768,14,14,0,0},  // 229 
  {12824,22,22,0,0},  // 230 
  {12908,13,13,0,0},  // 231 
  {12964,14,14,0,0},  // 232 
  {13020,14,14,0,0},  // 233 
  {13076,14,14,0,0},  // 234 
  {13132,14,14,0,0},  // 235 
  {13188,7,7,0,0},  // 236 
  {13216,7,7,0,0},  // 237 
  {13244,7,8,0,1},  // 238 
  {13272,7,8,1,0},  // 239 
  {13300,14,14,0,0},  // 240 
  {13356,14,14,0,0},  // 241 
  {13412,14,14,0,0},  // 242 
  {13468,14,14,0,0},  // 243 
  {13524,14,14,0,0},  // 244 
  {13580,14,14,0,0},  // 245 
  {13636,14,14,0,0},  // 246 
  {13692,14,14,0,0},  // 247 
  {13748,15,15,0,0},  // 248 
  {13804,14,14,0,0},  // 249 
  {13860,14,14,0,0},  // 250 
  {13916,14,14,0,0},  // 251 
  {13972,14,14,0,0},  // 252 
  {14028,13,13,0,0},  // 253 
  {14084,14,14,0,0},  // 254 
  {14140,13,13,0,0},  // 255 
};
static const NextionFont nextion_font6 = {28, 32, 255, 224, nextion_font6_glyphs, nextion_font6_bits, 14196};

static const NextionFont *const nextion_fonts[7] = { &nextion_font0, &nextion_font1, &nextion_font2, &nextion_font3, &nextion_font4, &nextion_font5, &nextion_font6 };
